Артикул,Наименование,Бренд,Цена,Продавец,Дата,URL
123727574,Apple iPhone 16 128Gb зеленый,Apple,435192,ALPHA,04.10.2026 | 14:55:41,https://kaspi.kz/shop/p/apple-iphone-16-128gb-nanosim-esim-zelenyi-123727574/?c=750000000
145467562,Apple iPhone 17 Pro 256Gb NanoSIM+eSIM серебристый,Apple,699483,CN-MARKET,04.10.2026 | 14:55:41,https://kaspi.kz/shop/p/apple-iphone-17-pro-256gb-nanosim-esim-serebristyi-145467562/?c=750000000
177318065,Смартфон Apple iPhone 18 Pro 512Gb NanoSIM+eSIM черный,Apple,1399990,MOBILE CITY 001,04.10.2026 | 14:55:41,https://kaspi.kz/shop/p/apple-iphone-18-pro-512gb-nanosim-esim-chernyi-177318065/?c=750000000
145438959,Apple iPhone 17 Pro 256Gb NanoSIM+eSIM темно-синий,Apple,693455,ТЕХНОГОРОД Верифицированный,04.10.2026 | 14:55:41,https://kaspi.kz/shop/p/apple-iphone-17-pro-256gb-nanosim-esim-temno-sinii-145438959/?c=750000000
145468241,Apple iPhone 17 Pro Max 256Gb NanoSIM+eSIM оранжевый,Apple,713681,VerifyTech - верифицированный,04.10.2026 | 14:55:41,https://kaspi.kz/shop/p/apple-iphone-17-pro-max-256gb-nanosim-esim-oranzhevyi-145468241/?c=750000000
177318181,iPhone 18 Pro 256GB Silver,Apple,849990,iSpace Apple Premium Partner,04.10.2026 | 14:55:41,https://kaspi.kz/shop/p/apple-iphone-18-pro-256gb-nanosim-esim-serebristyi-177318181/?c=750000000
177316418,iPhone 18 Pro 256GB Burgundy,Apple,849990,iSpace Apple Premium Partner,04.10.2026 | 14:55:41,https://kaspi.kz/shop/p/apple-iphone-18-pro-256gb-nanosim-esim-bordovyi-177316418/?c=750000000
145468150,Смартфон iPhone 17 Pro Max 256GB Silver MFYM4HX/A,Apple,739989,ABC Retail,04.10.2026 | 14:55:41,https://kaspi.kz/shop/p/apple-iphone-17-pro-max-256gb-nanosim-esim-serebristyi-145468150/?c=750000000
145467625,Apple iPhone 17 Pro 256Gb NanoSIM+eSIM оранжевый,Apple,685943,PhoneTech,04.10.2026 | 14:55:41,https://kaspi.kz/shop/p/apple-iphone-17-pro-256gb-nanosim-esim-oranzhevyi-145467625/?c=750000000
113137790,Apple iPhone 15 128Gb черный,Apple,395906,ALPHA,04.10.2026 | 14:55:41,https://kaspi.kz/shop/p/apple-iphone-15-128gb-nanosim-esim-chernyi-113137790/?c=750000000
177318415,Apple iPhone 18 Pro 512Gb NanoSIM+eSIM голубой,Apple,1169989,Fitspot ,04.10.2026 | 14:55:41,https://kaspi.kz/shop/p/apple-iphone-18-pro-512gb-nanosim-esim-goluboi-177318415/?c=750000000
177319119,iPhone 18 Pro Max 256GB Black,Apple,909990,iSpace Apple Premium Partner,04.10.2026 | 14:55:41,https://kaspi.kz/shop/p/apple-iphone-18-pro-max-256gb-nanosim-esim-chernyi-177319119/?c=750000000
177318761,iPhone 18 Pro Max 256GB Glacier,Apple,909990,iSpace Apple Premium Partner,04.10.2026 | 14:55:41,https://kaspi.kz/shop/p/apple-iphone-18-pro-max-256gb-nanosim-esim-goluboi-177318761/?c=750000000
113137931,Apple iPhone 15 256Gb NanoSIM+eSIM голубой,Apple,500813,TEXNO MARKET,04.10.2026 | 14:55:41,https://kaspi.kz/shop/p/apple-iphone-15-256gb-nanosim-esim-goluboi-113137931/?c=750000000
123890547,Apple iPhone 16 Pro Max 256Gb золотистый,Apple,654028,ALPHA,04.10.2026 | 14:55:41,https://kaspi.kz/shop/p/apple-iphone-16-pro-max-256gb-nanosim-esim-zolotistyi-123890547/?c=750000000
123726722,Смартфон Apple iPhone 16 128Gb NanoSIM+eSIM белый,Apple,447188,"ТОО ""TECHNIC PLUS""",04.10.2026 | 14:55:41,https://kaspi.kz/shop/p/apple-iphone-16-128gb-nanosim-esim-belyi-123726722/?c=750000000
123727182,Apple iPhone 16 128Gb фиолетовый,Apple,440092,LIEN,04.10.2026 | 14:55:41,https://kaspi.kz/shop/p/apple-iphone-16-128gb-nanosim-esim-fioletovyi-123727182/?c=750000000
145466665,Смартфон Apple iPhone 17 256Gb NanoSIM+eSIM фиолетовый,Apple,546230,iSeller,04.10.2026 | 14:55:41,https://kaspi.kz/shop/p/apple-iphone-17-256gb-nanosim-esim-fioletovyi-145466665/?c=750000000
113138428,Apple iPhone 15 Pro Max 256Gb NanoSIM+eSIM синий,Apple,746081,Мобитайм,04.10.2026 | 14:55:54,https://kaspi.kz/shop/p/apple-iphone-15-pro-max-256gb-nanosim-esim-sinii-113138428/?c=750000000
148442483,Apple iPhone 17 256Gb Dual eSim фиолетовый,Apple,520035,ALPHA,04.10.2026 | 14:55:54,https://kaspi.kz/shop/p/apple-iphone-17-256gb-dual-esim-fioletovyi-148442483/?c=750000000
145467681,Смартфон Apple iPhone 17 Pro 1024Gb NanoSIM+eSIM оранжевый,Apple,887110,TULPAR STORE,04.10.2026 | 14:55:54,https://kaspi.kz/shop/p/apple-iphone-17-pro-1024gb-nanosim-esim-oranzhevyi-145467681/?c=750000000
123890381,Apple iPhone 16 Pro Max 1Tb NanoSIM+eSIM черный,Apple,803365,BERLIN,04.10.2026 | 14:55:54,https://kaspi.kz/shop/p/apple-iphone-16-pro-max-1tb-nanosim-esim-chernyi-123890381/?c=750000000
124337884,Смартфон Apple iPhone 16 128Gb Dual eSim черный,Apple,450000,Apple-Plus,04.10.2026 | 14:55:54,https://kaspi.kz/shop/p/apple-iphone-16-128gb-dual-esim-chernyi-124337884/?c=750000000
124338543,Apple iPhone 16 Pro Max 256Gb Dual eSim серебристый,Apple,754000,ZAKSTOR,04.10.2026 | 14:55:54,https://kaspi.kz/shop/p/apple-iphone-16-pro-max-256gb-dual-esim-serebristyi-124338543/?c=750000000
113138420,Apple iPhone 15 Pro Max 256Gb NanoSIM+eSIM серый,Apple,717777,CN-MARKET,04.10.2026 | 14:55:54,https://kaspi.kz/shop/p/apple-iphone-15-pro-max-256gb-nanosim-esim-seryi-113138420/?c=750000000
148442876,Apple iPhone 17 256Gb Dual eSim черный,Apple,532954,WORLD  Верифицированных IMEI,04.10.2026 | 14:55:54,https://kaspi.kz/shop/p/apple-iphone-17-256gb-dual-esim-chernyi-148442876/?c=750000000
113138331,Apple iPhone 15 Pro 256Gb NanoSIM+eSIM синий,Apple,795999,Мобитайм,04.10.2026 | 14:55:54,https://kaspi.kz/shop/p/apple-iphone-15-pro-256gb-nanosim-esim-sinii-113138331/?c=750000000
113138461,Apple iPhone 15 Pro Max 512Gb NanoSIM+eSIM серый,Apple,829657,Мобитайм,04.10.2026 | 14:55:54,https://kaspi.kz/shop/p/apple-iphone-15-pro-max-512gb-nanosim-esim-seryi-113138461/?c=750000000
145468599,Apple iPhone Air 256Gb голубой,Apple,526574,ALPHA,04.10.2026 | 14:55:54,https://kaspi.kz/shop/p/apple-iphone-air-256gb-goluboi-145468599/?c=750000000
148424821,Apple iPhone 17 Pro 512Gb Dual eSim темно-синий,Apple,791382,Mobile Planet,04.10.2026 | 14:55:54,https://kaspi.kz/shop/p/apple-iphone-17-pro-512gb-dual-esim-temno-sinii-148424821/?c=750000000
123726806,Apple iPhone 16 128Gb розовый,Apple,459994,ALPHA,04.10.2026 | 14:56:02,https://kaspi.kz/shop/p/apple-iphone-16-128gb-nanosim-esim-rozovyi-123726806/?c=750000000
148425720,Apple iPhone 17 Pro 256Gb Dual eSim серебристый,Apple,673370,ТЕХНОГОРОД Верифицированный,04.10.2026 | 14:56:04,https://kaspi.kz/shop/p/apple-iphone-17-pro-256gb-dual-esim-serebristyi-148425720/?c=750000000
123787551,Смартфон Apple iPhone 16 Pro Max 256Gb NanoSIM+eSIM черный,Apple,817775,Joanna,04.10.2026 | 14:56:09,https://kaspi.kz/shop/p/apple-iphone-16-pro-max-256gb-nanosim-esim-chernyi-123787551/?c=750000000
113933011,Apple iPhone 15 128 Gb Dual Sim черный,Apple,436999,ZAKSTOR,04.10.2026 | 14:56:11,https://kaspi.kz/shop/p/apple-iphone-15-128-gb-dual-sim-chernyi-113933011/?c=750000000
145466661,Apple iPhone 17 512Gb черный,Apple,637721,ALPHA,04.10.2026 | 14:56:11,https://kaspi.kz/shop/p/apple-iphone-17-512gb-nanosim-esim-chernyi-145466661/?c=750000000
102298977,Смартфон Apple iPhone 13 Pro Max 256Gb NanoSIM+eSIM серый,Apple,599999,OZEN,04.10.2026 | 14:56:11,https://kaspi.kz/shop/p/apple-iphone-13-pro-max-256gb-nanosim-esim-seryi-102298977/?c=750000000
123776586,Apple iPhone 16 Plus 256Gb NanoSIM+eSIM зеленый,Apple,540565,1Bay,04.10.2026 | 14:56:11,https://kaspi.kz/shop/p/apple-iphone-16-plus-256gb-nanosim-esim-zelenyi-123776586/?c=750000000
113138214,Apple iPhone 15 Pro 512Gb NanoSIM+eSIM серый,Apple,807694,Мобитайм,04.10.2026 | 14:56:11,https://kaspi.kz/shop/p/apple-iphone-15-pro-512gb-nanosim-esim-seryi-113138214/?c=750000000
102298380,Apple iPhone 13 256Gb NanoSIM+eSIM синий,Apple,529990,Mobile_Shop,04.10.2026 | 14:56:11,https://kaspi.kz/shop/p/apple-iphone-13-256gb-nanosim-esim-sinii-102298380/?c=750000000
177318181,iPhone 18 Pro 256GB Silver,Apple,849990,iSpace Apple Premium Partner,04.10.2026 | 14:56:11,https://kaspi.kz/shop/p/apple-iphone-18-pro-256gb-nanosim-esim-serebristyi-177318181/?c=750000000
135186516,Apple iPhone 16e 256Gb NanoSIM+eSIM черный,Apple,534808,GadgetON,04.10.2026 | 14:56:11,https://kaspi.kz/shop/p/apple-iphone-16e-256gb-nanosim-esim-chernyi-135186516/?c=750000000
135186217,Apple iPhone 16e 256Gb NanoSIM+eSIM белый,Apple,494999,GadgetON,04.10.2026 | 14:56:11,https://kaspi.kz/shop/p/apple-iphone-16e-256gb-nanosim-esim-belyi-135186217/?c=750000000
113138453,Apple iPhone 15 Pro Max 512Gb NanoSIM+eSIM синий,Apple,790077,NIKA SHOP,04.10.2026 | 14:56:11,https://kaspi.kz/shop/p/apple-iphone-15-pro-max-512gb-nanosim-esim-sinii-113138453/?c=750000000
124338820,Apple iPhone 16 256Gb Dual eSim черный,Apple,607999,ZAKSTOR,04.10.2026 | 14:56:11,https://kaspi.kz/shop/p/apple-iphone-16-256gb-dual-esim-chernyi-124338820/?c=750000000
145468555,Apple iPhone Air 512Gb золотистый,Apple,588090,ALPHA,04.10.2026 | 14:56:11,https://kaspi.kz/shop/p/apple-iphone-air-512gb-zolotistyi-145468555/?c=750000000
124338805,Apple iPhone 16 128Gb Dual eSim зеленый,Apple,507699,Mobile_Shop,04.10.2026 | 14:56:20,https://kaspi.kz/shop/p/apple-iphone-16-128gb-dual-esim-zelenyi-124338805/?c=750000000
124338262,Apple iPhone 16 Pro 128Gb Dual eSim золотистый,Apple,707300,UMMAH STORE,04.10.2026 | 14:56:20,https://kaspi.kz/shop/p/apple-iphone-16-pro-128gb-dual-esim-zolotistyi-124338262/?c=750000000
123888843,Apple iPhone 16 Pro 1Tb NanoSIM+eSIM белый,Apple,989000,MOBILS,04.10.2026 | 14:56:20,https://kaspi.kz/shop/p/apple-iphone-16-pro-1tb-nanosim-esim-belyi-123888843/?c=750000000
121692148,Apple iPhone 15 256Gb Dual eSim черный,Apple,518000,UMMAH STORE,04.10.2026 | 14:56:20,https://kaspi.kz/shop/p/apple-iphone-15-256gb-dual-esim-chernyi-121692148/?c=750000000
140044494,Смартфон Apple iPhone 16 Pro 256Gb Dual Sim черный,Apple,699933,OZEN,04.10.2026 | 14:56:20,https://kaspi.kz/shop/p/apple-iphone-16-pro-256gb-dual-sim-chernyi-140044494/?c=750000000
124338596,Apple iPhone 16 Plus 128Gb Dual eSim черный,Apple,627996,Mobile_Shop,04.10.2026 | 14:56:20,https://kaspi.kz/shop/p/apple-iphone-16-plus-128gb-dual-esim-chernyi-124338596/?c=750000000
177319119,iPhone 18 Pro Max 256GB Black,Apple,909990,iSpace Apple Premium Partner,04.10.2026 | 14:56:20,https://kaspi.kz/shop/p/apple-iphone-18-pro-max-256gb-nanosim-esim-chernyi-177319119/?c=750000000
177318415,Apple iPhone 18 Pro 512Gb NanoSIM+eSIM голубой,Apple,1169989,Fitspot ,04.10.2026 | 14:56:20,https://kaspi.kz/shop/p/apple-iphone-18-pro-512gb-nanosim-esim-goluboi-177318415/?c=750000000
102298432,Apple iPhone 13 256Gb NanoSIM+eSIM красный,Apple,529990,Mobile_Shop,04.10.2026 | 14:56:20,https://kaspi.kz/shop/p/apple-iphone-13-256gb-nanosim-esim-krasnyi-102298432/?c=750000000
148426997,Apple iPhone 17 Pro Max 2Tb Dual eSim серебристый,Apple,1218413,Sirius,04.10.2026 | 14:56:20,https://kaspi.kz/shop/p/apple-iphone-17-pro-max-2tb-dual-esim-serebristyi-148426997/?c=750000000
107734543,Apple iPhone 14 128Gb Dual Sim черный,Apple,421000,UMMAH STORE,04.10.2026 | 14:56:20,https://kaspi.kz/shop/p/apple-iphone-14-128gb-dual-sim-chernyi-107734543/?c=750000000
148445160,Apple iPhone 17 512Gb Dual eSim черный,Apple,623671,ALPHA,04.10.2026 | 14:56:20,https://kaspi.kz/shop/p/apple-iphone-17-512-gb-dual-esim-chernyi-148445160/?c=750000000
106363158,Смартфон Apple iPhone 14 128Gb NanoSIM+eSIM красный,Apple,430000,MOBILNIK.KZ,04.10.2026 | 14:56:37,https://kaspi.kz/shop/p/apple-iphone-14-128gb-nanosim-esim-krasnyi-106363158/?c=750000000
123775957,Apple iPhone 16 Plus 128Gb NanoSIM+eSIM розовый,Apple,574073,GadgetON,04.10.2026 | 14:56:37,https://kaspi.kz/shop/p/apple-iphone-16-plus-128gb-nanosim-esim-rozovyi-123775957/?c=750000000
143567317,Apple iPhone 16 256Gb NanoSIM+eSIM белый + подарок,Apple,657777,CN-MARKET,04.10.2026 | 14:56:37,https://kaspi.kz/shop/p/apple-iphone-16-256gb-nanosim-esim-belyi-podarok-143567317/?c=750000000
143582377,Смартфон Apple iPhone 13 128Gb NanoSIM+eSIM темно-синий + подарок,Apple,445900,UMMAH STORE 2,04.10.2026 | 14:56:37,https://kaspi.kz/shop/p/apple-iphone-13-128gb-nanosim-esim-temno-sinii-podarok-143582377/?c=750000000
113589060,Смартфон Apple iPhone 15 Pro 128Gb Dual Sim черный,Apple,599993,OZEN,04.10.2026 | 14:56:37,https://kaspi.kz/shop/p/apple-iphone-15-pro-128gb-dual-sim-chernyi-113589060/?c=750000000
122062592,Apple iPhone 14 128Gb Dual eSim голубой,Apple,408000,UMMAH STORE,04.10.2026 | 14:56:37,https://kaspi.kz/shop/p/apple-iphone-14-128gb-dual-esim-goluboi-122062592/?c=750000000
152025050,Apple iPhone 17 Pro Max 256Gb Dual eSim оранжевый + подарок,Apple,760048,GadgetON,04.10.2026 | 14:56:37,https://kaspi.kz/shop/p/apple-iphone-17-pro-max-256gb-dual-esim-oranzhevyi-podarok-152025050/?c=750000000
116157108,Apple iPhone 15 256Gb Dual Sim синий,Apple,539000,UMMAH STORE,04.10.2026 | 14:56:37,https://kaspi.kz/shop/p/apple-iphone-15-256gb-dual-sim-sinii-116157108/?c=750000000
152005225,Смартфон Apple iPhone 17 Pro 256Gb Dual eSim синий + подарок,Apple,735671,MOBILS,04.10.2026 | 14:56:37,https://kaspi.kz/shop/p/apple-iphone-17-pro-256gb-dual-esim-sinii-podarok-152005225/?c=750000000
106363170,Apple iPhone 14 Plus 128Gb NanoSIM+eSIM черный,Apple,439989,GadgetON,04.10.2026 | 14:56:37,https://kaspi.kz/shop/p/apple-iphone-14-plus-128gb-nanosim-esim-chernyi-106363170/?c=750000000
106363230,Apple iPhone 14 Plus 512Gb NanoSIM+eSIM сиреневый,Apple,492254,GadgetON,04.10.2026 | 14:56:37,https://kaspi.kz/shop/p/apple-iphone-14-plus-512gb-nanosim-esim-sirenevyi-106363230/?c=750000000
148444724,Apple iPhone 17 512Gb Dual eSim голубой,Apple,616629,ALPHA,04.10.2026 | 14:56:37,https://kaspi.kz/shop/p/apple-iphone-17-512gb-dual-esim-goluboi-148444724/?c=750000000
152025555,Apple iPhone 17 Pro Max 512Gb Dual eSim оранжевый + подарок,Apple,882812,PhoneKZ,04.10.2026 | 14:56:52,https://kaspi.kz/shop/p/apple-iphone-17-pro-max-512gb-dual-esim-oranzhevyi-podarok-152025555/?c=750000000
177318065,Смартфон Apple iPhone 18 Pro 512Gb NanoSIM+eSIM черный,Apple,1399990,MOBILE CITY 001,04.10.2026 | 14:56:52,https://kaspi.kz/shop/p/apple-iphone-18-pro-512gb-nanosim-esim-chernyi-177318065/?c=750000000
124338609,Apple iPhone 16 Plus 256Gb Dual eSim черный,Apple,619495,Mobile_Shop,04.10.2026 | 14:56:52,https://kaspi.kz/shop/p/apple-iphone-16-plus-256gb-dual-esim-chernyi-124338609/?c=750000000
113137984,Apple iPhone 15 512Gb NanoSIM+eSIM зеленый,Apple,508780,GadgetON,04.10.2026 | 14:56:52,https://kaspi.kz/shop/p/apple-iphone-15-512gb-nanosim-esim-zelenyi-113137984/?c=750000000
113138036,Apple iPhone 15 Plus 256Gb NanoSIM+eSIM черный,Apple,579000,Мобитайм,04.10.2026 | 14:56:52,https://kaspi.kz/shop/p/apple-iphone-15-plus-256gb-nanosim-esim-chernyi-113138036/?c=750000000
152005104,Apple iPhone 17 Pro 256Gb Dual eSim серебристый + подарок (Яндекс Плюс 24 месяцев),Apple,699897,Sirius,04.10.2026 | 14:56:52,https://kaspi.kz/shop/p/apple-iphone-17-pro-256gb-dual-esim-serebristyi-podarok-152005104/?c=750000000
106363208,Apple iPhone 14 Plus 128Gb NanoSIM+eSIM сиреневый,Apple,490000,GadgetON,04.10.2026 | 14:56:52,https://kaspi.kz/shop/p/apple-iphone-14-plus-128gb-nanosim-esim-sirenevyi-106363208/?c=750000000
152022534,Apple iPhone 17 Pro Max 256Gb Dual eSim серебристый + подарок,Apple,767767,Lynx,04.10.2026 | 14:56:52,https://kaspi.kz/shop/p/apple-iphone-17-pro-max-256gb-dual-esim-serebristyi-podarok-152022534/?c=750000000
113589052,Смартфон Apple iPhone 15 Pro 256Gb Dual Sim черный,Apple,629999,OZEN,04.10.2026 | 14:56:52,https://kaspi.kz/shop/p/apple-iphone-15-pro-256gb-dual-sim-chernyi-113589052/?c=750000000
113137936,Apple iPhone 15 512Gb NanoSIM+eSIM голубой,Apple,541526,BERLIN,04.10.2026 | 14:56:52,https://kaspi.kz/shop/p/apple-iphone-15-512gb-nanosim-esim-goluboi-113137936/?c=750000000
177318761,iPhone 18 Pro Max 256GB Glacier,Apple,909990,iSpace Apple Premium Partner,04.10.2026 | 14:56:52,https://kaspi.kz/shop/p/apple-iphone-18-pro-max-256gb-nanosim-esim-goluboi-177318761/?c=750000000
113138051,Смартфон Apple iPhone 15 Plus 512Gb NanoSIM+eSIM голубой,Apple,537440,AG shop,04.10.2026 | 14:56:52,https://kaspi.kz/shop/p/apple-iphone-15-plus-512gb-nanosim-esim-goluboi-113138051/?c=750000000
143572882,Apple iPhone 16 Pro 128Gb NanoSIM+eSIM золотистый + подарок,Apple,698600,UMMAH STORE,04.10.2026 | 14:57:09,https://kaspi.kz/shop/p/apple-iphone-16-pro-128gb-nanosim-esim-zolotistyi-podarok-143572882/?c=750000000
115701533,Apple iPhone 15 256Gb Dual Sim розовый,Apple,600000,Mobile_Shop,04.10.2026 | 14:57:09,https://kaspi.kz/shop/p/apple-iphone-15-256gb-dual-sim-rozovyi-115701533/?c=750000000
152721050,Apple iPhone 17 Pro Max 1024Gb NanoSIM+eSIM серебристый + подарок,Apple,1185999,Lynx,04.10.2026 | 14:57:09,https://kaspi.kz/shop/p/apple-iphone-17-pro-max-1024gb-nanosim-esim-serebristyi-podarok-152721050/?c=750000000
143580120,Apple iPhone 14 128Gb NanoSIM+eSIM темно-синий + подарок,Apple,451000,UMMAH STORE,04.10.2026 | 14:57:09,https://kaspi.kz/shop/p/apple-iphone-14-128gb-nanosim-esim-temno-sinii-podarok-143580120/?c=750000000
152005701,Смартфон Apple iPhone 17 Pro 512Gb Dual eSim оранжевый + подарок,Apple,964195,SmartDuken,04.10.2026 | 14:57:09,https://kaspi.kz/shop/p/apple-iphone-17-pro-512gb-dual-esim-oranzhevyi-podarok-152005701/?c=750000000
143567548,Apple iPhone 16 256Gb NanoSIM+eSIM зеленый + подарок,Apple,588760,GadgetON,04.10.2026 | 14:57:09,https://kaspi.kz/shop/p/apple-iphone-16-256gb-nanosim-esim-zelenyi-podarok-143567548/?c=750000000
113138058,Смартфон Apple iPhone 15 Plus 256Gb NanoSIM+eSIM желтый,Apple,538054,ASR Market,04.10.2026 | 14:57:09,https://kaspi.kz/shop/p/apple-iphone-15-plus-256gb-nanosim-esim-zheltyi-113138058/?c=750000000
143568326,Apple iPhone 16 Pro Max 256Gb NanoSIM+eSIM серебристый + подарок,Apple,869990,Мобитайм,04.10.2026 | 14:57:09,https://kaspi.kz/shop/p/apple-iphone-16-pro-max-256gb-nanosim-esim-serebristyi-podarok-143568326/?c=750000000
124338633,Apple iPhone 16 Plus 128Gb Dual eSim белый,Apple,579989,ZAKSTOR,04.10.2026 | 14:57:09,https://kaspi.kz/shop/p/apple-iphone-16-plus-128gb-dual-esim-belyi-124338633/?c=750000000
152028751,Смартфон Apple iPhone 17 Pro Max 1024Gb Dual eSim синий + подарок,Apple,1114797,SmartDuken,04.10.2026 | 14:57:09,https://kaspi.kz/shop/p/apple-iphone-17-pro-max-1024gb-dual-esim-sinii-podarok-152028751/?c=750000000
113138057,Apple iPhone 15 Plus 128Gb NanoSIM+eSIM желтый,Apple,489750,GadgetON,04.10.2026 | 14:57:09,https://kaspi.kz/shop/p/apple-iphone-15-plus-128gb-nanosim-esim-zheltyi-113138057/?c=750000000
152006486,Apple iPhone 17 Pro 1024Gb Dual eSim синий + подарок,Apple,972813,CN-MARKET,04.10.2026 | 14:57:09,https://kaspi.kz/shop/p/apple-iphone-17-pro-1024gb-dual-esim-sinii-podarok-152006486/?c=750000000
152027603,iPhone Air 256Gb белый + подарок,Apple,689990,Lynx,04.10.2026 | 14:57:22,https://kaspi.kz/shop/p/apple-iphone-air-256gb-belyi-podarok-152027603/?c=750000000
147534436,Apple iPhone Air 256 APPLE_GIFT_USB_C_20W LightGold,Apple,605301,NOVAMART,04.10.2026 | 14:57:22,https://kaspi.kz/shop/p/apple-iphone-air-256gb-zolotistyi-podarok-147534436/?c=750000000
134791161,Apple iPhone 13 512Gb Dual Sim синий,Apple,529990,Mobile_Shop,04.10.2026 | 14:57:22,https://kaspi.kz/shop/p/apple-iphone-13-512gb-dual-sim-sinii-134791161/?c=750000000
124338681,Apple iPhone 16 Plus 256Gb Dual eSim розовый,Apple,583477,ZAKSTOR,04.10.2026 | 14:57:22,https://kaspi.kz/shop/p/apple-iphone-16-plus-256gb-dual-esim-rozovyi-124338681/?c=750000000
135186532,Apple iPhone 16e 512Gb NanoSIM+eSIM черный,Apple,456919,GadgetON,04.10.2026 | 14:57:22,https://kaspi.kz/shop/p/apple-iphone-16e-512gb-nanosim-esim-chernyi-135186532/?c=750000000
122062680,Смартфон Apple iPhone 14 256Gb Dual eSim голубой,Apple,519686,HanTech,04.10.2026 | 14:57:22,https://kaspi.kz/shop/p/apple-iphone-14-256gb-dual-esim-goluboi-122062680/?c=750000000
113138067,Apple iPhone 15 Plus 512Gb NanoSIM+eSIM зеленый,Apple,574233,GadgetON,04.10.2026 | 14:57:22,https://kaspi.kz/shop/p/apple-iphone-15-plus-512gb-nanosim-esim-zelenyi-113138067/?c=750000000
122062190,Смартфон Apple iPhone 14 256Gb Dual eSim бежевый,Apple,505121,HanTech,04.10.2026 | 14:57:22,https://kaspi.kz/shop/p/apple-iphone-14-256gb-dual-esim-bezhevyi-122062190/?c=750000000
152026808,Смартфон Apple iPhone 17 Pro Max 512Gb Dual eSim синий + подарок,Apple,863000,UMMAH STORE 2,04.10.2026 | 14:57:22,https://kaspi.kz/shop/p/apple-iphone-17-pro-max-512gb-dual-esim-sinii-podarok-152026808/?c=750000000
143873310,Смартфон Apple iPhone 15 256Gb NanoSIM+eSIM черный + подарок,Apple,545000,UMMAH STORE,04.10.2026 | 14:57:22,https://kaspi.kz/shop/p/apple-iphone-15-256gb-nanosim-esim-chernyi-podarok-143873310/?c=750000000
143577273,Apple iPhone 15 128Gb NanoSIM+eSIM розовый + подарок,Apple,478315,Мобитайм,04.10.2026 | 14:57:22,https://kaspi.kz/shop/p/apple-iphone-15-128gb-nanosim-esim-rozovyi-podarok-143577273/?c=750000000
121692857,Apple iPhone 15 256Gb Dual eSim розовый,Apple,629990,Mobile_Shop,04.10.2026 | 14:57:22,https://kaspi.kz/shop/p/apple-iphone-15-256gb-dual-esim-rozovyi-121692857/?c=750000000
143710717,Apple iPhone 16 Pro Max 1Tb NanoSIM+eSIM золотистый + подарок,Apple,1199998,Мобитайм,04.10.2026 | 14:57:32,https://kaspi.kz/shop/p/apple-iphone-16-pro-max-1tb-nanosim-esim-zolotistyi-podarok-143710717/?c=750000000
121703259,Apple iPhone 15 Pro Max 1Tb Dual eSim серый,Apple,899990,Mobile_Shop,04.10.2026 | 14:57:32,https://kaspi.kz/shop/p/apple-iphone-15-pro-max-1tb-dual-esim-seryi-121703259/?c=750000000
143873238,Смартфон Apple iPhone 15 128Gb NanoSIM+eSIM черный + подарок,Apple,477000,UMMAH STORE,04.10.2026 | 14:57:32,https://kaspi.kz/shop/p/apple-iphone-15-128gb-nanosim-esim-chernyi-podarok-143873238/?c=750000000
145467562,Apple iPhone 17 Pro 256Gb NanoSIM+eSIM серебристый,Apple,699483,CN-MARKET,04.10.2026 | 14:57:32,https://kaspi.kz/shop/p/apple-iphone-17-pro-256gb-nanosim-esim-serebristyi-145467562/?c=750000000
147533908,Apple iPhone Air 256 APPLE_GIFT_YA12 SpaceBlack,Apple,619477,NOVAMART,04.10.2026 | 14:57:32,https://kaspi.kz/shop/p/apple-iphone-air-256gb-chernyi-podarok-147533908/?c=750000000
143710745,Apple iPhone 16 Pro Max 256Gb NanoSIM+eSIM белый + подарок,Apple,940000,Мобитайм,04.10.2026 | 14:57:32,https://kaspi.kz/shop/p/apple-iphone-16-pro-max-256gb-nanosim-esim-belyi-podarok-143710745/?c=750000000
143710810,Apple iPhone 16 Pro Max 256Gb NanoSIM+eSIM серебристый + подарок,Apple,929998,Мобитайм,04.10.2026 | 14:57:32,https://kaspi.kz/shop/p/apple-iphone-16-pro-max-256gb-nanosim-esim-serebristyi-podarok-143710810/?c=750000000
145467625,Apple iPhone 17 Pro 256Gb NanoSIM+eSIM оранжевый,Apple,685943,PhoneTech,04.10.2026 | 14:57:32,https://kaspi.kz/shop/p/apple-iphone-17-pro-256gb-nanosim-esim-oranzhevyi-145467625/?c=750000000
1005122,Apple iPhone 11 128Gb NanoSIM+eSIM красный,Apple,399850,QazSeller,04.10.2026 | 14:57:32,https://kaspi.kz/shop/p/apple-iphone-11-128gb-nanosim-esim-krasnyi-1005122/?c=750000000
143873283,Смартфон Apple iPhone 15 128Gb NanoSIM+eSIM розовый + подарок,Apple,521500,Rose mobile,04.10.2026 | 14:57:32,https://kaspi.kz/shop/p/apple-iphone-15-128gb-nanosim-esim-rozovyi-podarok-143873283/?c=750000000
152030464,Apple iPhone 17 Pro Max 1024Gb Dual eSim серебристый + подарок,Apple,1212602,PhoneKZ,04.10.2026 | 14:57:32,https://kaspi.kz/shop/p/apple-iphone-17-pro-max-1024gb-dual-esim-serebristyi-podarok-152030464/?c=750000000
143711570,Apple iPhone 16 128Gb NanoSIM+eSIM зеленый + подарок,Apple,512590,Мобитайм,04.10.2026 | 14:57:32,https://kaspi.kz/shop/p/apple-iphone-16-128gb-nanosim-esim-zelenyi-podarok-143711570/?c=750000000
123728177,Apple iPhone 16 256Gb NanoSIM+eSIM черный,Apple,600000,ZAKSTOR,04.10.2026 | 14:57:42,https://kaspi.kz/shop/p/apple-iphone-16-256gb-nanosim-esim-chernyi-123728177/?c=750000000
102298404,Apple iPhone 13 128Gb NanoSIM+eSIM черный,Apple,374669,SmartZone,04.10.2026 | 14:57:42,https://kaspi.kz/shop/p/apple-iphone-13-128gb-nanosim-esim-chernyi-102298404/?c=750000000
145438959,Apple iPhone 17 Pro 256Gb темно-синий,Apple,693452,ALPHA,04.10.2026 | 14:57:42,https://kaspi.kz/shop/p/apple-iphone-17-pro-256gb-nanosim-esim-temno-sinii-145438959/?c=750000000
145466818,Apple iPhone 17 256Gb NanoSIM+eSIM белый,Apple,540596,Click Tech,04.10.2026 | 14:57:42,https://kaspi.kz/shop/p/apple-iphone-17-256gb-nanosim-esim-belyi-145466818/?c=750000000
145468241,Apple iPhone 17 Pro Max 256Gb NanoSIM+eSIM оранжевый,Apple,713681,VerifyTech - верифицированный,04.10.2026 | 14:57:42,https://kaspi.kz/shop/p/apple-iphone-17-pro-max-256gb-nanosim-esim-oranzhevyi-145468241/?c=750000000
148425828,Смартфон Apple iPhone 17 Pro Max 256Gb Dual eSim оранжевый,Apple,698079,Dora,04.10.2026 | 14:57:42,https://kaspi.kz/shop/p/apple-iphone-17-pro-max-256gb-dual-esim-oranzhevyi-148425828/?c=750000000
145468150,Смартфон iPhone 17 Pro Max 256GB Silver MFYM4HX/A,Apple,739989,ABC Retail,04.10.2026 | 14:57:42,https://kaspi.kz/shop/p/apple-iphone-17-pro-max-256gb-nanosim-esim-serebristyi-145468150/?c=750000000
145440732,Смартфон iPhone 17 Pro Max 256GB Deep Blue MFYP4HX/A,Apple,725999,ABC Retail,04.10.2026 | 14:57:42,https://kaspi.kz/shop/p/apple-iphone-17-pro-max-256gb-nanosim-esim-temno-sinii-145440732/?c=750000000
113137929,Apple iPhone 15 128Gb NanoSIM+eSIM голубой,Apple,387281,Sirius,04.10.2026 | 14:57:42,https://kaspi.kz/shop/p/apple-iphone-15-128gb-nanosim-esim-goluboi-113137929/?c=750000000
123713453,Apple iPhone 16 128Gb черный,Apple,445829,Sirius,04.10.2026 | 14:57:42,https://kaspi.kz/shop/p/apple-iphone-16-128gb-nanosim-esim-chernyi-123713453/?c=750000000
148425910,Apple iPhone 17 Pro Max 256Gb Dual eSim серебристый,Apple,722685,GadgetON,04.10.2026 | 14:57:42,https://kaspi.kz/shop/p/apple-iphone-17-pro-max-256gb-dual-esim-serebristyi-148425910/?c=750000000
148446946,Apple iPhone 17 Pro 256Gb Dual eSim оранжевый,Apple,669110,GadgetON,04.10.2026 | 14:57:42,https://kaspi.kz/shop/p/apple-iphone-17-pro-256gb-dual-esim-oranzhevyi-148446946/?c=750000000
148426174,Apple iPhone 17 Pro Max 512Gb Dual eSim оранжевый,Apple,790398,ALPHA,04.10.2026 | 14:57:52,https://kaspi.kz/shop/p/apple-iphone-17-pro-max-512gb-dual-esim-oranzhevyi-148426174/?c=750000000
113137897,Смартфон Apple iPhone 15 256Gb NanoSIM+eSIM черный,Apple,484650,Alloo,04.10.2026 | 14:57:52,https://kaspi.kz/shop/p/apple-iphone-15-256gb-nanosim-esim-chernyi-113137897/?c=750000000
106363023,Apple iPhone 14 128Gb NanoSIM+eSIM черный,Apple,391279,1Bay,04.10.2026 | 14:57:52,https://kaspi.kz/shop/p/apple-iphone-14-128gb-nanosim-esim-chernyi-106363023/?c=750000000
145467519,Apple iPhone 17 Pro 512 Silver,Apple,854395,NOVAMART,04.10.2026 | 14:57:52,https://kaspi.kz/shop/p/apple-iphone-17-pro-512gb-nanosim-esim-serebristyi-145467519/?c=750000000
145468140,Apple iPhone 17 Pro Max 512Gb NanoSIM+eSIM серебристый,Apple,925735,Click Tech,04.10.2026 | 14:57:52,https://kaspi.kz/shop/p/apple-iphone-17-pro-max-512gb-nanosim-esim-serebristyi-145468140/?c=750000000
148426100,Apple iPhone 17 Pro Max 256Gb Dual eSim темно-синий,Apple,724579,PhoneTech,04.10.2026 | 14:57:52,https://kaspi.kz/shop/p/apple-iphone-17-pro-max-256gb-dual-esim-temno-sinii-148426100/?c=750000000
145467626,Apple iPhone 17 Pro 512Gb NanoSIM+eSIM оранжевый,Apple,799935,PhoneTech,04.10.2026 | 14:57:52,https://kaspi.kz/shop/p/apple-iphone-17-pro-512gb-nanosim-esim-oranzhevyi-145467626/?c=750000000
113137949,Apple iPhone 15 128Gb NanoSIM+eSIM розовый,Apple,434983,PROFIT-ACTIVE,04.10.2026 | 14:57:52,https://kaspi.kz/shop/p/apple-iphone-15-128gb-nanosim-esim-rozovyi-113137949/?c=750000000
145309655,Apple iPhone 17 256Gb NanoSIM+eSIM голубой,Apple,536568,Sirius,04.10.2026 | 14:57:52,https://kaspi.kz/shop/p/apple-iphone-17-256gb-nanosim-esim-goluboi-145309655/?c=750000000
148424478,Apple iPhone 17 Pro 256Gb Dual eSim темно-синий,Apple,671778,WORLD  Верифицированных IMEI,04.10.2026 | 14:57:52,https://kaspi.kz/shop/p/apple-iphone-17-pro-256gb-dual-esim-temno-sinii-148424478/?c=750000000
145468227,Apple iPhone 17 Pro Max 512Gb оранжевый,Apple,874407,ALPHA,04.10.2026 | 14:57:52,https://kaspi.kz/shop/p/apple-iphone-17-pro-max-512gb-nanosim-esim-oranzhevyi-145468227/?c=750000000
145468049,Apple iPhone 17 Pro Max 512Gb NanoSIM+eSIM темно-синий,Apple,876396,1Bay,04.10.2026 | 14:57:52,https://kaspi.kz/shop/p/apple-iphone-17-pro-max-512gb-nanosim-esim-temno-sinii-145468049/?c=750000000
145468223,Смартфон Apple iPhone 17 Pro Max 1024Gb NanoSIM+eSIM оранжевый,Apple,1025140,iSeller,04.10.2026 | 14:58:09,https://kaspi.kz/shop/p/apple-iphone-17-pro-max-1024gb-nanosim-esim-oranzhevyi-145468223/?c=750000000
148426392,Смартфон Apple iPhone 17 Pro Max 512Gb Dual eSim темно-синий,Apple,809766,TULPAR STORE,04.10.2026 | 14:58:09,https://kaspi.kz/shop/p/apple-iphone-17-pro-max-512gb-dual-esim-temno-sinii-148426392/?c=750000000
146819175,Apple iPhone 17 256Gb Dual eSim белый,Apple,542540,TEXNO MARKET,04.10.2026 | 14:58:09,https://kaspi.kz/shop/p/apple-iphone-17-256gb-dual-esim-belyi-146819175/?c=750000000
106363265,Apple iPhone 14 Pro 256Gb NanoSIM+eSIM черный,Apple,857777,CN-MARKET,04.10.2026 | 14:58:09,https://kaspi.kz/shop/p/apple-iphone-14-pro-256gb-nanosim-esim-chernyi-106363265/?c=750000000
123730579,Apple iPhone 16 256Gb NanoSIM+eSIM белый,Apple,677777,CN-MARKET,04.10.2026 | 14:58:09,https://kaspi.kz/shop/p/apple-iphone-16-256gb-nanosim-esim-belyi-123730579/?c=750000000
123730867,Смартфон Apple iPhone 16 256Gb NanoSIM+eSIM розовый,Apple,644448,1Bay,04.10.2026 | 14:58:09,https://kaspi.kz/shop/p/apple-iphone-16-256gb-nanosim-esim-rozovyi-123730867/?c=750000000
148426301,Apple iPhone 17 Pro Max 512Gb Dual eSim серебристый,Apple,816957,VerifyTech - верифицированный,04.10.2026 | 14:58:09,https://kaspi.kz/shop/p/apple-iphone-17-pro-max-512gb-dual-esim-serebristyi-148426301/?c=750000000
145466867,Смартфон Apple iPhone 17 256Gb NanoSIM+eSIM зеленый,Apple,539034,ArrowXKZ,04.10.2026 | 14:58:09,https://kaspi.kz/shop/p/apple-iphone-17-256gb-nanosim-esim-zelenyi-145466867/?c=750000000
145468625,Apple iPhone Air 256Gb черный,Apple,519065,ALPHA,04.10.2026 | 14:58:09,https://kaspi.kz/shop/p/apple-iphone-air-256gb-chernyi-145468625/?c=750000000
145467425,Apple iPhone 17 Pro 512Gb NanoSIM+eSIM темно-синий,Apple,849769,WORLD  Верифицированных IMEI,04.10.2026 | 14:58:09,https://kaspi.kz/shop/p/apple-iphone-17-pro-512gb-nanosim-esim-temno-sinii-145467425/?c=750000000
123890752,Apple iPhone 16 Pro Max 256Gb NanoSIM+eSIM серебристый,Apple,810404,Мобитайм,04.10.2026 | 14:58:09,https://kaspi.kz/shop/p/apple-iphone-16-pro-max-256gb-nanosim-esim-serebristyi-123890752/?c=750000000
148425447,Apple iPhone 17 Pro 512Gb Dual eSim оранжевый,Apple,750494,ALPHA,04.10.2026 | 14:58:09,https://kaspi.kz/shop/p/apple-iphone-17-pro-512gb-dual-esim-oranzhevyi-148425447/?c=750000000
148426561,Apple iPhone 17 Pro Max 1024Gb Dual eSim оранжевый,Apple,890063,ALPHA,04.10.2026 | 14:58:18,https://kaspi.kz/shop/p/apple-iphone-17-pro-max-1024gb-dual-esim-oranzhevyi-148426561/?c=750000000
145468065,Apple iPhone 17 Pro Max 1024Gb NanoSIM+eSIM темно-синий,Apple,1009988,ИП ART-TELL,04.10.2026 | 14:58:18,https://kaspi.kz/shop/p/apple-iphone-17-pro-max-1024gb-nanosim-esim-temno-sinii-145468065/?c=750000000
113137951,Apple iPhone 15 256Gb розовый,Apple,478000,Mobile Land,04.10.2026 | 14:58:18,https://kaspi.kz/shop/p/apple-iphone-15-256gb-nanosim-esim-rozovyi-113137951/?c=750000000
148426774,Смартфон Apple iPhone 17 Pro Max 1024Gb Dual eSim темно-синий,Apple,908065,Dora,04.10.2026 | 14:58:18,https://kaspi.kz/shop/p/apple-iphone-17-pro-max-1024gb-dual-esim-temno-sinii-148426774/?c=750000000
145468171,Смартфон Apple iPhone 17 Pro Max 1024Gb NanoSIM+eSIM серебристый,Apple,1104990,Express_Market,04.10.2026 | 14:58:18,https://kaspi.kz/shop/p/apple-iphone-17-pro-max-1024gb-nanosim-esim-serebristyi-145468171/?c=750000000
106363150,Apple iPhone 14 128Gb NanoSIM+eSIM голубой,Apple,389445,KHAN MOBILE,04.10.2026 | 14:58:18,https://kaspi.kz/shop/p/apple-iphone-14-128gb-nanosim-esim-goluboi-106363150/?c=750000000
148425333,Apple iPhone 17 Pro 512Gb Dual eSim серебристый,Apple,789984,VerifyTech - верифицированный,04.10.2026 | 14:58:18,https://kaspi.kz/shop/p/apple-iphone-17-pro-512gb-dual-esim-serebristyi-148425333/?c=750000000
148444173,Apple iPhone 17 256Gb Dual eSim голубой,Apple,519133,ALPHA,04.10.2026 | 14:58:18,https://kaspi.kz/shop/p/apple-iphone-17-256gb-dual-esim-goluboi-148444173/?c=750000000
123888919,Смартфон Apple iPhone 16 Pro 128Gb NanoSIM+eSIM золотистый,Apple,706800,UMMAH STORE,04.10.2026 | 14:58:18,https://kaspi.kz/shop/p/apple-iphone-16-pro-128gb-nanosim-esim-zolotistyi-123888919/?c=750000000
148426624,Смартфон Apple iPhone 17 Pro Max 1024Gb Dual eSim серебристый,Apple,936617,Express_Market,04.10.2026 | 14:58:18,https://kaspi.kz/shop/p/apple-iphone-17-pro-max-1024gb-dual-esim-serebristyi-148426624/?c=750000000
135185112,Смартфон Apple iPhone 16e 128Gb NanoSIM+eSIM белый,Apple,369500,NOVKAZ,04.10.2026 | 14:58:18,https://kaspi.kz/shop/p/apple-iphone-16e-128gb-nanosim-esim-belyi-135185112/?c=750000000
135186486,Смартфон Apple iPhone 16e 128Gb черный,Apple,406510,Tehno Trade,04.10.2026 | 14:58:18,https://kaspi.kz/shop/p/apple-iphone-16e-128gb-nanosim-esim-chernyi-135186486/?c=750000000
106363245,Apple iPhone 14 Pro 128Gb NanoSIM+eSIM черный,Apple,579900,Khan Grоup,04.10.2026 | 14:58:27,https://kaspi.kz/shop/p/apple-iphone-14-pro-128gb-nanosim-esim-chernyi-106363245/?c=750000000
160189080,Apple iPhone 17e 256 Black,Apple,476146,NOVAMART,04.10.2026 | 14:58:27,https://kaspi.kz/shop/p/apple-iphone-17e-256gb-nanosim-esim-chernyi-160189080/?c=750000000
145468540,Apple iPhone Air 256Gb золотистый,Apple,520277,BERLIN,04.10.2026 | 14:58:27,https://kaspi.kz/shop/p/apple-iphone-air-256gb-zolotistyi-145468540/?c=750000000
113138213,Смартфон Apple iPhone 15 Pro 256Gb NanoSIM+eSIM серый,Apple,748900,UMMAH STORE,04.10.2026 | 14:58:27,https://kaspi.kz/shop/p/apple-iphone-15-pro-256gb-nanosim-esim-seryi-113138213/?c=750000000
123890593,Apple iPhone 16 Pro Max 512Gb NanoSIM+eSIM золотистый,Apple,801425,TOP_DEVICE,04.10.2026 | 14:58:27,https://kaspi.kz/shop/p/apple-iphone-16-pro-max-512gb-nanosim-esim-zolotistyi-123890593/?c=750000000
131015547,Apple iPhone 16 Pro 128Gb Dual Sim серебристый,Apple,669990,PhoneKZ,04.10.2026 | 14:58:27,https://kaspi.kz/shop/p/apple-iphone-16-pro-128gb-dual-sim-serebristyi-131015547/?c=750000000
102298364,Apple iPhone 13 128Gb NanoSIM+eSIM синий,Apple,529990,Mobile_Shop,04.10.2026 | 14:58:27,https://kaspi.kz/shop/p/apple-iphone-13-128gb-nanosim-esim-sinii-102298364/?c=750000000
140287393,Apple iPhone 16 Pro 128Gb Dual Sim белый,Apple,619655,Apple-Plus,04.10.2026 | 14:58:27,https://kaspi.kz/shop/p/apple-iphone-16-pro-128gb-dual-sim-belyi-140287393/?c=750000000
140898230,Смартфон Apple iPhone 16 Pro 128Gb Dual Sim золотистый,Apple,629999,Apple-Plus,04.10.2026 | 14:58:27,https://kaspi.kz/shop/p/apple-iphone-16-pro-128gb-dual-sim-zolotistyi-140898230/?c=750000000
145468501,Apple iPhone Air 256Gb белый,Apple,525807,ALPHA,04.10.2026 | 14:58:27,https://kaspi.kz/shop/p/apple-iphone-air-256gb-belyi-145468501/?c=750000000
145467476,Apple iPhone 17 Pro 1024Gb NanoSIM+eSIM серебристый,Apple,988796,VerifyTech - верифицированный,04.10.2026 | 14:58:27,https://kaspi.kz/shop/p/apple-iphone-17-pro-1024gb-nanosim-esim-serebristyi-145467476/?c=750000000
148442339,Смартфон Apple iPhone 17 256Gb Dual eSim зеленый,Apple,519608,iPlus Store,04.10.2026 | 14:58:27,https://kaspi.kz/shop/p/apple-iphone-17-256gb-dual-esim-zelenyi-148442339/?c=750000000
145468211,Apple iPhone 17 Pro Max 2Tb NanoSIM+eSIM оранжевый,Apple,1223183,PhoneKZ,04.10.2026 | 14:58:36,https://kaspi.kz/shop/p/apple-iphone-17-pro-max-2tb-nanosim-esim-oranzhevyi-145468211/?c=750000000
145467430,Apple iPhone 17 Pro 1024Gb NanoSIM+eSIM темно-синий,Apple,929867,CN-MARKET,04.10.2026 | 14:58:36,https://kaspi.kz/shop/p/apple-iphone-17-pro-1024gb-nanosim-esim-temno-sinii-145467430/?c=750000000
121691395,Смартфон Apple iPhone 15 128Gb Dual eSim черный,Apple,421940,Apple-Plus,04.10.2026 | 14:58:36,https://kaspi.kz/shop/p/apple-iphone-15-128gb-dual-esim-chernyi-121691395/?c=750000000
124338499,Apple iPhone 16 Pro Max 256Gb Dual eSim золотистый,Apple,701465,Apple-Plus,04.10.2026 | 14:58:36,https://kaspi.kz/shop/p/apple-iphone-16-pro-max-256gb-dual-esim-zolotistyi-124338499/?c=750000000
145468192,Apple iPhone 17 Pro Max 2Tb NanoSIM+eSIM серебристый,Apple,1268815,TOP_DEVICE,04.10.2026 | 14:58:36,https://kaspi.kz/shop/p/apple-iphone-17-pro-max-2tb-nanosim-esim-serebristyi-145468192/?c=750000000
123731287,Apple iPhone 16 256Gb NanoSIM+eSIM зеленый,Apple,548273,GadgetON,04.10.2026 | 14:58:36,https://kaspi.kz/shop/p/apple-iphone-16-256gb-nanosim-esim-zelenyi-123731287/?c=750000000
148425512,Смартфон Apple iPhone 17 Pro 1024Gb Dual eSim оранжевый,Apple,847581,Express_Market,04.10.2026 | 14:58:36,https://kaspi.kz/shop/p/apple-iphone-17-pro-1024gb-dual-esim-oranzhevyi-148425512/?c=750000000
160188663,iPhone 17e 256GB (Soft Pink),Apple,447990,Top-Sale,04.10.2026 | 14:58:36,https://kaspi.kz/shop/p/apple-iphone-17e-256gb-nanosim-esim-rozovyi-160188663/?c=750000000
123890421,Apple iPhone 16 Pro Max 256Gb NanoSIM+eSIM белый,Apple,889911,Click Tech,04.10.2026 | 14:58:36,https://kaspi.kz/shop/p/apple-iphone-16-pro-max-256gb-nanosim-esim-belyi-123890421/?c=750000000
123890344,Apple iPhone 16 Pro Max 512Gb NanoSIM+eSIM черный,Apple,839875,GadgetON,04.10.2026 | 14:58:36,https://kaspi.kz/shop/p/apple-iphone-16-pro-max-512gb-nanosim-esim-chernyi-123890344/?c=750000000
106363283,Apple iPhone 14 Pro 128Gb NanoSIM+eSIM фиолетовый,Apple,579900,Khan Grоup,04.10.2026 | 14:58:36,https://kaspi.kz/shop/p/apple-iphone-14-pro-128gb-nanosim-esim-fioletovyi-106363283/?c=750000000
160188852,Apple iPhone 17e 256Gb белый,Apple,442170,ALPHA,04.10.2026 | 14:58:36,https://kaspi.kz/shop/p/apple-iphone-17e-256gb-nanosim-esim-belyi-160188852/?c=750000000
113138191,Apple iPhone 15 Pro 256Gb NanoSIM+eSIM черный,Apple,797777,CN-MARKET,04.10.2026 | 14:58:45,https://kaspi.kz/shop/p/apple-iphone-15-pro-256gb-nanosim-esim-chernyi-113138191/?c=750000000
123744028,Apple iPhone 16 Plus 128Gb NanoSIM+eSIM черный,Apple,540653,Lynx,04.10.2026 | 14:58:45,https://kaspi.kz/shop/p/apple-iphone-16-plus-128gb-nanosim-esim-chernyi-123744028/?c=750000000
145466822,Смартфон Apple iPhone 17 512Gb NanoSIM+eSIM белый,Apple,899990,PROFIT-ACTIVE,04.10.2026 | 14:58:45,https://kaspi.kz/shop/p/apple-iphone-17-512gb-nanosim-esim-belyi-145466822/?c=750000000
143579622,Смартфон Apple iPhone 15 128Gb NanoSIM+eSIM черный + подарок,Apple,419975,MOBILS,04.10.2026 | 14:58:45,https://kaspi.kz/shop/p/apple-iphone-15-128gb-nanosim-esim-chernyi-podarok-143579622/?c=750000000
148425564,Смартфон Apple iPhone 17 Pro 1024Gb Dual eSim серебристый,Apple,887000,MOBILNIK.KZ,04.10.2026 | 14:58:45,https://kaspi.kz/shop/p/apple-iphone-17-pro-1024gb-dual-esim-serebristyi-148425564/?c=750000000
145468626,Apple iPhone Air 512Gb черный,Apple,600547,ALPHA,04.10.2026 | 14:58:45,https://kaspi.kz/shop/p/apple-iphone-air-512gb-chernyi-145468626/?c=750000000
145466664,Apple iPhone 17 512Gb NanoSIM+eSIM фиолетовый,Apple,689328,GadgetON,04.10.2026 | 14:58:46,https://kaspi.kz/shop/p/apple-iphone-17-512gb-nanosim-esim-fioletovyi-145466664/?c=750000000
123731034,Apple iPhone 16 256Gb NanoSIM+eSIM фиолетовый,Apple,579920,KHAN MOBILE,04.10.2026 | 14:58:46,https://kaspi.kz/shop/p/apple-iphone-16-256gb-nanosim-esim-fioletovyi-123731034/?c=750000000
123889795,Apple iPhone 16 Pro 128Gb серебристый,Apple,697700,UMMAH STORE,04.10.2026 | 14:58:46,https://kaspi.kz/shop/p/apple-iphone-16-pro-128gb-nanosim-esim-serebristyi-123889795/?c=750000000
145468104,Смартфон Apple iPhone 17 Pro Max 2Tb темно-синий,Apple,1198942,APG техникс,04.10.2026 | 14:58:46,https://kaspi.kz/shop/p/apple-iphone-17-pro-max-2tb-nanosim-esim-temno-sinii-145468104/?c=750000000
148426912,Apple iPhone 17 Pro Max 2Tb Dual eSim оранжевый,Apple,1143059,Sirius,04.10.2026 | 14:58:46,https://kaspi.kz/shop/p/apple-iphone-17-pro-max-2tb-dual-esim-oranzhevyi-148426912/?c=750000000
148425635,Apple iPhone 17 Pro 1024Gb Dual eSim темно-синий,Apple,878969,CN-MARKET,04.10.2026 | 14:58:46,https://kaspi.kz/shop/p/apple-iphone-17-pro-1024gb-dual-esim-temno-sinii-148425635/?c=750000000
106363267,Смартфон Apple iPhone 14 Pro 512Gb NanoSIM+eSIM черный,Apple,790000,1Bay,04.10.2026 | 14:58:57,https://kaspi.kz/shop/p/apple-iphone-14-pro-512gb-nanosim-esim-chernyi-106363267/?c=750000000
106363155,Apple iPhone 14 256Gb NanoSIM+eSIM голубой,Apple,529990,Mobile_Shop,04.10.2026 | 14:58:57,https://kaspi.kz/shop/p/apple-iphone-14-256gb-nanosim-esim-goluboi-106363155/?c=750000000
145468595,Apple iPhone Air 512Gb голубой,Apple,590018,ALPHA,04.10.2026 | 14:58:57,https://kaspi.kz/shop/p/apple-iphone-air-512gb-goluboi-145468595/?c=750000000
123890467,Смартфон Apple iPhone 16 Pro Max 512Gb NanoSIM+eSIM белый,Apple,828826,OZEN,04.10.2026 | 14:58:57,https://kaspi.kz/shop/p/apple-iphone-16-pro-max-512gb-nanosim-esim-belyi-123890467/?c=750000000
122033448,Apple iPhone 14 128Gb Dual eSim черный,Apple,400000,UMMAH STORE,04.10.2026 | 14:58:57,https://kaspi.kz/shop/p/apple-iphone-14-128gb-dual-esim-chernyi-122033448/?c=750000000
169542919,Apple iPhone 17 Pro 256 APPLE4_GIFT_A20W DeepBlue,Apple,731364,NOVAMART,04.10.2026 | 14:58:57,https://kaspi.kz/shop/p/apple-iphone-17-pro-12-gb-256-gb-temno-sinii-adapter-20vt-usb-c-169542919/?c=750000000
177317967,Смартфон iPhone 18 Pro 256GB Black MJRP4AF/A,Apple,849990,Evrika,04.10.2026 | 14:58:57,https://kaspi.kz/shop/p/apple-iphone-18-pro-256gb-nanosim-esim-chernyi-177317967/?c=750000000
113138222,Apple iPhone 15 Pro 128Gb NanoSIM+eSIM синий,Apple,837777,CN-MARKET,04.10.2026 | 14:58:57,https://kaspi.kz/shop/p/apple-iphone-15-pro-128gb-nanosim-esim-sinii-113138222/?c=750000000
113138363,Apple iPhone 15 Pro Max 256Gb NanoSIM+eSIM черный,Apple,735087,Мобитайм,04.10.2026 | 14:58:57,https://kaspi.kz/shop/p/apple-iphone-15-pro-max-256gb-nanosim-esim-chernyi-113138363/?c=750000000
145466522,Смартфон Apple iPhone 17 512Gb NanoSIM+eSIM голубой,Apple,690000,SMART TRADE,04.10.2026 | 14:58:57,https://kaspi.kz/shop/p/apple-iphone-17-512gb-nanosim-esim-goluboi-145466522/?c=750000000
177318388,Смартфон Apple / iPhone 18 Pro 256GB Glacier (MJRT4AF/A),Apple,849990,Sulpаk,04.10.2026 | 14:58:57,https://kaspi.kz/shop/p/apple-iphone-18-pro-256gb-nanosim-esim-goluboi-177318388/?c=750000000
145466872,Apple iPhone 17 512Gb NanoSIM+eSIM зеленый,Apple,687140,GadgetON,04.10.2026 | 14:58:57,https://kaspi.kz/shop/p/apple-iphone-17-512gb-nanosim-esim-zelenyi-145466872/?c=750000000
169542929,Apple iPhone 17 Pro 256 APPLE4_GIFT_A20W CosmicOrange,Apple,732662,NOVAMART,04.10.2026 | 14:59:51,https://kaspi.kz/shop/p/apple-iphone-17-pro-12-gb-256-gb-oranzhevyi-adapter-20vt-usb-c-169542929/?c=750000000
169543024,Apple iPhone 17 Pro Max 12 ГБ/256 ГБ темно-синий + Адаптер 20Вт USB-C,Apple,754465,Region верифицированный,04.10.2026 | 14:59:52,https://kaspi.kz/shop/p/apple-iphone-17-pro-max-12-gb-256-gb-temno-sinii-adapter-20vt-usb-c-169543024/?c=750000000
143567625,Apple iPhone 16 128Gb NanoSIM+eSIM черный + подарок,Apple,474000,UMMAH STORE,04.10.2026 | 14:59:52,https://kaspi.kz/shop/p/apple-iphone-16-128gb-nanosim-esim-chernyi-podarok-143567625/?c=750000000
143580585,Apple iPhone 15 128Gb NanoSIM+eSIM синий + подарок,Apple,403876,Amir.ON,04.10.2026 | 14:59:52,https://kaspi.kz/shop/p/apple-iphone-15-128gb-nanosim-esim-sinii-podarok-143580585/?c=750000000
169542974,Смартфон Apple iPhone 17 Pro 12 ГБ/256 ГБ серебристый + Адаптер 20Вт USB-C,Apple,733000,ИП МАРАЛОВА Л.М.,04.10.2026 | 14:59:52,https://kaspi.kz/shop/p/apple-iphone-17-pro-12-gb-256-gb-serebristyi-adapter-20vt-usb-c-169542974/?c=750000000
128746228,Смартфон Apple iPhone 16 Pro Max 256Gb Dual Sim черный,Apple,699990,OZEN,04.10.2026 | 14:59:52,https://kaspi.kz/shop/p/apple-iphone-16-pro-max-256gb-dual-sim-chernyi-128746228/?c=750000000
169543039,Apple iPhone 17 Pro Max 256 APPLE4_GIFT_A20W Silver,Apple,783948,NOVAMART,04.10.2026 | 14:59:52,https://kaspi.kz/shop/p/apple-iphone-17-pro-max-12-gb-256-gb-serebristyi-adapter-20vt-usb-c-169543039/?c=750000000
169542995,Смартфон Apple iPhone 17 Pro Max 12 ГБ/256 ГБ оранжевый + Адаптер 20Вт USB-C,Apple,732990,Technology,04.10.2026 | 14:59:52,https://kaspi.kz/shop/p/apple-iphone-17-pro-max-12-gb-256-gb-oranzhevyi-adapter-20vt-usb-c-169542995/?c=750000000
113138396,Apple iPhone 15 Pro Max 512Gb NanoSIM+eSIM черный,Apple,810777,CN-MARKET,04.10.2026 | 14:59:52,https://kaspi.kz/shop/p/apple-iphone-15-pro-max-512gb-nanosim-esim-chernyi-113138396/?c=750000000
123775652,Apple iPhone 16 Plus 256Gb NanoSIM+eSIM белый,Apple,550441,TOP_DEVICE,04.10.2026 | 14:59:52,https://kaspi.kz/shop/p/apple-iphone-16-plus-256gb-nanosim-esim-belyi-123775652/?c=750000000
148427416,Apple iPhone 17 Pro Max 2Tb Dual eSim темно-синий,Apple,1119795,Sirius,04.10.2026 | 14:59:52,https://kaspi.kz/shop/p/apple-iphone-17-pro-max-2tb-dual-esim-temno-sinii-148427416/?c=750000000
169542849,Смартфон Apple iPhone 17 8 ГБ/256 ГБ черный + Адаптер 20Вт USB-C,Apple,559543,ArrowXKZ,04.10.2026 | 14:59:52,https://kaspi.kz/shop/p/apple-iphone-17-8-gb-256-gb-chernyi-adapter-20vt-usb-c-169542849/?c=750000000
106363156,Apple iPhone 14 512Gb NanoSIM+eSIM голубой,Apple,474999,NIKA SHOP,04.10.2026 | 15:00:33,https://kaspi.kz/shop/p/apple-iphone-14-512gb-nanosim-esim-goluboi-106363156/?c=750000000
148444285,Apple iPhone 17 512Gb Dual eSim белый,Apple,637936,PhoneKZ,04.10.2026 | 15:00:33,https://kaspi.kz/shop/p/apple-iphone-17-512gb-dual-esim-belyi-148444285/?c=750000000
124338452,Apple iPhone 16 Pro Max 256Gb Dual eSim белый,Apple,727715,TOP_DEVICE,04.10.2026 | 15:00:33,https://kaspi.kz/shop/p/apple-iphone-16-pro-max-256gb-dual-esim-belyi-124338452/?c=750000000
123890803,Смартфон Apple iPhone 16 Pro Max 512Gb NanoSIM+eSIM серебристый,Apple,757000,MOBILNIK.KZ,04.10.2026 | 15:00:33,https://kaspi.kz/shop/p/apple-iphone-16-pro-max-512gb-nanosim-esim-serebristyi-123890803/?c=750000000
151761043,Смартфон Apple iPhone 17 Pro 256Gb Dual eSim оранжевый + подарок,Apple,734622,SmartDuken,04.10.2026 | 15:00:33,https://kaspi.kz/shop/p/apple-iphone-17-pro-256gb-dual-esim-oranzhevyi-podarok-151761043/?c=750000000
123745196,Apple iPhone 16 Plus 256Gb NanoSIM+eSIM черный,Apple,547766,Мобитайм,04.10.2026 | 15:00:33,https://kaspi.kz/shop/p/apple-iphone-16-plus-256gb-nanosim-esim-chernyi-123745196/?c=750000000
152720530,Apple iPhone 17 Pro Max 256 APPLE_GIFT_YA24 CosmicOrange,Apple,788899,NOVAMART,04.10.2026 | 15:00:33,https://kaspi.kz/shop/p/apple-iphone-17-pro-max-256gb-nanosim-esim-oranzhevyi-podarok-152720530/?c=750000000
113138184,Смартфон Apple iPhone 15 Pro 128Gb NanoSIM+eSIM серый,Apple,693986,Aslan Tel,04.10.2026 | 15:00:33,https://kaspi.kz/shop/p/apple-iphone-15-pro-128gb-nanosim-esim-seryi-113138184/?c=750000000
121703209,Смартфон Apple iPhone 15 Pro Max 256Gb Dual eSim серый,Apple,679999,Apple-Plus,04.10.2026 | 15:00:33,https://kaspi.kz/shop/p/apple-iphone-15-pro-max-256gb-dual-esim-seryi-121703209/?c=750000000
106363195,Apple iPhone 14 Plus 256Gb NanoSIM+eSIM черный,Apple,437441,GOLDEN_KZ,04.10.2026 | 15:00:33,https://kaspi.kz/shop/p/apple-iphone-14-plus-256gb-nanosim-esim-chernyi-106363195/?c=750000000
145438023,Apple iPhone Air 512Gb белый,Apple,604997,ALPHA,04.10.2026 | 15:00:33,https://kaspi.kz/shop/p/apple-iphone-air-512gb-belyi-145438023/?c=750000000
113138605,Apple iPhone 15 Pro Max 512Gb NanoSIM+eSIM белый,Apple,725059,GOLDEN_KZ,04.10.2026 | 15:00:33,https://kaspi.kz/shop/p/apple-iphone-15-pro-max-512gb-nanosim-esim-belyi-113138605/?c=750000000
107459758,Смартфон Apple iPhone 14 Pro 256Gb Dual Sim черный,Apple,574999,OZEN,04.10.2026 | 15:01:12,https://kaspi.kz/shop/p/apple-iphone-14-pro-256gb-dual-sim-chernyi-107459758/?c=750000000
113137974,Apple iPhone 15 128Gb NanoSIM+eSIM зеленый,Apple,600000,Mobile_Shop,04.10.2026 | 15:01:12,https://kaspi.kz/shop/p/apple-iphone-15-128gb-nanosim-esim-zelenyi-113137974/?c=750000000
106363222,Apple iPhone 14 Plus 256Gb NanoSIM+eSIM сиреневый,Apple,540717,GadgetON,04.10.2026 | 15:01:12,https://kaspi.kz/shop/p/apple-iphone-14-plus-256gb-nanosim-esim-sirenevyi-106363222/?c=750000000
131880206,Apple iPhone 16 128Gb Dual Sim черный,Apple,497990,SMART TRADE,04.10.2026 | 15:01:12,https://kaspi.kz/shop/p/apple-iphone-16-128gb-dual-sim-chernyi-131880206/?c=750000000
146090795,Смартфон Apple iPhone 17 8 ГБ/256 ГБ голубой + подарок,Apple,588819,SmartDuken,04.10.2026 | 15:01:12,https://kaspi.kz/shop/p/apple-iphone-17-8-gb-256-gb-goluboi-podarok-146090795/?c=750000000
124337961,Apple iPhone 16 128Gb Dual eSim белый,Apple,495460,Mobile_Shop,04.10.2026 | 15:01:12,https://kaspi.kz/shop/p/apple-iphone-16-128gb-dual-esim-belyi-124337961/?c=750000000
143567479,Apple iPhone 16 128Gb NanoSIM+eSIM белый + подарок,Apple,473600,UMMAH STORE,04.10.2026 | 15:01:12,https://kaspi.kz/shop/p/apple-iphone-16-128gb-nanosim-esim-belyi-podarok-143567479/?c=750000000
152024370,Смартфон Apple iPhone 17 Pro Max 256Gb Dual eSim синий + подарок,Apple,767179,MOBILS,04.10.2026 | 15:01:12,https://kaspi.kz/shop/p/apple-iphone-17-pro-max-256gb-dual-esim-sinii-podarok-152024370/?c=750000000
152720870,Смартфон Apple iPhone 17 Pro Max 256Gb NanoSIM+eSIM темно-синий + подарок,Apple,812003,MOBILS,04.10.2026 | 15:01:12,https://kaspi.kz/shop/p/apple-iphone-17-pro-max-256gb-nanosim-esim-temno-sinii-podarok-152720870/?c=750000000
113138285,Смартфон Apple iPhone 15 Pro 256Gb NanoSIM+eSIM белый,Apple,689998,VerifyTech - верифицированный,04.10.2026 | 15:01:12,https://kaspi.kz/shop/p/apple-iphone-15-pro-256gb-nanosim-esim-belyi-113138285/?c=750000000
152720530,Apple iPhone 17 Pro Max 256 APPLE_GIFT_YA24 CosmicOrange,Apple,788899,NOVAMART,04.10.2026 | 15:01:12,https://kaspi.kz/shop/p/apple-iphone-17-pro-max-256gb-nanosim-esim-oranzhevyi-podarok-152720530/?c=750000000
148445009,Apple iPhone 17 512Gb Dual eSim фиолетовый,Apple,679993,MEGAPHONE,04.10.2026 | 15:01:12,https://kaspi.kz/shop/p/apple-iphone-17-512gb-dual-esim-fioletovyi-148445009/?c=750000000
152720326,Apple iPhone 17 256Gb черный + подарок (Яндекс Плюс 24 месяцев),Apple,559900,Sirius,04.10.2026 | 15:01:20,https://kaspi.kz/shop/p/apple-iphone-17-256gb-nanosim-esim-chernyi-podarok-152720326/?c=750000000
123890646,Apple iPhone 16 Pro Max 1Tb золотистый,Apple,805020,Mobile Land,04.10.2026 | 15:01:20,https://kaspi.kz/shop/p/apple-iphone-16-pro-max-1tb-nanosim-esim-zolotistyi-123890646/?c=750000000
106363312,Apple iPhone 14 Pro 256Gb золотистый,Apple,857777,CN-MARKET,04.10.2026 | 15:01:20,https://kaspi.kz/shop/p/apple-iphone-14-pro-256gb-nanosim-esim-zolotistyi-106363312/?c=750000000
152720736,Смартфон Apple iPhone 17 Pro Max 256Gb NanoSIM+eSIM серебристый + подарок,Apple,811704,MOBILS,04.10.2026 | 15:01:20,https://kaspi.kz/shop/p/apple-iphone-17-pro-max-256gb-nanosim-esim-serebristyi-podarok-152720736/?c=750000000
106363222,Apple iPhone 14 Plus 256Gb NanoSIM+eSIM сиреневый,Apple,540717,GadgetON,04.10.2026 | 15:01:20,https://kaspi.kz/shop/p/apple-iphone-14-plus-256gb-nanosim-esim-sirenevyi-106363222/?c=750000000
114790867,Смартфон Apple iPhone 15 Pro 256Gb Dual Sim белый,Apple,629998,iStore KZ,04.10.2026 | 15:01:20,https://kaspi.kz/shop/p/apple-iphone-15-pro-256gb-dual-sim-belyi-114790867/?c=750000000
106363209,Apple iPhone 14 Plus 128Gb NanoSIM+eSIM бежевый,Apple,521853,GadgetON,04.10.2026 | 15:01:20,https://kaspi.kz/shop/p/apple-iphone-14-plus-128gb-nanosim-esim-bezhevyi-106363209/?c=750000000
152721148,Apple iPhone 17 Pro 256 APPLE_GIFT_YA24 Silver,Apple,753410,NOVAMART,04.10.2026 | 15:01:20,https://kaspi.kz/shop/p/apple-iphone-17-pro-256gb-nanosim-esim-serebristyi-podarok-152721148/?c=750000000
113589021,Смартфон Apple iPhone 15 Pro 256Gb Dual Sim серый,Apple,669999,OZEN,04.10.2026 | 15:01:20,https://kaspi.kz/shop/p/apple-iphone-15-pro-256gb-dual-sim-seryi-113589021/?c=750000000
152721139,Apple iPhone 17 Pro 256Gb оранжевый + подарок (Яндекс Плюс 24 месяцев),Apple,727002,Sirius,04.10.2026 | 15:01:20,https://kaspi.kz/shop/p/apple-iphone-17-pro-256gb-nanosim-esim-oranzhevyi-podarok-152721139/?c=750000000
106363141,Смартфон Apple iPhone 14 256Gb NanoSIM+eSIM сиреневый,Apple,441000,UMMAH STORE,04.10.2026 | 15:01:20,https://kaspi.kz/shop/p/apple-iphone-14-256gb-nanosim-esim-sirenevyi-106363141/?c=750000000
123776337,Apple iPhone 16 Plus 128Gb NanoSIM+eSIM синий,Apple,538443,Lynx,04.10.2026 | 15:01:21,https://kaspi.kz/shop/p/apple-iphone-16-plus-128gb-nanosim-esim-sinii-123776337/?c=750000000
163961550,Apple iPhone 17 256Gb черный + подарок,Apple,597260,Мобитайм,04.10.2026 | 15:01:29,https://kaspi.kz/shop/p/apple-iphone-17-256gb-chernyi-podarok-163961550/?c=750000000
124337999,Смартфон Apple iPhone 16 128Gb Dual eSim розовый,Apple,496700,UMMAH STORE 2,04.10.2026 | 15:01:29,https://kaspi.kz/shop/p/apple-iphone-16-128gb-dual-esim-rozovyi-124337999/?c=750000000
143577616,Apple iPhone 15 256 APPLE_GIFT_USB_C_20W Black,Apple,513993,NOVAMART,04.10.2026 | 15:01:29,https://kaspi.kz/shop/p/apple-iphone-15-256gb-nanosim-esim-chernyi-podarok-143577616/?c=750000000
113137983,Apple iPhone 15 256Gb NanoSIM+eSIM зеленый,Apple,507992,GadgetON,04.10.2026 | 15:01:29,https://kaspi.kz/shop/p/apple-iphone-15-256gb-nanosim-esim-zelenyi-113137983/?c=750000000
113587997,Apple iPhone 15 Pro Max 256Gb Dual Sim черный,Apple,649978,PhoneKZ,04.10.2026 | 15:01:29,https://kaspi.kz/shop/p/apple-iphone-15-pro-max-256gb-dual-sim-chernyi-113587997/?c=750000000
106363236,Смартфон Apple iPhone 14 Plus 512Gb NanoSIM+eSIM бежевый,Apple,548969,MOBILS,04.10.2026 | 15:01:29,https://kaspi.kz/shop/p/apple-iphone-14-plus-512gb-nanosim-esim-bezhevyi-106363236/?c=750000000
145468628,Смартфон Apple iPhone Air 1024Gb черный,Apple,711168,iNomad,04.10.2026 | 15:01:29,https://kaspi.kz/shop/p/apple-iphone-air-1024gb-chernyi-145468628/?c=750000000
113933974,Apple iPhone 15 128Gb Dual Sim синий,Apple,447499,ZAKSTOR,04.10.2026 | 15:01:29,https://kaspi.kz/shop/p/apple-iphone-15-128gb-dual-sim-sinii-113933974/?c=750000000
145468558,Смартфон Apple iPhone Air 1024Gb золотистый,Apple,774937,iNomad,04.10.2026 | 15:01:29,https://kaspi.kz/shop/p/apple-iphone-air-1024gb-zolotistyi-145468558/?c=750000000
113587925,Смартфон Apple iPhone 15 Pro Max 512Gb Dual Sim серый,Apple,679999,OZEN,04.10.2026 | 15:01:29,https://kaspi.kz/shop/p/apple-iphone-15-pro-max-512gb-dual-sim-seryi-113587925/?c=750000000
113587969,Apple iPhone 15 Pro Max 512Gb Dual Sim черный,Apple,679979,PhoneKZ,04.10.2026 | 15:01:29,https://kaspi.kz/shop/p/apple-iphone-15-pro-max-512gb-dual-sim-chernyi-113587969/?c=750000000
148444404,Apple iPhone 17 512Gb Dual eSim зеленый,Apple,619728,FORTUNA,04.10.2026 | 15:01:29,https://kaspi.kz/shop/p/apple-iphone-17-512gb-dual-esim-zelenyi-148444404/?c=750000000
152720206,Apple iPhone 17 256Gb голубой + подарок (Яндекс Плюс 24 месяцев),Apple,559900,Sirius,04.10.2026 | 15:01:38,https://kaspi.kz/shop/p/apple-iphone-17-256gb-nanosim-esim-goluboi-podarok-152720206/?c=750000000
167231531,Смартфон Apple iPhone 17 8 ГБ/256 ГБ черный + подарок,Apple,592824,AG shop,04.10.2026 | 15:01:38,https://kaspi.kz/shop/p/apple-iphone-17-8-gb-256-gb-chernyi-podarok-167231531/?c=750000000
154660564,Apple iPhone 17 256Gb черный + подарок (Яндекс Плюс 12 месяцев),Apple,559900,Sirius,04.10.2026 | 15:01:38,https://kaspi.kz/shop/p/apple-iphone-17-256gb-nanosim-esim-chernyi-podarok-154660564/?c=750000000
167231243,Apple iPhone 17 256Gb белый +подарок(Apple EarPods USB-C+Apple Power Adapter 20W+Яндекс 12 месяцев),Apple,583973,Click - Верифицированный IMEI,04.10.2026 | 15:01:38,https://kaspi.kz/shop/p/apple-iphone-17-8-gb-256-gb-belyi-podarok-167231243/?c=750000000
113587645,Apple iPhone 15 Pro Max 256Gb Dual Sim белый,Apple,647757,PhoneKZ,04.10.2026 | 15:01:38,https://kaspi.kz/shop/p/apple-iphone-15-pro-max-256gb-dual-sim-belyi-113587645/?c=750000000
143567720,Смартфон Apple iPhone 16 256Gb NanoSIM+eSIM розовый + розовый,Apple,650000,MOBILS,04.10.2026 | 15:01:38,https://kaspi.kz/shop/p/apple-iphone-16-256gb-nanosim-esim-rozovyi-rozovyi-143567720/?c=750000000
123776191,Apple iPhone 16 Plus 256Gb NanoSIM+eSIM розовый,Apple,554066,GadgetON,04.10.2026 | 15:01:38,https://kaspi.kz/shop/p/apple-iphone-16-plus-256gb-nanosim-esim-rozovyi-123776191/?c=750000000
121703275,Смартфон Apple iPhone 15 Pro Max 256Gb Dual eSim белый,Apple,660000,Apple-Plus,04.10.2026 | 15:01:39,https://kaspi.kz/shop/p/apple-iphone-15-pro-max-256gb-dual-esim-belyi-121703275/?c=750000000
152721159,Apple iPhone 17 Pro 256 APPLE_GIFT_YA24 DeepBlue,Apple,729741,NOVAMART,04.10.2026 | 15:01:39,https://kaspi.kz/shop/p/apple-iphone-17-pro-256gb-nanosim-esim-temno-sinii-podarok-152721159/?c=750000000
168156615,Смартфон Apple iPhone 15 128Gb черный + подарок,Apple,444992,MOBILS,04.10.2026 | 15:01:39,https://kaspi.kz/shop/p/apple-iphone-15-128gb-chernyi-podarok-168156615/?c=750000000
147534417,Apple iPhone Air 256Gb черный + подарок,Apple,588391,PhoneKZ,04.10.2026 | 15:01:39,https://kaspi.kz/shop/p/apple-iphone-air-256gb-chernyi-podarok-147534417/?c=750000000
177319302,iPhone 18 Pro Max 256GB Silver,Apple,909990,iSpace Apple Premium Partner,04.10.2026 | 15:01:39,https://kaspi.kz/shop/p/apple-iphone-18-pro-max-256gb-nanosim-esim-serebristyi-177319302/?c=750000000
124337614,Apple iPhone 16 128Gb Dual eSim фиолетовый,Apple,499900,UMMAH STORE,04.10.2026 | 15:01:47,https://kaspi.kz/shop/p/apple-iphone-16-128gb-dual-esim-fioletovyi-124337614/?c=750000000
114963265,Apple iPhone 15 256Gb Dual Sim черный,Apple,529000,UMMAH STORE,04.10.2026 | 15:01:47,https://kaspi.kz/shop/p/apple-iphone-15-dual-sim-6-gb-256-gb-chernyi-114963265/?c=750000000
121692313,Apple iPhone 15 128Gb Dual eSim голубой,Apple,440000,UMMAH STORE,04.10.2026 | 15:01:47,https://kaspi.kz/shop/p/apple-iphone-15-128gb-dual-esim-goluboi-121692313/?c=750000000
143567514,Apple iPhone 16 128Gb NanoSIM+eSIM фиолетовый + подарок,Apple,476043,GadgetON,04.10.2026 | 15:01:47,https://kaspi.kz/shop/p/apple-iphone-16-128gb-nanosim-esim-fioletovyi-podarok-143567514/?c=750000000
113138015,Apple iPhone 15 Plus 128Gb NanoSIM+eSIM черный,Apple,540000,Мобитайм,04.10.2026 | 15:01:47,https://kaspi.kz/shop/p/apple-iphone-15-plus-128gb-nanosim-esim-chernyi-113138015/?c=750000000
102298395,Смартфон Apple iPhone 13 512Gb NanoSIM+eSIM синий,Apple,500000,ProUnit,04.10.2026 | 15:01:47,https://kaspi.kz/shop/p/apple-iphone-13-512gb-nanosim-esim-sinii-102298395/?c=750000000
131734933,Apple iPhone 16 128Gb Dual Sim белый,Apple,495900,Galaxy Mobile,04.10.2026 | 15:01:47,https://kaspi.kz/shop/p/apple-iphone-16-128gb-dual-sim-belyi-131734933/?c=750000000
168157098,Смартфон Apple iPhone 17 256Gb черный + подарок,Apple,654615,SmartDuken,04.10.2026 | 15:01:47,https://kaspi.kz/shop/p/apple-iphone-17-256gb-chernyi-podarok-168157098/?c=750000000
102298980,Смартфон Apple iPhone 13 Pro Max 512Gb NanoSIM+eSIM серый,Apple,619999,OZEN,04.10.2026 | 15:01:47,https://kaspi.kz/shop/p/apple-iphone-13-pro-max-512gb-nanosim-esim-seryi-102298980/?c=750000000
152720177,iPhone 17 256Gb NanoSIM+eSIM белый + подарок,Apple,559790,Lynx,04.10.2026 | 15:01:47,https://kaspi.kz/shop/p/apple-iphone-17-256gb-nanosim-esim-belyi-podarok-152720177/?c=750000000
143563956,Смартфон Apple iPhone 16 128Gb NanoSIM+eSIM розовый + подарок,Apple,474000,UMMAH STORE 2,04.10.2026 | 15:01:47,https://kaspi.kz/shop/p/apple-iphone-16-128gb-nanosim-esim-rozovyi-podarok-143563956/?c=750000000
113138062,Apple iPhone 15 Plus 128Gb NanoSIM+eSIM зеленый,Apple,489950,GadgetON,04.10.2026 | 15:01:47,https://kaspi.kz/shop/p/apple-iphone-15-plus-128gb-nanosim-esim-zelenyi-113138062/?c=750000000
102298986,Смартфон Apple iPhone 13 Pro Max 1Tb NanoSIM+eSIM серый,Apple,649999,OZEN,04.10.2026 | 15:02:00,https://kaspi.kz/shop/p/apple-iphone-13-pro-max-1tb-nanosim-esim-seryi-102298986/?c=750000000
168157632,Смартфон Apple iPhone 17256Gb фиолетовый + подарок,Apple,613210,SmartDuken,04.10.2026 | 15:02:00,https://kaspi.kz/shop/p/apple-iphone-17256gb-fioletovyi-podarok-168157632/?c=750000000
128138782,Apple iPhone 16 Pro Max 256Gb Dual Sim золотистый,Apple,839999,Mobile_Shop,04.10.2026 | 15:02:00,https://kaspi.kz/shop/p/apple-iphone-16-pro-max-256gb-dual-sim-zolotistyi-128138782/?c=750000000
168156670,Apple iPhone 15 256 APPLE2_GIFT_A20W_EAR Black,Apple,533540,NOVAMART,04.10.2026 | 15:02:00,https://kaspi.kz/shop/p/apple-iphone-15-256gb-chernyi-podarok-168156670/?c=750000000
167390672,Apple iPhone 17 Pro 256 APPLE1_GIFT_A20W_EAR_YA12 Silver,Apple,778990,NOVAMART,04.10.2026 | 15:02:00,https://kaspi.kz/shop/p/apple-iphone-17-pro-256gb-serebristyi-podarok-167390672/?c=750000000
134454675,Смартфон Apple iPhone 16 128Gb Dual Sim розовый,Apple,499900,UMMAH STORE,04.10.2026 | 15:02:00,https://kaspi.kz/shop/p/apple-iphone-16-128gb-dual-sim-rozovyi-134454675/?c=750000000
123890508,Apple iPhone 16 Pro Max 1Tb NanoSIM+eSIM белый,Apple,806558,BERLIN,04.10.2026 | 15:02:00,https://kaspi.kz/shop/p/apple-iphone-16-pro-max-1tb-nanosim-esim-belyi-123890508/?c=750000000
124338514,Apple iPhone 16 Pro Max 512Gb Dual eSim золотистый,Apple,1000000,Mobile_Shop,04.10.2026 | 15:02:00,https://kaspi.kz/shop/p/apple-iphone-16-pro-max-512gb-dual-esim-zolotistyi-124338514/?c=750000000
145468579,Apple iPhone Air 1024Gb голубой,Apple,739887,Dora,04.10.2026 | 15:02:00,https://kaspi.kz/shop/p/apple-iphone-air-1024gb-goluboi-145468579/?c=750000000
152720245,Apple iPhone 17 256Gb NanoSIM+eSIM фиолетовый + подарок,Apple,598979,Lynx,04.10.2026 | 15:02:00,https://kaspi.kz/shop/p/apple-iphone-17-256gb-nanosim-esim-fioletovyi-podarok-152720245/?c=750000000
168155811,Apple iPhone 16 128 APPLE2_GIFT_A20W_EAR Black,Apple,518306,NOVAMART,04.10.2026 | 15:02:00,https://kaspi.kz/shop/p/apple-iphone-16-128gb-chernyi-podarok-168155811/?c=750000000
169699246,Apple iPhone 17 8 ГБ/256 ГБ черный + подарок,Apple,618589,Мобитайм,04.10.2026 | 15:02:00,https://kaspi.kz/shop/p/apple-iphone-17-8-gb-256-gb-chernyi-podarok-169699246/?c=750000000
106363323,Apple iPhone 14 Pro 1Tb фиолетовый,Apple,777777,CN-MARKET,04.10.2026 | 15:02:14,https://kaspi.kz/shop/p/apple-iphone-14-pro-1tb-nanosim-esim-fioletovyi-106363323/?c=750000000
152721170,Смартфон Apple iPhone 17 Pro 512Gb NanoSIM+eSIM оранжевый + подарок,Apple,876299,MOBILS,04.10.2026 | 15:02:14,https://kaspi.kz/shop/p/apple-iphone-17-pro-512gb-nanosim-esim-oranzhevyi-podarok-152721170/?c=750000000
167231254,Смартфон Apple iPhone 17 8 ГБ/256 ГБ черный + подарок,Apple,671292,SmartDuken,04.10.2026 | 15:02:14,https://kaspi.kz/shop/p/apple-iphone-17-8-gb-256-gb-chernyi-podarok-167231254/?c=750000000
169699857,Смартфон Apple iPhone 17 Pro Max 12/256GB Cosmic Orange Чехол Apple для iPhone 17 Pro Max Clear Case with MagSafe MGFW4ZM/A,Apple,778980,Sulpаk,04.10.2026 | 15:02:14,https://kaspi.kz/shop/p/apple-iphone-17-pro-max-12-gb-256-gb-oranzhevyi-podarok-169699857/?c=750000000
152005911,Apple iPhone 17 256Gb Dual eSim черный + подарок,Apple,648960,Lynx,04.10.2026 | 15:02:14,https://kaspi.kz/shop/p/apple-iphone-17-256gb-dual-esim-chernyi-podarok-152005911/?c=750000000
167390793,Apple iPhone 17 Pro 256 APPLE1_GIFT_A20W_EAR_YA12 CosmicOrange,Apple,779990,NOVAMART,04.10.2026 | 15:02:14,https://kaspi.kz/shop/p/apple-iphone-17-pro-256gb-oranzhevyi-podarok-167390793/?c=750000000
167487345,Смартфон Apple iPhone 17 Pro Max 256Gb темно-синий + подарок,Apple,848065,MOBILS,04.10.2026 | 15:02:14,https://kaspi.kz/shop/p/apple-iphone-17-pro-max-256gb-temno-sinii-podarok-167487345/?c=750000000
168155747,,Apple,522978,MOBILS,04.10.2026 | 15:02:14,https://kaspi.kz/shop/p/apple-iphone-16-128gb-belyi-podarok-168155747/?c=750000000
152030166,Apple iPhone Air 256 APPLE_GIFT_YA24 SpaceBlack,Apple,599989,NOVAMART,04.10.2026 | 15:02:14,https://kaspi.kz/shop/p/apple-iphone-air-256gb-chernyi-podarok-152030166/?c=750000000
167487379,Apple iPhone 17 Pro Max 256Gb оранжевый + подарок,Apple,839838,Lynx,04.10.2026 | 15:02:14,https://kaspi.kz/shop/p/apple-iphone-17-pro-max-256gb-oranzhevyi-podarok-167487379/?c=750000000
113137957,Apple iPhone 15 128Gb NanoSIM+eSIM желтый,Apple,466639,ASR Market,04.10.2026 | 15:02:14,https://kaspi.kz/shop/p/apple-iphone-15-128gb-nanosim-esim-zheltyi-113137957/?c=750000000
143567273,Apple iPhone 16 128Gb NanoSIM+eSIM зеленый + подарок,Apple,477776,GadgetON,04.10.2026 | 15:02:14,https://kaspi.kz/shop/p/apple-iphone-16-128gb-nanosim-esim-zelenyi-podarok-143567273/?c=750000000
168157656,Apple iPhone 17 256Gb черный + подарок (Apple EarPods USB-C White + Apple Power Adapter 20w),Apple,574897,Sirius,04.10.2026 | 15:02:27,https://kaspi.kz/shop/p/apple-iphone-17-256gb-chernyi-podarok-168157656/?c=750000000
142747406,Смартфон Apple iPhone 16 Pro Max 512Gb Dual Sim черный,Apple,799998,iStore KZ,04.10.2026 | 15:02:27,https://kaspi.kz/shop/p/apple-iphone-16-pro-max-512gb-dual-sim-chernyi-142747406/?c=750000000
167281247,Смартфон Apple iPhone 16 128Gb черный + подарок,Apple,502893,MOBILS,04.10.2026 | 15:02:27,https://kaspi.kz/shop/p/apple-iphone-16-128gb-chernyi-podarok-167281247/?c=750000000
168860534,Apple iPhone 17 Pro 256 APPLE2_GIFT_A20W_EAR Silver,Apple,770594,NOVAMART,04.10.2026 | 15:02:27,https://kaspi.kz/shop/p/apple-iphone-17-pro-256gb-serebristyi-podarok-168860534/?c=750000000
133017964,Apple iPhone 16 128Gb Dual Sim фиолетовый,Apple,499000,SMART TRADE,04.10.2026 | 15:02:27,https://kaspi.kz/shop/p/apple-iphone-16-128gb-dual-sim-fioletovyi-133017964/?c=750000000
102298904,Смартфон Apple iPhone 13 Pro Max 512Gb NanoSIM+eSIM серебристый,Apple,619999,OZEN,04.10.2026 | 15:02:27,https://kaspi.kz/shop/p/apple-iphone-13-pro-max-512gb-nanosim-esim-serebristyi-102298904/?c=750000000
113138043,Apple iPhone 15 Plus 128Gb NanoSIM+eSIM голубой,Apple,613679,GadgetON,04.10.2026 | 15:02:27,https://kaspi.kz/shop/p/apple-iphone-15-plus-128gb-nanosim-esim-goluboi-113138043/?c=750000000
152721002,Смартфон Apple iPhone 17 Pro Max 512Gb NanoSIM+eSIM темно-синий + подарок,Apple,960922,MOBILS,04.10.2026 | 15:02:27,https://kaspi.kz/shop/p/apple-iphone-17-pro-max-512gb-nanosim-esim-temno-sinii-podarok-152721002/?c=750000000
124338427,Apple iPhone 16 Pro Max 512Gb Dual eSim черный,Apple,1000000,Mobile_Shop,04.10.2026 | 15:02:27,https://kaspi.kz/shop/p/apple-iphone-16-pro-max-512gb-dual-esim-chernyi-124338427/?c=750000000
168157082,Смартфон Apple iPhone 17 256Gb фиолетовый + подарок,Apple,652993,SmartDuken,04.10.2026 | 15:02:27,https://kaspi.kz/shop/p/apple-iphone-17-256gb-fioletovyi-podarok-168157082/?c=750000000
147534261,Смартфон Apple iPhone Air 256Gb белый + подарок,Apple,608999,SmartDuken,04.10.2026 | 15:02:27,https://kaspi.kz/shop/p/apple-iphone-air-256gb-belyi-podarok-147534261/?c=750000000
113138194,Apple iPhone 15 Pro 512Gb NanoSIM+eSIM черный,Apple,807621,Мобитайм,04.10.2026 | 15:02:27,https://kaspi.kz/shop/p/apple-iphone-15-pro-512gb-nanosim-esim-chernyi-113138194/?c=750000000
168641939,Смартфон Apple iPhone 17 Pro Max 256Gb синий + подарок,Apple,884505,NewTechno верифицированный,04.10.2026 | 15:02:39,https://kaspi.kz/shop/p/apple-iphone-17-pro-max-256gb-sinii-podarok-168641939/?c=750000000
113587585,Apple iPhone 15 Pro Max 512Gb Dual Sim белый,Apple,736815,TOP_DEVICE,04.10.2026 | 15:02:39,https://kaspi.kz/shop/p/apple-iphone-15-pro-max-512gb-dual-sim-belyi-113587585/?c=750000000
113137952,Apple iPhone 15 512Gb NanoSIM+eSIM розовый,Apple,503247,BERLIN,04.10.2026 | 15:02:39,https://kaspi.kz/shop/p/apple-iphone-15-512gb-nanosim-esim-rozovyi-113137952/?c=750000000
154660597,Смартфон Apple iPhone 17 256Gb NanoSIM+eSIM фиолетовый + подарок,Apple,637525,SmartDuken,04.10.2026 | 15:02:39,https://kaspi.kz/shop/p/apple-iphone-17-256gb-nanosim-esim-fioletovyi-podarok-154660597/?c=750000000
124338365,Apple iPhone 16 Pro 128Gb Dual eSim серебристый,Apple,698000,UMMAH STORE,04.10.2026 | 15:02:39,https://kaspi.kz/shop/p/apple-iphone-16-pro-128gb-dual-esim-serebristyi-124338365/?c=750000000
147262004,Смартфон Apple iPhone 15 128Gb NanoSIM+eSIM черный + подарок,Apple,469997,SmartDuken,04.10.2026 | 15:02:39,https://kaspi.kz/shop/p/apple-iphone-15-128gb-nanosim-esim-chernyi-podarok-147262004/?c=750000000
152721064,Смартфон Apple iPhone 17 Pro Max 1024Gb NanoSIM+eSIM темно-синий + подарок,Apple,1153084,AG shop,04.10.2026 | 15:02:39,https://kaspi.kz/shop/p/apple-iphone-17-pro-max-1024gb-nanosim-esim-temno-sinii-podarok-152721064/?c=750000000
121692452,Apple iPhone 15 256Gb Dual eSim голубой,Apple,528000,UMMAH STORE,04.10.2026 | 15:02:39,https://kaspi.kz/shop/p/apple-iphone-15-256gb-dual-esim-goluboi-121692452/?c=750000000
143568128,Apple iPhone 16 Pro Max 256Gb NanoSIM+eSIM золотистый + подарок,Apple,699000,Мобитайм,04.10.2026 | 15:02:39,https://kaspi.kz/shop/p/apple-iphone-16-pro-max-256gb-nanosim-esim-zolotistyi-podarok-143568128/?c=750000000
168860507,Apple iPhone 17 Pro 256 APPLE2_GIFT_A20W_PODS Silver,Apple,835635,NOVAMART,04.10.2026 | 15:02:39,https://kaspi.kz/shop/p/apple-iphone-17-pro-256gb-serebristyi-podarok-168860507/?c=750000000
152721025,Смартфон Apple iPhone 17 Pro Max 1024Gb NanoSIM+eSIM оранжевый + подарок,Apple,1158899,SmartDuken,04.10.2026 | 15:02:39,https://kaspi.kz/shop/p/apple-iphone-17-pro-max-1024gb-nanosim-esim-oranzhevyi-podarok-152721025/?c=750000000
152720974,Apple iPhone 17 Pro Max 512Gb NanoSIM+eSIM серебристый + подарок,Apple,1020457,Lynx,04.10.2026 | 15:02:39,https://kaspi.kz/shop/p/apple-iphone-17-pro-max-512gb-nanosim-esim-serebristyi-podarok-152720974/?c=750000000
147534458,Смартфон Apple iPhone Air 256Gb голубой + подарок,Apple,609166,AG shop,04.10.2026 | 15:02:51,https://kaspi.kz/shop/p/apple-iphone-air-256gb-goluboi-podarok-147534458/?c=750000000
102298435,Apple iPhone 13 512Gb NanoSIM+eSIM красный,Apple,529990,Mobile_Shop,04.10.2026 | 15:02:51,https://kaspi.kz/shop/p/apple-iphone-13-512gb-nanosim-esim-krasnyi-102298435/?c=750000000
152720932,Apple iPhone 17 Pro Max 512 APPLE_GIFT_YA24 CosmicOrange,Apple,961336,NOVAMART,04.10.2026 | 15:02:51,https://kaspi.kz/shop/p/apple-iphone-17-pro-max-512gb-nanosim-esim-oranzhevyi-podarok-152720932/?c=750000000
109339995,Смартфон Apple iPhone 14 128Gb NanoSIM+eSIM желтый,Apple,488536,ProUnit,04.10.2026 | 15:02:51,https://kaspi.kz/shop/p/apple-iphone-14-128gb-nanosim-esim-zheltyi-109339995/?c=750000000
167231462,Смартфон Apple iPhone 17 8 ГБ/256 ГБ фиолетовый + подарок,Apple,599988,MOBILS,04.10.2026 | 15:02:51,https://kaspi.kz/shop/p/apple-iphone-17-8-gb-256-gb-fioletovyi-podarok-167231462/?c=750000000
168641912,Смартфон Apple iPhone 17 Pro Max 256Gb серебристый + подарок,Apple,888198,MOBILS,04.10.2026 | 15:02:51,https://kaspi.kz/shop/p/apple-iphone-17-pro-max-256gb-serebristyi-podarok-168641912/?c=750000000
113138463,Apple iPhone 15 Pro Max 1Tb NanoSIM+eSIM серый,Apple,795810,TOP_DEVICE,04.10.2026 | 15:02:51,https://kaspi.kz/shop/p/apple-iphone-15-pro-max-1tb-nanosim-esim-seryi-113138463/?c=750000000
168035607,Смартфон Apple iPhone 17 Pro 256Gb темно-синий + подарок,Apple,967702,Aslan Tel,04.10.2026 | 15:02:51,https://kaspi.kz/shop/p/apple-iphone-17-pro-256gb-temno-sinii-podarok-168035607/?c=750000000
121703122,Смартфон Apple iPhone 15 Pro Max 256Gb Dual eSim черный,Apple,669999,Apple-Plus,04.10.2026 | 15:02:51,https://kaspi.kz/shop/p/apple-iphone-15-pro-max-256gb-dual-esim-chernyi-121703122/?c=750000000
145468523,Смартфон Apple iPhone Air 1024Gb белый,Apple,749319,iPlus Store,04.10.2026 | 15:02:51,https://kaspi.kz/shop/p/apple-iphone-air-1024gb-belyi-145468523/?c=750000000
124338439,Смартфон Apple iPhone 16 Pro Max 1Tb Dual eSim черный,Apple,803360,VerifyTech - верифицированный,04.10.2026 | 15:02:51,https://kaspi.kz/shop/p/apple-iphone-16-pro-max-1tb-dual-esim-chernyi-124338439/?c=750000000
171183193,Apple iPhone 17e 256Gb dual eSIM белый,Apple,475009,ZAKSTOR,04.10.2026 | 15:02:51,https://kaspi.kz/shop/p/apple-iphone-17e-256gb-dual-esim-belyi-171183193/?c=750000000
107195822,Apple iPhone 13 128Gb Dual Sim синий,Apple,529990,Mobile_Shop,04.10.2026 | 15:03:05,https://kaspi.kz/shop/p/apple-iphone-13-128gb-dual-sim-sinii-107195822/?c=750000000
167455186,Смартфон Apple iPhone 17 Pro Max 512Gb серебристый + подарок,Apple,1108429,SmartDuken,04.10.2026 | 15:03:05,https://kaspi.kz/shop/p/apple-iphone-17-pro-max-512gb-serebristyi-podarok-167455186/?c=750000000
168157401,Apple iPhone 17 256Gb голубой + подарок (Apple EarPods USB-C White + Apple Power Adapter 20w),Apple,569897,Sirius,04.10.2026 | 15:03:05,https://kaspi.kz/shop/p/apple-iphone-17-256gb-goluboi-podarok-168157401/?c=750000000
168860560,Apple iPhone 17 Pro 256 APPLE2_GIFT_A20W_EAR CosmicOrange,Apple,759997,NOVAMART,04.10.2026 | 15:03:05,https://kaspi.kz/shop/p/apple-iphone-17-pro-256gb-oranzhevyi-podarok-168860560/?c=750000000
168035175,Apple iPhone 17 Pro 512Gb оранжевый + подарок,Apple,1066360,Lynx,04.10.2026 | 15:03:05,https://kaspi.kz/shop/p/apple-iphone-17-pro-512gb-oranzhevyi-podarok-168035175/?c=750000000
171515231,Apple iPhone 17 Pro 256Gb оранжевый + подарок (Яндекс Плюс 36 месяцев + Адаптер Apple 20W),Apple,764656,Sirius,04.10.2026 | 15:03:05,https://kaspi.kz/shop/p/apple-iphone-17-pro-256-gb-oranzhevyi-podarok-171515231/?c=750000000
169699812,Apple iPhone 17 Pro Max 256 APPLE4_GIFT_17PMCLE Silver,Apple,808952,NOVAMART,04.10.2026 | 15:03:05,https://kaspi.kz/shop/p/apple-iphone-17-pro-max-12-gb-256-gb-serebristyi-podarok-169699812/?c=750000000
167231272,Apple iPhone 17 256Gb голубой+подарок(Apple EarPods USB-C+Apple Power Adapter 20W+Яндекс 12 месяцев),Apple,584065,Click - Верифицированный IMEI,04.10.2026 | 15:03:05,https://kaspi.kz/shop/p/apple-iphone-17-8-gb-256-gb-goluboi-podarok-167231272/?c=750000000
168155140,Apple iPhone 16 128 APPLE2_GIFT_A20W_PODS Black,Apple,579663,NOVAMART,04.10.2026 | 15:03:05,https://kaspi.kz/shop/p/apple-iphone-16-128gb-chernyi-podarok-168155140/?c=750000000
167456115,Apple iPhone 17 Pro Max 512 APPLE1_GIFT_A20W_EAR_YA12 CosmicOrange,Apple,983770,NOVAMART,04.10.2026 | 15:03:05,https://kaspi.kz/shop/p/apple-iphone-17-pro-max-512gb-oranzhevyi-podarok-167456115/?c=750000000
168036327,Смартфон Apple iPhone 17 Pro Max 256Gb серебристый + подарок,Apple,1037148,MOBILS,04.10.2026 | 15:03:05,https://kaspi.kz/shop/p/apple-iphone-17-pro-max-256gb-serebristyi-podarok-168036327/?c=750000000
168860538,Apple iPhone 17 Pro 256 APPLE2_GIFT_A20W_PODS DeepBlue,Apple,838102,NOVAMART,04.10.2026 | 15:03:05,https://kaspi.kz/shop/p/apple-iphone-17-pro-256gb-sinii-podarok-168860538/?c=750000000
146090717,Apple iPhone Air 12 ГБ/256 ГБ голубой + подарок,Apple,679590,Мобитайм,04.10.2026 | 15:03:15,https://kaspi.kz/shop/p/apple-iphone-air-12-gb-256-gb-goluboi-podarok-146090717/?c=750000000
147261963,Смартфон Apple iPhone 15 128Gb NanoSIM+eSIM синий + подарок (Яндекс Плюс 24 месяца),Apple,409900,Sirius,04.10.2026 | 15:03:15,https://kaspi.kz/shop/p/apple-iphone-15-128gb-nanosim-esim-sinii-podarok-147261963/?c=750000000
106363117,Смартфон Apple iPhone 14 128Gb NanoSIM+eSIM сиреневый,Apple,474000,UMMAH STORE,04.10.2026 | 15:03:15,https://kaspi.kz/shop/p/apple-iphone-14-128gb-nanosim-esim-sirenevyi-106363117/?c=750000000
169618122,Apple iPhone 17 Pro 256 APPLE4_GIFT_A20W_17PBLA DeepBlue,Apple,753459,NOVAMART,04.10.2026 | 15:03:15,https://kaspi.kz/shop/p/apple-iphone-17-pro-12-gb-256-gb-temno-sinii-podarok-169618122/?c=750000000
134234081,Apple iPhone 16 128 APPLE_GIFT_YA06 Black,Apple,506990,NOVAMART,04.10.2026 | 15:03:15,https://kaspi.kz/shop/p/apple-iphone-16-128gb-nanosim-esim-chernyi-podarok-134234081/?c=750000000
123776418,Apple iPhone 16 Plus 256Gb NanoSIM+eSIM синий,Apple,554970,"ТОО ""BI TRADE""",04.10.2026 | 15:03:15,https://kaspi.kz/shop/p/apple-iphone-16-plus-256gb-nanosim-esim-sinii-123776418/?c=750000000
169699467,Смартфон Apple iPhone 17 Pro 12/256GB Cosmic Orange Чехол Apple для iPhone 17 Pro Clear Case with MagSafe MGFT4ZM/A,Apple,743980,Sulpаk,04.10.2026 | 15:03:15,https://kaspi.kz/shop/p/apple-iphone-17-pro-12-gb-256-gb-oranzhevyi-podarok-169699467/?c=750000000
106363198,Смартфон Apple iPhone 14 Plus 512Gb NanoSIM+eSIM черный,Apple,650000,MOBILS,04.10.2026 | 15:03:15,https://kaspi.kz/shop/p/apple-iphone-14-plus-512gb-nanosim-esim-chernyi-106363198/?c=750000000
168641970,Apple iPhone 17 Pro Max 256Gb серебристый + подарок,Apple,817225,Lynx,04.10.2026 | 15:03:15,https://kaspi.kz/shop/p/apple-iphone-17-pro-max-256gb-serebristyi-podarok-168641970/?c=750000000
167728962,,Apple,872883,SmartDuken,04.10.2026 | 15:03:15,https://kaspi.kz/shop/p/apple-iphone-17-256gb-belyi-podarok-167728962/?c=750000000
167239490,Смартфон Apple iPhone 15 128Gb черный + подарок,Apple,456250,MOBILS,04.10.2026 | 15:03:15,https://kaspi.kz/shop/p/apple-iphone-15-128gb-chernyi-podarok-167239490/?c=750000000
167643900,Смартфон Apple iPhone Air 256Gb черный + подарок,Apple,821306,AG shop,04.10.2026 | 15:03:15,https://kaspi.kz/shop/p/apple-iphone-air-256gb-chernyi-podarok-167643900/?c=750000000
168860553,Смартфон Apple iPhone 17 Pro 256Gb оранжевый + подарок,Apple,840210,Гарышкер,04.10.2026 | 15:03:24,https://kaspi.kz/shop/p/apple-iphone-17-pro-256gb-oranzhevyi-podarok-168860553/?c=750000000
170829111,Смартфон Apple iPhone 17 256Gb белый + подарок,Apple,556672,MOBILS,04.10.2026 | 15:03:24,https://kaspi.kz/shop/p/apple-iphone-17-256gb-belyi-podarok-170829111/?c=750000000
169699262,Смартфон Apple iPhone 17 Pro Max 12/256GB Cosmic Orange Чехол Apple для iPhone 17 Pro Max Silicone Case with MagSafe – Black MGFR4ZM/A,Apple,759980,Sulpаk,04.10.2026 | 15:03:24,https://kaspi.kz/shop/p/apple-iphone-17-pro-max-12-gb-256-gb-oranzhevyi-podarok-169699262/?c=750000000
168641955,Apple iPhone 17 Pro Max 256Gb оранжевый + подарок,Apple,904602,Lynx,04.10.2026 | 15:03:24,https://kaspi.kz/shop/p/apple-iphone-17-pro-max-256gb-oranzhevyi-podarok-168641955/?c=750000000
169618552,Apple iPhone 17 Pro 256 APPLE4_GIFT_A20W_17PBLA Silver,Apple,762990,NOVAMART,04.10.2026 | 15:03:24,https://kaspi.kz/shop/p/apple-iphone-17-pro-12-gb-256-gb-serebristyi-podarok-169618552/?c=750000000
168157033,Смартфон Apple iPhone 17 256Gb голубой + подарок,Apple,741429,SmartDuken,04.10.2026 | 15:03:25,https://kaspi.kz/shop/p/apple-iphone-17-256gb-goluboi-podarok-168157033/?c=750000000
168036518,Apple iPhone 17 Pro Max 256 APPLE2_GIFT_A20W_PODS_SE3S CosmicOrange,Apple,1034086,NOVAMART,04.10.2026 | 15:03:25,https://kaspi.kz/shop/p/apple-iphone-17-pro-max-256gb-oranzhevyi-podarok-168036518/?c=750000000
167390741,Apple iPhone 17 Pro 256 APPLE1_GIFT_A20W_EAR_YA12 DeepBlue,Apple,778897,NOVAMART,04.10.2026 | 15:03:25,https://kaspi.kz/shop/p/apple-iphone-17-pro-256gb-temno-sinii-podarok-167390741/?c=750000000
167389947,Смартфон Apple iPhone 17 Pro 512Gb темно-синий + подарок,Apple,1050111,SmartDuken,04.10.2026 | 15:03:25,https://kaspi.kz/shop/p/apple-iphone-17-pro-512gb-temno-sinii-podarok-167389947/?c=750000000
168642047,Apple iPhone 17 Pro Max 256Gb оранжевый + подарок,Apple,837588,Lynx,04.10.2026 | 15:03:25,https://kaspi.kz/shop/p/apple-iphone-17-pro-max-256gb-oranzhevyi-podarok-168642047/?c=750000000
167231190,Смартфон Apple iPhone 17 8 ГБ/256 ГБ голубой + подарок,Apple,701719,SmartDuken,04.10.2026 | 15:03:25,https://kaspi.kz/shop/p/apple-iphone-17-8-gb-256-gb-goluboi-podarok-167231190/?c=750000000
167231129,,Apple,715098,SmartDuken,04.10.2026 | 15:03:25,https://kaspi.kz/shop/p/apple-iphone-17-8-gb-256-gb-belyi-podarok-167231129/?c=750000000
168154894,Apple iPhone 16 128Gb белый + подарок,Apple,630998,Mobile_Shop,04.10.2026 | 15:03:33,https://kaspi.kz/shop/p/apple-iphone-16-128gb-belyi-podarok-168154894/?c=750000000
168035663,Смартфон Apple iPhone 17 Pro 256Gb оранжевый + подарок,Apple,920998,FONIQ,04.10.2026 | 15:03:33,https://kaspi.kz/shop/p/apple-iphone-17-pro-256gb-oranzhevyi-podarok-168035663/?c=750000000
167487307,Apple iPhone 17 Pro Max 256Gb серебристый + подарок,Apple,834599,Lynx,04.10.2026 | 15:03:33,https://kaspi.kz/shop/p/apple-iphone-17-pro-max-256gb-serebristyi-podarok-167487307/?c=750000000
152025988,Смартфон Apple iPhone 17 Pro Max 512Gb Dual eSim серебристый + подарок,Apple,946788,SmartDuken,04.10.2026 | 15:03:33,https://kaspi.kz/shop/p/apple-iphone-17-pro-max-512gb-dual-esim-serebristyi-podarok-152025988/?c=750000000
147534302,Смартфон Apple iPhone Air 512Gb черный + подарок,Apple,719958,FONIQ,04.10.2026 | 15:03:33,https://kaspi.kz/shop/p/apple-iphone-air-512gb-chernyi-podarok-147534302/?c=750000000
169699714,Смартфон Apple iPhone 17 Pro 12 ГБ/256 ГБ темно-синий + подарок,Apple,743164,Aslan Tel,04.10.2026 | 15:03:33,https://kaspi.kz/shop/p/apple-iphone-17-pro-12-gb-256-gb-temno-sinii-podarok-169699714/?c=750000000
152721187,Apple iPhone 17 Pro 512Gb NanoSIM+eSIM серебристый + подарок,Apple,894106,PhoneKZ,04.10.2026 | 15:03:33,https://kaspi.kz/shop/p/apple-iphone-17-pro-512gb-nanosim-esim-serebristyi-podarok-152721187/?c=750000000
113933635,Apple iPhone 15 128Gb Dual Sim розовый,Apple,509990,Mobile_Shop,04.10.2026 | 15:03:33,https://kaspi.kz/shop/p/apple-iphone-15-128gb-dual-sim-rozovyi-113933635/?c=750000000
169618292,Apple iPhone 17 Pro 256 APPLE4_GIFT_A20W_17PCLE Silver,Apple,770999,NOVAMART,04.10.2026 | 15:03:33,https://kaspi.kz/shop/p/apple-iphone-17-pro-12-gb-256-gb-serebristyi-podarok-169618292/?c=750000000
169617748,Apple iPhone 17 8 ГБ/256 ГБ черный + подарок,Apple,644000,UMMAH STORE,04.10.2026 | 15:03:33,https://kaspi.kz/shop/p/apple-iphone-17-8-gb-256-gb-chernyi-podarok-169617748/?c=750000000
168155798,Apple iPhone 16 128 APPLE2_GIFT_A20W_EAR Pink,Apple,512763,NOVAMART,04.10.2026 | 15:03:33,https://kaspi.kz/shop/p/apple-iphone-16-128gb-rozovyi-podarok-168155798/?c=750000000
154660692,Apple iPhone 17 256Gb белый + подарок (Яндекс Плюс 12 месяцев),Apple,559795,Sirius,04.10.2026 | 15:03:33,https://kaspi.kz/shop/p/apple-iphone-17-256gb-nanosim-esim-belyi-podarok-154660692/?c=750000000
169699287,Apple iPhone 17 Pro 256 APPLE4_GIFT_17PBLA CosmicOrange,Apple,738979,NOVAMART,04.10.2026 | 15:03:42,https://kaspi.kz/shop/p/apple-iphone-17-pro-12-gb-256-gb-oranzhevyi-podarok-169699287/?c=750000000
167281226,Смартфон Apple iPhone 16 128Gb белый + подарок,Apple,542000,UMMAH STORE,04.10.2026 | 15:03:42,https://kaspi.kz/shop/p/apple-iphone-16-128gb-belyi-podarok-167281226/?c=750000000
157460510,Смартфон Apple iPhone 15 128Gb NanoSIM+eSIM черный + подарок,Apple,463997,SmartDuken,04.10.2026 | 15:03:42,https://kaspi.kz/shop/p/apple-iphone-15-128gb-nanosim-esim-chernyi-podarok-157460510/?c=750000000
169619070,Apple iPhone 17 Pro Max 256 APPLE4_GIFT_A20W_17PMCLE Silver,Apple,822805,NOVAMART,04.10.2026 | 15:03:42,https://kaspi.kz/shop/p/apple-iphone-17-pro-max-12-gb-256-gb-serebristyi-podarok-169619070/?c=750000000
168156587,Смартфон Apple iPhone 15 128Gb синий + подарок,Apple,462650,Amir.ON,04.10.2026 | 15:03:42,https://kaspi.kz/shop/p/apple-iphone-15-128gb-sinii-podarok-168156587/?c=750000000
171515133,Apple iPhone 17 Pro 256 APPLE5_GIFT_A20W_YA36 DeepBlue,Apple,778990,NOVAMART,04.10.2026 | 15:03:42,https://kaspi.kz/shop/p/apple-iphone-17-pro-256-gb-temno-sinii-podarok-171515133/?c=750000000
121692808,Apple iPhone 15 128Gb Dual eSim розовый,Apple,549999,Mobile_Shop,04.10.2026 | 15:03:42,https://kaspi.kz/shop/p/apple-iphone-15-128gb-dual-esim-rozovyi-121692808/?c=750000000
171577783,Apple iPhone 17e 256Gb dual eSIM розовый,Apple,477999,ZAKSTOR,04.10.2026 | 15:03:42,https://kaspi.kz/shop/p/apple-iphone-17e-256gb-dual-esim-rozovyi-171577783/?c=750000000
168157386,Apple iPhone 17 256Gb зеленый + подарок (Apple EarPods USB-C White + Apple Power Adapter 20w),Apple,569897,Sirius,04.10.2026 | 15:03:42,https://kaspi.kz/shop/p/apple-iphone-17-256gb-zelenyi-podarok-168157386/?c=750000000
168157120,Apple iPhone 17 256Gb белый + подарок (Apple EarPods USB-C White + Apple Power Adapter 20w),Apple,569897,Sirius,04.10.2026 | 15:03:42,https://kaspi.kz/shop/p/apple-iphone-17-256gb-belyi-podarok-168157120/?c=750000000
106363220,Смартфон Apple iPhone 14 Plus 128Gb NanoSIM+eSIM голубой,Apple,500000,FONIQ,04.10.2026 | 15:03:42,https://kaspi.kz/shop/p/apple-iphone-14-plus-128gb-nanosim-esim-goluboi-106363220/?c=750000000
167729176,Смартфон Apple iPhone 17 256Gb черный + подарок,Apple,804548,AG shop,04.10.2026 | 15:03:51,https://kaspi.kz/shop/p/apple-iphone-17-256gb-chernyi-podarok-167729176/?c=750000000
168036532,Apple iPhone 17 Pro Max 256Gb серебристый + подарок,Apple,1137990,Lynx,04.10.2026 | 15:03:51,https://kaspi.kz/shop/p/apple-iphone-17-pro-max-256gb-serebristyi-podarok-168036532/?c=750000000
177318461,Смартфон Apple iPhone 18 Pro 2Tb NanoSIM+eSIM голубой,Apple,1750000,MaxPhoneStore,04.10.2026 | 15:03:51,https://kaspi.kz/shop/p/apple-iphone-18-pro-2tb-nanosim-esim-goluboi-177318461/?c=750000000
167487218,Смартфон Apple iPhone 17 Pro Max 256Gb темно-синий + подарок,Apple,974939,SmartDuken,04.10.2026 | 15:03:51,https://kaspi.kz/shop/p/apple-iphone-17-pro-max-256gb-temno-sinii-podarok-167487218/?c=750000000
167231212,Смартфон Apple iPhone 17 8 ГБ/256 ГБ фиолетовый + подарок,Apple,704123,SmartDuken,04.10.2026 | 15:03:51,https://kaspi.kz/shop/p/apple-iphone-17-8-gb-256-gb-fioletovyi-podarok-167231212/?c=750000000
168641628,Apple iPhone 17 Pro Max 512 APPLE2_GIFT_A20W_EAR CosmicOrange,Apple,969999,NOVAMART,04.10.2026 | 15:03:51,https://kaspi.kz/shop/p/apple-iphone-17-pro-max-512gb-oranzhevyi-podarok-168641628/?c=750000000
177319397,Смартфон Apple iPhone 18 Pro Max 512Gb NanoSIM+eSIM серебристый,Apple,1400000,SMART ELECTRONICS,04.10.2026 | 15:03:51,https://kaspi.kz/shop/p/apple-iphone-18-pro-max-512gb-nanosim-esim-serebristyi-177319397/?c=750000000
154660631,Apple iPhone 17 256Gb зеленый + подарок (Яндекс Плюс 12 месяцев),Apple,559897,Sirius,04.10.2026 | 15:03:51,https://kaspi.kz/shop/p/apple-iphone-17-256gb-nanosim-esim-zelenyi-podarok-154660631/?c=750000000
171515043,Apple iPhone 17 Pro Max 256 APPLE5_GIFT_A20W_YA36 CosmicOrange,Apple,845990,NOVAMART,04.10.2026 | 15:03:51,https://kaspi.kz/shop/p/apple-iphone-17-pro-max-256-gb-oranzhevyi-podarok-171515043/?c=750000000
147262278,Смартфон Apple iPhone 16 128Gb NanoSIM+eSIM белый + подарок,Apple,549000,UMMAH STORE,04.10.2026 | 15:03:51,https://kaspi.kz/shop/p/apple-iphone-16-128gb-nanosim-esim-belyi-podarok-147262278/?c=750000000
169617939,Apple iPhone 17 8 ГБ/256 ГБ черный + подарок,Apple,631176,Мобитайм,04.10.2026 | 15:03:51,https://kaspi.kz/shop/p/apple-iphone-17-8-gb-256-gb-chernyi-podarok-169617939/?c=750000000
167733871,Смартфон Apple iPhone 16 128Gb черный + подарок,Apple,729991,MOBILS,04.10.2026 | 15:03:51,https://kaspi.kz/shop/p/apple-iphone-16-128gb-chernyi-podarok-167733871/?c=750000000
171514840,Apple iPhone 17 256 GB черный + подарок (Яндекс Плюс 36 месяцев + Адаптер Apple 20W),Apple,579900,Sirius,04.10.2026 | 15:04:00,https://kaspi.kz/shop/p/apple-iphone-17-256-gb-chernyi-podarok-171514840/?c=750000000
167729069,Смартфон Apple iPhone 17 256Gb фиолетовый + подарок,Apple,855298,SmartDuken,04.10.2026 | 15:04:00,https://kaspi.kz/shop/p/apple-iphone-17-256gb-fioletovyi-podarok-167729069/?c=750000000
106363233,Apple iPhone 14 Plus 256Gb NanoSIM+eSIM starlight,Apple,525000,Мобитайм,04.10.2026 | 15:04:00,https://kaspi.kz/shop/p/apple-iphone-14-plus-256gb-nanosim-esim-starlight-106363233/?c=750000000
152004458,Смартфон Apple iPhone 17 256Gb Dual eSim голубой + подарок,Apple,619186,SmartDuken,04.10.2026 | 15:04:00,https://kaspi.kz/shop/p/apple-iphone-17-256gb-dual-esim-goluboi-podarok-152004458/?c=750000000
167239399,Смартфон Apple iPhone 15 128Gb синий + подарок,Apple,468992,MOBILS,04.10.2026 | 15:04:00,https://kaspi.kz/shop/p/apple-iphone-15-128gb-sinii-podarok-167239399/?c=750000000
143710755,Смартфон Apple iPhone 16 Pro Max 256Gb NanoSIM+eSIM золотистый + подарок,Apple,754826,AG shop,04.10.2026 | 15:04:00,https://kaspi.kz/shop/p/apple-iphone-16-pro-max-256gb-nanosim-esim-zolotistyi-podarok-143710755/?c=750000000
169699834,Смартфон Apple iPhone 17 Pro Max 12/256GB Silver Чехол Apple для iPhone 17 Pro Max Silicone Case with MagSafe – Black MGFR4ZM/A,Apple,789980,Sulpаk,04.10.2026 | 15:04:00,https://kaspi.kz/shop/p/apple-iphone-17-pro-max-12-gb-256-gb-serebristyi-podarok-169699834/?c=750000000
106363281,Apple iPhone 14 Pro 128Gb NanoSIM+eSIM золотистый,Apple,645777,CN-MARKET,04.10.2026 | 15:04:00,https://kaspi.kz/shop/p/apple-iphone-14-pro-128gb-nanosim-esim-zolotistyi-106363281/?c=750000000
167455469,Смартфон Apple iPhone 17 Pro Max 512Gb темно-синий + подарок,Apple,959890,MOBILS,04.10.2026 | 15:04:00,https://kaspi.kz/shop/p/apple-iphone-17-pro-max-512gb-temno-sinii-podarok-167455469/?c=750000000
124338528,Apple iPhone 16 Pro Max 1Tb Dual eSim золотистый,Apple,1029978,Mobile_Shop,04.10.2026 | 15:04:00,https://kaspi.kz/shop/p/apple-iphone-16-pro-max-1tb-dual-esim-zolotistyi-124338528/?c=750000000
124338649,Apple iPhone 16 Plus 256Gb Dual eSim белый,Apple,629624,ZAKSTOR,04.10.2026 | 15:04:00,https://kaspi.kz/shop/p/apple-iphone-16-plus-256gb-dual-esim-belyi-124338649/?c=750000000
169618192,Apple iPhone 17 Pro 256 APPLE4_GIFT_A20W_17PCLE CosmicOrange,Apple,758459,NOVAMART,04.10.2026 | 15:04:00,https://kaspi.kz/shop/p/apple-iphone-17-pro-12-gb-256-gb-oranzhevyi-podarok-169618192/?c=750000000
168642032,Apple iPhone 17 Pro Max 256Gb синий + подарок,Apple,826531,Lynx,04.10.2026 | 15:04:14,https://kaspi.kz/shop/p/apple-iphone-17-pro-max-256gb-sinii-podarok-168642032/?c=750000000
152032470,Смартфон Apple iPhone 17 Pro Max Dual eSim 2Tb ГБ серебристый + подарок,Apple,1397777,CN-MARKET,04.10.2026 | 15:04:14,https://kaspi.kz/shop/p/apple-iphone-17-pro-max-dual-esim-2tb-gb-serebristyi-podarok-152032470/?c=750000000
168861154,Apple iPhone 17 Pro 1Tb APPLE2_GIFT_A20W_EAR CosmicOrange,Apple,999999,NOVAMART,04.10.2026 | 15:04:14,https://kaspi.kz/shop/p/apple-iphone-17-pro-1tb-oranzhevyi-podarok-168861154/?c=750000000
167487184,Смартфон Apple iPhone 17 Pro Max 256Gb серебристый + подарок,Apple,907760,BIG SHOP KZ,04.10.2026 | 15:04:14,https://kaspi.kz/shop/p/apple-iphone-17-pro-max-256gb-serebristyi-podarok-167487184/?c=750000000
169618818,Смартфон Apple iPhone 17 Pro Max 12/256GB Deep Blue Адаптер Apple 20W USB-C (MD3J4ZM/A) Чехол Apple для iPhone 17 Pro Max Clear Case with MagSafe MGFW4ZM/A,Apple,793460,Sulpаk,04.10.2026 | 15:04:14,https://kaspi.kz/shop/p/apple-iphone-17-pro-max-12-gb-256-gb-temno-sinii-podarok-169618818/?c=750000000
168664027,Смартфон Apple iPhone 17 Pro 512Gb серебристый + подарок,Apple,961039,Aslan Tel,04.10.2026 | 15:04:14,https://kaspi.kz/shop/p/apple-iphone-17-pro-512gb-serebristyi-podarok-168664027/?c=750000000
171514590,Смартфон Apple iPhone 17 256 GB черный + подарок,Apple,678000,UMMAH STORE,04.10.2026 | 15:04:14,https://kaspi.kz/shop/p/apple-iphone-17-256-gb-chernyi-podarok-171514590/?c=750000000
171515072,Apple iPhone 17 Pro 256 APPLE5_GIFT_A35WD_YA36 CosmicOrange,Apple,809990,NOVAMART,04.10.2026 | 15:04:14,https://kaspi.kz/shop/p/apple-iphone-17-pro-256-gb-oranzhevyi-podarok-171515072/?c=750000000
167237924,Apple iPhone Air 256Gb черный + подарок,Apple,708890,Lynx,04.10.2026 | 15:04:14,https://kaspi.kz/shop/p/apple-iphone-air-256gb-chernyi-podarok-167237924/?c=750000000
169618925,Смартфон Apple iPhone 17 Pro Max 12/256GB Deep Blue Адаптер Apple 20W USB-C (MD3J4ZM/A) Чехол Apple для iPhone 17 Pro Max Silicone Case with MagSafe – Black MGFR4ZM/A,Apple,774460,Sulpаk,04.10.2026 | 15:04:14,https://kaspi.kz/shop/p/apple-iphone-17-pro-max-12-gb-256-gb-temno-sinii-podarok-169618925/?c=750000000
168158338,Apple iPhone Air 256 APPLE2_GIFT_A20W_EAR SpaceBlack,Apple,620911,NOVAMART,04.10.2026 | 15:04:14,https://kaspi.kz/shop/p/apple-iphone-air-256gb-chernyi-podarok-168158338/?c=750000000
152720226,Apple iPhone 17 256Gb зеленый + подарок (Яндекс Плюс 24 месяцев),Apple,558995,Sirius,04.10.2026 | 15:04:14,https://kaspi.kz/shop/p/apple-iphone-17-256gb-nanosim-esim-zelenyi-podarok-152720226/?c=750000000
121693446,Apple iPhone 15 256Gb Dual eSim зеленый,Apple,529909,Mobile_Shop,04.10.2026 | 15:04:23,https://kaspi.kz/shop/p/apple-iphone-15-256gb-dual-esim-zelenyi-121693446/?c=750000000
169618723,Смартфон Apple iPhone 17 Pro Max 12 ГБ/256 ГБ оранжевый + подарок,Apple,774459,Best Tech,04.10.2026 | 15:04:23,https://kaspi.kz/shop/p/apple-iphone-17-pro-max-12-gb-256-gb-oranzhevyi-podarok-169618723/?c=750000000
171515179,Apple iPhone 17 Pro 256 APPLE5_GIFT_A20W_YA36 Silver,Apple,778990,NOVAMART,04.10.2026 | 15:04:23,https://kaspi.kz/shop/p/apple-iphone-17-pro-256-gb-serebristyi-podarok-171515179/?c=750000000
168156024,Смартфон Apple iPhone 15 128Gb синий + подарок,Apple,480000,UMMAH STORE 2,04.10.2026 | 15:04:23,https://kaspi.kz/shop/p/apple-iphone-15-128gb-sinii-podarok-168156024/?c=750000000
123890836,Apple iPhone 16 Pro Max 1Tb NanoSIM+eSIM серебристый,Apple,804990,PROFIT-ACTIVE,04.10.2026 | 15:04:23,https://kaspi.kz/shop/p/apple-iphone-16-pro-max-1tb-nanosim-esim-serebristyi-123890836/?c=750000000
167231175,Смартфон Apple iPhone 17 8 ГБ/256 ГБ зеленый + подарок,Apple,720000,UMMAH STORE,04.10.2026 | 15:04:23,https://kaspi.kz/shop/p/apple-iphone-17-8-gb-256-gb-zelenyi-podarok-167231175/?c=750000000
167487250,Apple iPhone 17 Pro Max 256Gb оранжевый + подарок,Apple,899899,Lynx,04.10.2026 | 15:04:23,https://kaspi.kz/shop/p/apple-iphone-17-pro-max-256gb-oranzhevyi-podarok-167487250/?c=750000000
122085259,Apple iPhone 14 Pro 1Tb Dual eSim фиолетовый,Apple,576148,Khan Grоup,04.10.2026 | 15:04:23,https://kaspi.kz/shop/p/apple-iphone-14-pro-1tb-dual-esim-fioletovyi-122085259/?c=750000000
167238228,Apple iPhone Air 256 APPLE1_GIFT_A20W_EAR_YA12 SpaceBlack,Apple,647128,NOVAMART,04.10.2026 | 15:04:23,https://kaspi.kz/shop/p/apple-iphone-air-256gb-chernyi-podarok-167238228/?c=750000000
167487178,Apple iPhone 17 Pro Max 256Gb оранжевый + подарок,Apple,995815,Lynx,04.10.2026 | 15:04:23,https://kaspi.kz/shop/p/apple-iphone-17-pro-max-256gb-oranzhevyi-podarok-167487178/?c=750000000
122033663,Смартфон Apple iPhone 14 256Gb Dual eSim черный,Apple,550000,MOBILS,04.10.2026 | 15:04:23,https://kaspi.kz/shop/p/apple-iphone-14-256gb-dual-esim-chernyi-122033663/?c=750000000
169699223,Смартфон Apple iPhone 17 8 ГБ/256 ГБ черный + подарок,Apple,600001,AG shop,04.10.2026 | 15:04:23,https://kaspi.kz/shop/p/apple-iphone-17-8-gb-256-gb-chernyi-podarok-169699223/?c=750000000
157280983,Apple iPhone 17 Pro Max 256Gb Dual eSim серебристый + подарок,Apple,778990,Lynx,04.10.2026 | 15:04:32,https://kaspi.kz/shop/p/apple-iphone-17-pro-max-256gb-dual-esim-serebristyi-podarok-157280983/?c=750000000
168641508,Apple iPhone 17 Pro Max 512 APPLE2_GIFT_A20W_PODS CosmicOrange,Apple,1044374,NOVAMART,04.10.2026 | 15:04:32,https://kaspi.kz/shop/p/apple-iphone-17-pro-max-512gb-oranzhevyi-podarok-168641508/?c=750000000
152006043,Apple iPhone 17 256Gb Dual eSim фиолетовый + подарок,Apple,639970,Lynx,04.10.2026 | 15:04:32,https://kaspi.kz/shop/p/apple-iphone-17-256gb-dual-esim-fioletovyi-podarok-152006043/?c=750000000
142747612,Смартфон Apple iPhone 16 Pro Max 512Gb Dual Sim белый,Apple,819988,OZEN,04.10.2026 | 15:04:32,https://kaspi.kz/shop/p/apple-iphone-16-pro-max-512gb-dual-sim-belyi-142747612/?c=750000000
167239225,Смартфон Apple iPhone 15 256Gb черный + подарок,Apple,629915,SmartDuken,04.10.2026 | 15:04:32,https://kaspi.kz/shop/p/apple-iphone-15-256gb-chernyi-podarok-167239225/?c=750000000
171515011,Apple iPhone 17 Pro Max 256 APPLE5_GIFT_A20W_YA36 Silver,Apple,836999,NOVAMART,04.10.2026 | 15:04:32,https://kaspi.kz/shop/p/apple-iphone-17-pro-max-256-gb-serebristyi-podarok-171515011/?c=750000000
168641845,Apple iPhone 17 Pro Max 256Gb серебристый + подарок,Apple,985964,Lynx,04.10.2026 | 15:04:32,https://kaspi.kz/shop/p/apple-iphone-17-pro-max-256gb-serebristyi-podarok-168641845/?c=750000000
114725347,Смартфон Apple iPhone 15 Pro 1Tb Dual Sim белый,Apple,699998,iStore KZ,04.10.2026 | 15:04:32,https://kaspi.kz/shop/p/apple-iphone-15-pro-1tb-dual-sim-belyi-114725347/?c=750000000
113138065,Apple iPhone 15 Plus 256Gb NanoSIM+eSIM зеленый,Apple,512286,1Bay,04.10.2026 | 15:04:32,https://kaspi.kz/shop/p/apple-iphone-15-plus-256gb-nanosim-esim-zelenyi-113138065/?c=750000000
168035827,Смартфон Apple iPhone 17 Pro 1Tb оранжевый + подарок,Apple,1232999,MOBILS,04.10.2026 | 15:04:32,https://kaspi.kz/shop/p/apple-iphone-17-pro-1tb-oranzhevyi-podarok-168035827/?c=750000000
168036060,Смартфон Apple iPhone 17 Pro Max 512Gb серебристый + подарок,Apple,1381000,UMMAH STORE,04.10.2026 | 15:04:32,https://kaspi.kz/shop/p/apple-iphone-17-pro-max-512gb-serebristyi-podarok-168036060/?c=750000000
168642200,Смартфон Apple iPhone 17 Pro Max 1Tb синий + подарок,Apple,1274238,AG shop,04.10.2026 | 15:04:32,https://kaspi.kz/shop/p/apple-iphone-17-pro-max-1tb-sinii-podarok-168642200/?c=750000000
167389789,Apple iPhone 17 Pro 512 APPLE1_GIFT_A20W_PODS_YA12 Silver,Apple,987990,NOVAMART,04.10.2026 | 15:04:41,https://kaspi.kz/shop/p/apple-iphone-17-pro-512gb-serebristyi-podarok-167389789/?c=750000000
168035047,Apple iPhone 17 Pro 512 APPLE2_GIFT_A20W_PODS_SE3S Silver,Apple,1100001,NOVAMART,04.10.2026 | 15:04:41,https://kaspi.kz/shop/p/apple-iphone-17-pro-512gb-serebristyi-podarok-168035047/?c=750000000
167732841,Смартфон Apple iPhone 17 256Gb черный + подарок,Apple,797239,AG shop,04.10.2026 | 15:04:41,https://kaspi.kz/shop/p/apple-iphone-17-256gb-chernyi-podarok-167732841/?c=750000000
168156970,Смартфон Apple iPhone 17 256Gb белый + подарок,Apple,658391,MOBILS,04.10.2026 | 15:04:41,https://kaspi.kz/shop/p/apple-iphone-17-256gb-belyi-podarok-168156970/?c=750000000
168861089,Apple iPhone 17 Pro 1Tb серебристый + подарок,Apple,1012000,UMMAH STORE,04.10.2026 | 15:04:41,https://kaspi.kz/shop/p/apple-iphone-17-pro-1tb-serebristyi-podarok-168861089/?c=750000000
171514827,Смартфон Apple iPhone 17 256 GB фиолетовый + подарок,Apple,688499,SmartDuken,04.10.2026 | 15:04:41,https://kaspi.kz/shop/p/apple-iphone-17-256-gb-fioletovyi-podarok-171514827/?c=750000000
152029851,Apple iPhone 17 Pro Max 1024Gb Dual eSim оранжевый + подарок (Яндекс Плюс 24 месяцев),Apple,939897,Sirius,04.10.2026 | 15:04:41,https://kaspi.kz/shop/p/apple-iphone-17-pro-max-1024gb-dual-esim-oranzhevyi-podarok-152029851/?c=750000000
168642215,,Apple,1189799,SmartDuken,04.10.2026 | 15:04:41,https://kaspi.kz/shop/p/apple-iphone-17-pro-max-1tb-oranzhevyi-podarok-168642215/?c=750000000
168158137,Смартфон Apple iPhone Air 256Gb черный + подарок,Apple,670000,UMMAH STORE,04.10.2026 | 15:04:41,https://kaspi.kz/shop/p/apple-iphone-air-256gb-chernyi-podarok-168158137/?c=750000000
167731863,Смартфон Apple iPhone 17 256Gb голубой + подарок,Apple,769991,MOBILS,04.10.2026 | 15:04:41,https://kaspi.kz/shop/p/apple-iphone-17-256gb-goluboi-podarok-167731863/?c=750000000
168036638,Смартфон Apple iPhone 17 Pro Max 1Tb оранжевый + подарок,Apple,1404891,MOBILS,04.10.2026 | 15:04:41,https://kaspi.kz/shop/p/apple-iphone-17-pro-max-1tb-oranzhevyi-podarok-168036638/?c=750000000
169618219,Apple iPhone 17 Pro 256 APPLE4_GIFT_A20W_17PBLA CosmicOrange,Apple,753459,NOVAMART,04.10.2026 | 15:04:41,https://kaspi.kz/shop/p/apple-iphone-17-pro-12-gb-256-gb-oranzhevyi-podarok-169618219/?c=750000000
167390625,Apple iPhone 17 Pro 256 APPLE1_GIFT_A20W_PODS_YA12 CosmicOrange,Apple,849990,NOVAMART,04.10.2026 | 15:04:50,https://kaspi.kz/shop/p/apple-iphone-17-pro-256gb-oranzhevyi-podarok-167390625/?c=750000000
169619158,Apple iPhone 17 Pro Max 12 ГБ/256 ГБ серебристый + подарок,Apple,804458,Mobile_Shop,04.10.2026 | 15:04:50,https://kaspi.kz/shop/p/apple-iphone-17-pro-max-12-gb-256-gb-serebristyi-podarok-169619158/?c=750000000
157279888,Apple iPhone 17 Pro Max 512Gb Dual eSim оранжевый + подарок,Apple,909290,Lynx,04.10.2026 | 15:04:50,https://kaspi.kz/shop/p/apple-iphone-17-pro-max-512gb-dual-esim-oranzhevyi-podarok-157279888/?c=750000000
157281221,Смартфон Apple iPhone 17 Pro Max 256Gb Dual eSim оранжевый + подарок,Apple,810000,UMMAH STORE,04.10.2026 | 15:04:50,https://kaspi.kz/shop/p/apple-iphone-17-pro-max-256gb-dual-esim-oranzhevyi-podarok-157281221/?c=750000000
168861077,Apple iPhone 17 Pro 1Tb синий + подарок,Apple,1197767,Мобитайм,04.10.2026 | 15:04:50,https://kaspi.kz/shop/p/apple-iphone-17-pro-1tb-sinii-podarok-168861077/?c=750000000
167390031,Смартфон Apple iPhone 17 Pro 512Gb оранжевый + подарок,Apple,1053464,MOBILS,04.10.2026 | 15:04:50,https://kaspi.kz/shop/p/apple-iphone-17-pro-512gb-oranzhevyi-podarok-167390031/?c=750000000
171514806,Apple iPhone 17 256 GB голубой + подарок (Яндекс Плюс 36 месяцев + Адаптер Apple 20W),Apple,579900,Sirius,04.10.2026 | 15:04:50,https://kaspi.kz/shop/p/apple-iphone-17-256-gb-goluboi-podarok-171514806/?c=750000000
168035991,Смартфон Apple iPhone 17 Pro Max 512Gb серебристый + подарок,Apple,1196692,MOBILS,04.10.2026 | 15:04:50,https://kaspi.kz/shop/p/apple-iphone-17-pro-max-512gb-serebristyi-podarok-168035991/?c=750000000
169699339,Apple iPhone 17 Pro 256 APPLE4_GIFT_17PBLA Silver,Apple,749990,NOVAMART,04.10.2026 | 15:04:50,https://kaspi.kz/shop/p/apple-iphone-17-pro-12-gb-256-gb-serebristyi-podarok-169699339/?c=750000000
172886451,Apple iPhone 17e 512Gb dual eSIM черный,Apple,587999,ZAKSTOR,04.10.2026 | 15:04:50,https://kaspi.kz/shop/p/apple-iphone-17e-512gb-dual-esim-chernyi-172886451/?c=750000000
168641863,Смартфон Apple iPhone 17 Pro Max 256Gb синий + подарок,Apple,969100,BIG SHOP KZ,04.10.2026 | 15:04:50,https://kaspi.kz/shop/p/apple-iphone-17-pro-max-256gb-sinii-podarok-168641863/?c=750000000
169618073,Apple iPhone 17 Pro 256 APPLE4_GIFT_A20W_17PCLE DeepBlue,Apple,758459,NOVAMART,04.10.2026 | 15:04:50,https://kaspi.kz/shop/p/apple-iphone-17-pro-12-gb-256-gb-temno-sinii-podarok-169618073/?c=750000000
168642164,Смартфон Apple iPhone 17 Pro Max 1Tb оранжевый + подарок,Apple,1378391,AG shop,04.10.2026 | 15:04:58,https://kaspi.kz/shop/p/apple-iphone-17-pro-max-1tb-oranzhevyi-podarok-168642164/?c=750000000
167239372,Смартфон Apple iPhone 15 128Gb черный + подарок,Apple,570000,UMMAH STORE,04.10.2026 | 15:04:58,https://kaspi.kz/shop/p/apple-iphone-15-128gb-chernyi-podarok-167239372/?c=750000000
152007093,Смартфон Apple iPhone 17 Pro 1024Gb Dual eSim серебристый + подарок,Apple,986991,MOBILS,04.10.2026 | 15:04:58,https://kaspi.kz/shop/p/apple-iphone-17-pro-1024gb-dual-esim-serebristyi-podarok-152007093/?c=750000000
147253255,Смартфон Apple iPhone 16 Pro Max 256Gb NanoSIM+eSIM золотистый + подарок,Apple,799990,Zest Store,04.10.2026 | 15:04:58,https://kaspi.kz/shop/p/apple-iphone-16-pro-max-256gb-nanosim-esim-zolotistyi-podarok-147253255/?c=750000000
167239168,Смартфон Apple iPhone 15 256Gb синий + подарок,Apple,615099,SmartDuken,04.10.2026 | 15:04:58,https://kaspi.kz/shop/p/apple-iphone-15-256gb-sinii-podarok-167239168/?c=750000000
134233961,Смартфон Apple iPhone 16 128Gb NanoSIM+eSIM белый + подарок,Apple,570000,UMMAH STORE,04.10.2026 | 15:04:58,https://kaspi.kz/shop/p/apple-iphone-16-128gb-nanosim-esim-belyi-podarok-134233961/?c=750000000
121703242,Apple iPhone 15 Pro Max 512Gb Dual eSim серый,Apple,899990,Mobile_Shop,04.10.2026 | 15:04:58,https://kaspi.kz/shop/p/apple-iphone-15-pro-max-512gb-dual-esim-seryi-121703242/?c=750000000
171579223,Apple iPhone 15 256 APPLE5_GIFT_A20W_YA36 Black,Apple,560990,NOVAMART,04.10.2026 | 15:04:58,https://kaspi.kz/shop/p/apple-iphone-15-6-gb-256-gb-chernyi-podarok-171579223/?c=750000000
152721123,Apple iPhone 17 Pro Max 2Tb NanoSIM+eSIM темно-синий + подарок,Apple,1315781,PhoneKZ,04.10.2026 | 15:04:58,https://kaspi.kz/shop/p/apple-iphone-17-pro-max-2tb-nanosim-esim-temno-sinii-podarok-152721123/?c=750000000
168156626,Смартфон Apple iPhone 15 256Gb синий + подарок,Apple,598900,UMMAH STORE 2,04.10.2026 | 15:04:58,https://kaspi.kz/shop/p/apple-iphone-15-256gb-sinii-podarok-168156626/?c=750000000
167487567,Смартфон Apple iPhone 17 Pro Max 1Tb темно-синий + подарок,Apple,1354607,SmartDuken,04.10.2026 | 15:04:58,https://kaspi.kz/shop/p/apple-iphone-17-pro-max-1tb-temno-sinii-podarok-167487567/?c=750000000
157460782,Apple iPhone 15 128Gb голубой + подарок (Яндекс Плюс 12 месяцев),Apple,407900,Sirius,04.10.2026 | 15:04:58,https://kaspi.kz/shop/p/apple-iphone-15-128gb-nanosim-esim-goluboi-podarok-157460782/?c=750000000
133139054,Apple iPhone 16 128Gb Dual Sim зеленый,Apple,519999,Mobile_Shop,04.10.2026 | 15:05:10,https://kaspi.kz/shop/p/apple-iphone-16-128gb-dual-sim-zelenyi-133139054/?c=750000000
167231302,Apple iPhone 17 256Gb зеленый+подарок(Apple EarPods USB-C+Apple Power Adapter 20W+Яндекс 12 месяцев),Apple,584897,Sirius,04.10.2026 | 15:05:10,https://kaspi.kz/shop/p/apple-iphone-17-8-gb-256-gb-zelenyi-podarok-167231302/?c=750000000
167238273,Apple iPhone Air 256 APPLE1_GIFT_A20W_EAR_YA12 LightGold,Apple,648990,NOVAMART,04.10.2026 | 15:05:10,https://kaspi.kz/shop/p/apple-iphone-air-256gb-zolotistyi-podarok-167238273/?c=750000000
171514990,Apple iPhone 17 Pro Max 256 APPLE5_GIFT_A35WD_YA36 CosmicOrange,Apple,875990,NOVAMART,04.10.2026 | 15:05:10,https://kaspi.kz/shop/p/apple-iphone-17-pro-max-256-gb-oranzhevyi-podarok-171514990/?c=750000000
178956212,Apple iPhone 17 Pro Max 2Tb APPLE6_GIFT_A40W_EAR_YA24 DeepBlue,Apple,1352990,NOVAMART,04.10.2026 | 15:05:10,https://kaspi.kz/shop/p/apple-iphone-17-pro-max-2tb-temno-sinii-podarok-178956212/?c=750000000
152004327,Apple iPhone 17 256Gb Dual eSim белый + подарок,Apple,689989,Lynx,04.10.2026 | 15:05:10,https://kaspi.kz/shop/p/apple-iphone-17-256gb-dual-esim-belyi-podarok-152004327/?c=750000000
171584389,,Apple,491479,SmartDuken,04.10.2026 | 15:05:10,https://kaspi.kz/shop/p/apple-iphone-15-6-gb-128-gb-chernyi-podarok-171584389/?c=750000000
167239316,Смартфон Apple iPhone 15 128Gb синий + подарок,Apple,532905,SmartDuken,04.10.2026 | 15:05:10,https://kaspi.kz/shop/p/apple-iphone-15-128gb-sinii-podarok-167239316/?c=750000000
167487650,Смартфон Apple iPhone 17 Pro Max 1Tb серебристый + подарок,Apple,1290000,UMMAH STORE,04.10.2026 | 15:05:10,https://kaspi.kz/shop/p/apple-iphone-17-pro-max-1tb-serebristyi-podarok-167487650/?c=750000000
168156626,Смартфон Apple iPhone 15 256Gb синий + подарок,Apple,598900,UMMAH STORE 2,04.10.2026 | 15:05:10,https://kaspi.kz/shop/p/apple-iphone-15-256gb-sinii-podarok-168156626/?c=750000000
167643404,Смартфон Apple iPhone Air 512Gb золотистый + подарок,Apple,1033736,SmartDuken,04.10.2026 | 15:05:10,https://kaspi.kz/shop/p/apple-iphone-air-512gb-zolotistyi-podarok-167643404/?c=750000000
168156634,Смартфон Apple iPhone 15 256Gb черный + подарок,Apple,611802,MOBILS,04.10.2026 | 15:05:10,https://kaspi.kz/shop/p/apple-iphone-15-256gb-chernyi-podarok-168156634/?c=750000000
152032619,Apple iPhone 17 Pro Max Dual eSim 2Tb синий + подарок (Яндекс Плюс 24 месяцев),Apple,1129900,Sirius,04.10.2026 | 15:05:19,https://kaspi.kz/shop/p/apple-iphone-17-pro-max-dual-esim-2tb-sinii-podarok-152032619/?c=750000000
168035583,Смартфон Apple iPhone 17 Pro 256Gb оранжевый + подарок,Apple,995967,MOBILS,04.10.2026 | 15:05:19,https://kaspi.kz/shop/p/apple-iphone-17-pro-256gb-oranzhevyi-podarok-168035583/?c=750000000
168035682,Смартфон Apple iPhone 17 Pro 1Tb серебристый + подарок,Apple,1346758,SmartDuken,04.10.2026 | 15:05:19,https://kaspi.kz/shop/p/apple-iphone-17-pro-1tb-serebristyi-podarok-168035682/?c=750000000
154661269,Смартфон Apple iPhone 17 Dual eSim 256Gb белый + подарок,Apple,620000,UMMAH STORE,04.10.2026 | 15:05:19,https://kaspi.kz/shop/p/apple-iphone-17-dual-esim-256gb-belyi-podarok-154661269/?c=750000000
168035211,Apple iPhone 17 Pro 256 APPLE2_GIFT_A20W_PODS_SE3S Silver,Apple,992433,NOVAMART,04.10.2026 | 15:05:19,https://kaspi.kz/shop/p/apple-iphone-17-pro-256gb-serebristyi-podarok-168035211/?c=750000000
171675177,Смартфон Apple iPhone Air 12 ГБ/512 ГБ голубой + подарок,Apple,889000,UMMAH STORE,04.10.2026 | 15:05:19,https://kaspi.kz/shop/p/apple-iphone-air-12-gb-512-gb-goluboi-podarok-171675177/?c=750000000
168158155,Apple iPhone Air 256 APPLE2_GIFT_A20W_PODS LightGold,Apple,709990,NOVAMART,04.10.2026 | 15:05:19,https://kaspi.kz/shop/p/apple-iphone-air-256gb-zolotistyi-podarok-168158155/?c=750000000
152720484,Смартфон Apple iPhone 17 512Gb NanoSIM+eSIM фиолетовый + подарок,Apple,770000,UMMAH STORE,04.10.2026 | 15:05:19,https://kaspi.kz/shop/p/apple-iphone-17-512gb-nanosim-esim-fioletovyi-podarok-152720484/?c=750000000
167452143,Apple iPhone 17 Pro Max 512 APPLE1_GIFT_A20W_PPRO_YA12 CosmicOrange,Apple,1144990,NOVAMART,04.10.2026 | 15:05:19,https://kaspi.kz/shop/p/apple-iphone-17-pro-max-512gb-oranzhevyi-podarok-167452143/?c=750000000
167729048,Apple iPhone 17 256Gb голубой + подарок,Apple,814653,Мобитайм,04.10.2026 | 15:05:19,https://kaspi.kz/shop/p/apple-iphone-17-256gb-goluboi-podarok-167729048/?c=750000000
179005571,Apple iPhone 17 256Gb черный +подарок(Apple EarPods USB-C+Apple Adapter 20W+Яндекс 36 месяцев),Apple,589900,Sirius,04.10.2026 | 15:05:19,https://kaspi.kz/shop/p/apple-iphone-17-256gb-chernyi-podarok-179005571/?c=750000000
167237602,Смартфон Apple iPhone Air 512Gb черный + подарок,Apple,801919,SmartDuken,04.10.2026 | 15:05:19,https://kaspi.kz/shop/p/apple-iphone-air-512gb-chernyi-podarok-167237602/?c=750000000
168159152,Apple iPhone Air 1Tb золотистый + подарок,Apple,859880,Мобитайм,04.10.2026 | 15:05:28,https://kaspi.kz/shop/p/apple-iphone-air-1tb-zolotistyi-podarok-168159152/?c=750000000
167238111,Смартфон Apple iPhone Air 256Gb золотистый + подарок,Apple,702825,SmartDuken,04.10.2026 | 15:05:28,https://kaspi.kz/shop/p/apple-iphone-air-256gb-zolotistyi-podarok-167238111/?c=750000000
167391287,Apple iPhone 17 Pro 1Tb APPLE1_GIFT_A20W_EAR_YA12 CosmicOrange,Apple,1020440,NOVAMART,04.10.2026 | 15:05:28,https://kaspi.kz/shop/p/apple-iphone-17-pro-1tb-oranzhevyi-podarok-167391287/?c=750000000
167237325,iPhone Air 512Gb голубой + подарок,Apple,867880,Lynx,04.10.2026 | 15:05:28,https://kaspi.kz/shop/p/apple-iphone-air-512gb-goluboi-podarok-167237325/?c=750000000
167487510,,Apple,1446157,SmartDuken,04.10.2026 | 15:05:28,https://kaspi.kz/shop/p/apple-iphone-17-pro-max-1tb-temno-sinii-podarok-167487510/?c=750000000
178944694,Apple iPhone 17 Pro 256 APPLE6_GIFT_A40W CosmicOrange,Apple,769990,NOVAMART,04.10.2026 | 15:05:28,https://kaspi.kz/shop/p/apple-iphone-17-pro-256gb-oranzhevyi-podarok-178944694/?c=750000000
171675014,Смартфон Apple iPhone Air 12 ГБ/512 ГБ черный + подарок,Apple,898000,UMMAH STORE,04.10.2026 | 15:05:28,https://kaspi.kz/shop/p/apple-iphone-air-12-gb-512-gb-chernyi-podarok-171675014/?c=750000000
170829779,Apple iPhone 17 256Gb голубой + подарок,Apple,639990,Мобитайм,04.10.2026 | 15:05:28,https://kaspi.kz/shop/p/apple-iphone-17-256gb-goluboi-podarok-170829779/?c=750000000
167239748,Смартфон Apple iPhone 17 512Gb фиолетовый + подарок,Apple,769000,UMMAH STORE,04.10.2026 | 15:05:28,https://kaspi.kz/shop/p/apple-iphone-17-512gb-fioletovyi-podarok-167239748/?c=750000000
157286570,Смартфон Apple iPhone 17 Pro 1024Gb Dual eSim оранжевый + подарок,Apple,1011602,SmartDuken,04.10.2026 | 15:05:28,https://kaspi.kz/shop/p/apple-iphone-17-pro-1024gb-dual-esim-oranzhevyi-podarok-157286570/?c=750000000
167390105,Apple iPhone 17 Pro 256Gb темно-синий + подарок,Apple,939540,Lynx,04.10.2026 | 15:05:28,https://kaspi.kz/shop/p/apple-iphone-17-pro-256gb-temno-sinii-podarok-167390105/?c=750000000
167643328,Смартфон Apple iPhone Air 256Gb голубой + подарок,Apple,882000,UMMAH STORE,04.10.2026 | 15:05:28,https://kaspi.kz/shop/p/apple-iphone-air-256gb-goluboi-podarok-167643328/?c=750000000
157287096,Смартфон Apple iPhone 17 Pro Max 512Gb Dual eSim серебристый + подарок,Apple,1121983,SmartDuken,04.10.2026 | 15:05:37,https://kaspi.kz/shop/p/apple-iphone-17-pro-max-podpiska-jandeks-pljus-na-12-mesjatsev-12-gb-512-gb-serebristyi-157287096/?c=750000000
152032385,Apple iPhone 17 Pro Max Dual eSim 2 Tb оранжевый + подарок (Яндекс Плюс 24 месяцев),Apple,1139900,Sirius,04.10.2026 | 15:05:37,https://kaspi.kz/shop/p/apple-iphone-17-pro-max-dual-esim-2-tb-oranzhevyi-podarok-152032385/?c=750000000
154661201,Смартфон Apple iPhone 17 Dual eSim 256Gb зеленый + подарок,Apple,680000,UMMAH STORE,04.10.2026 | 15:05:37,https://kaspi.kz/shop/p/apple-iphone-17-dual-esim-256gb-zelenyi-podarok-154661201/?c=750000000
168035121,Смартфон Apple iPhone 17 Pro 512Gb темно-синий + подарок,Apple,1386326,MOBILS,04.10.2026 | 15:05:37,https://kaspi.kz/shop/p/apple-iphone-17-pro-512gb-temno-sinii-podarok-168035121/?c=750000000
167451875,Apple iPhone 17 Pro Max 512 APPLE1_GIFT_A20W_PPRO_YA12 DeepBlue,Apple,1144470,NOVAMART,04.10.2026 | 15:05:37,https://kaspi.kz/shop/p/apple-iphone-17-pro-max-512gb-temno-sinii-podarok-167451875/?c=750000000
167389476,Apple iPhone 17 Pro 512 APPLE1_GIFT_A20W_PPRO_YA12 Silver,Apple,1078990,NOVAMART,04.10.2026 | 15:05:37,https://kaspi.kz/shop/p/apple-iphone-17-pro-512gb-serebristyi-podarok-167389476/?c=750000000
167728920,Смартфон Apple iPhone 17 512Gb фиолетовый + подарок,Apple,879000,UMMAH STORE,04.10.2026 | 15:05:37,https://kaspi.kz/shop/p/apple-iphone-17-512gb-fioletovyi-podarok-167728920/?c=750000000
152721113,Apple iPhone 17 Pro Max 2Tb NanoSIM+eSIM серебристый + подарок,Apple,1379193,PhoneKZ,04.10.2026 | 15:05:37,https://kaspi.kz/shop/p/apple-iphone-17-pro-max-2tb-nanosim-esim-serebristyi-podarok-152721113/?c=750000000
168158059,Apple iPhone Air 512Gb золотистый + подарок,Apple,958880,Мобитайм,04.10.2026 | 15:05:37,https://kaspi.kz/shop/p/apple-iphone-air-512gb-zolotistyi-podarok-168158059/?c=750000000
167643888,Apple iPhone Air 256 APPLE2_GIFT_A20W_PODS_SE3S SpaceBlack,Apple,836518,NOVAMART,04.10.2026 | 15:05:37,https://kaspi.kz/shop/p/apple-iphone-air-256gb-chernyi-podarok-167643888/?c=750000000
152720434,Смартфон Apple iPhone 17 512Gb NanoSIM+eSIM зеленый + подарок,Apple,739900,UMMAH STORE 2,04.10.2026 | 15:05:37,https://kaspi.kz/shop/p/apple-iphone-17-512gb-nanosim-esim-zelenyi-podarok-152720434/?c=750000000
152032223,Смартфон Apple iPhone Air 512Gb голубой + подарок,Apple,798989,SmartDuken,04.10.2026 | 15:05:37,https://kaspi.kz/shop/p/apple-iphone-air-512gb-goluboi-podarok-152032223/?c=750000000
167457895,Apple iPhone 17 Pro Max 2Tb APPLE1_GIFT_A20W_PODS_YA12 CosmicOrange,Apple,1469990,NOVAMART,04.10.2026 | 15:05:46,https://kaspi.kz/shop/p/apple-iphone-17-pro-max-2tb-oranzhevyi-podarok-167457895/?c=750000000
167237361,iPhone Air 512Gb белый + подарок,Apple,899990,Lynx,04.10.2026 | 15:05:46,https://kaspi.kz/shop/p/apple-iphone-air-512gb-belyi-podarok-167237361/?c=750000000
157286958,Apple iPhone 17 Pro 256Gb Dual eSim синий + подарок,Apple,818990,Lynx,04.10.2026 | 15:05:46,https://kaspi.kz/shop/p/apple-iphone-17-pro-256gb-dual-esim-sinii-podarok-157286958/?c=750000000
170828794,,Apple,657075,SmartDuken,04.10.2026 | 15:05:46,https://kaspi.kz/shop/p/apple-iphone-17-256gb-belyi-podarok-170828794/?c=750000000
168035891,Смартфон Apple iPhone 17 Pro 1Tb темно-синий + подарок,Apple,1499777,CN-MARKET,04.10.2026 | 15:05:46,https://kaspi.kz/shop/p/apple-iphone-17-pro-1tb-temno-sinii-podarok-168035891/?c=750000000
167389555,Apple iPhone 17 Pro 512Gb оранжевый + подарок,Apple,1018990,Lynx,04.10.2026 | 15:05:46,https://kaspi.kz/shop/p/apple-iphone-17-pro-512gb-oranzhevyi-podarok-167389555/?c=750000000
178957475,Apple iPhone 17 256Gb голубой + подарок (Яндекс Плюс 36 месяцев),Apple,564900,Sirius,04.10.2026 | 15:05:46,https://kaspi.kz/shop/p/apple-iphone-17-256gb-goluboi-podarok-178957475/?c=750000000
171677334,Apple iPhone Air 256 APPLE5_GIFT_A20W_YA36 LightGold,Apple,647979,NOVAMART,04.10.2026 | 15:05:46,https://kaspi.kz/shop/p/apple-iphone-air-12-gb-256-gb-zolotistyi-podarok-171677334/?c=750000000
179005714,Apple iPhone 17 256Gb зеленый +подарок(Apple EarPods USB-C+Apple Adapter 20W+Яндекс 36 месяцев),Apple,589900,Sirius,04.10.2026 | 15:05:46,https://kaspi.kz/shop/p/apple-iphone-17-256gb-zelenyi-podarok-179005714/?c=750000000
171514777,Apple iPhone 17 256 GB зеленый + подарок (Яндекс Плюс 36 месяцев + Адаптер Apple 20W),Apple,579900,Sirius,04.10.2026 | 15:05:46,https://kaspi.kz/shop/p/apple-iphone-17-256-gb-zelenyi-podarok-171514777/?c=750000000
147534050,Apple iPhone Air 256 APPLE_GIFT_YA12 LightGold,Apple,623990,NOVAMART,04.10.2026 | 15:05:46,https://kaspi.kz/shop/p/apple-iphone-air-256gb-zolotistyi-podarok-147534050/?c=750000000
167230973,Смартфон Apple iPhone 17 8 ГБ/512 ГБ белый + подарок,Apple,829698,AG shop,04.10.2026 | 15:05:46,https://kaspi.kz/shop/p/apple-iphone-17-8-gb-512-gb-belyi-podarok-167230973/?c=750000000
167457895,Apple iPhone 17 Pro Max 2Tb APPLE1_GIFT_A20W_PODS_YA12 CosmicOrange,Apple,1469990,NOVAMART,04.10.2026 | 15:05:55,https://kaspi.kz/shop/p/apple-iphone-17-pro-max-2tb-oranzhevyi-podarok-167457895/?c=750000000
171514443,Смартфон Apple iPhone 17 256 GB зеленый + подарок,Apple,679000,UMMAH STORE,04.10.2026 | 15:05:55,https://kaspi.kz/shop/p/apple-iphone-17-256-gb-zelenyi-podarok-171514443/?c=750000000
171677484,Смартфон Apple iPhone Air 12 ГБ/256 ГБ белый + подарок,Apple,660000,SmartDuken,04.10.2026 | 15:05:55,https://kaspi.kz/shop/p/apple-iphone-air-12-gb-256-gb-belyi-podarok-171677484/?c=750000000
168641326,Смартфон Apple iPhone 17 Pro Max 512Gb серебристый + подарок,Apple,1257999,SmartDuken,04.10.2026 | 15:05:55,https://kaspi.kz/shop/p/apple-iphone-17-pro-max-512gb-serebristyi-podarok-168641326/?c=750000000
167487730,Смартфон Apple iPhone 17 Pro Max 1Tb оранжевый + подарок,Apple,1304986,SmartDuken,04.10.2026 | 15:05:55,https://kaspi.kz/shop/p/apple-iphone-17-pro-max-1tb-oranzhevyi-podarok-167487730/?c=750000000
178943801,Apple iPhone 17 Pro Max 2Tb APPLE6_GIFT_A40W Silver,Apple,1389990,NOVAMART,04.10.2026 | 15:05:55,https://kaspi.kz/shop/p/apple-iphone-17-pro-max-2tb-serebristyi-podarok-178943801/?c=750000000
167644082,iPhone Air 1Tb белый + подарок,Apple,1079990,Lynx,04.10.2026 | 15:05:55,https://kaspi.kz/shop/p/apple-iphone-air-1tb-belyi-podarok-167644082/?c=750000000
157461388,Apple iPhone 17 Pro Max Dual eSim 2048Gb оранжевый + подарок,Apple,1279990,Techno Lider,04.10.2026 | 15:05:55,https://kaspi.kz/shop/p/apple-iphone-17-pro-max-dual-esim-2048gb-oranzhevyi-podarok-157461388/?c=750000000
168665123,Смартфон Apple iPhone 17 Pro 256Gb оранжевый + подарок,Apple,871306,Aslan Tel,04.10.2026 | 15:05:55,https://kaspi.kz/shop/p/apple-iphone-17-pro-256gb-oranzhevyi-podarok-168665123/?c=750000000
168036108,Apple iPhone 17 Pro Max 2Tb APPLE2_GIFT_A20W_PODS_SE3S Silver,Apple,1628990,NOVAMART,04.10.2026 | 15:05:55,https://kaspi.kz/shop/p/apple-iphone-17-pro-max-2tb-serebristyi-podarok-168036108/?c=750000000
168642133,,Apple,1503904,SmartDuken,04.10.2026 | 15:05:55,https://kaspi.kz/shop/p/apple-iphone-17-pro-max-1tb-serebristyi-podarok-168642133/?c=750000000
154661186,Смартфон Apple iPhone 17 Dual eSim 256Gb фиолетовый + подарок,Apple,679999,AG shop,04.10.2026 | 15:05:55,https://kaspi.kz/shop/p/apple-iphone-17-dual-esim-256gb-fioletovyi-podarok-154661186/?c=750000000
168158108,Смартфон Apple iPhone Air 512Gb золотистый + подарок,Apple,776999,SmartDuken,04.10.2026 | 15:06:09,https://kaspi.kz/shop/p/apple-iphone-air-512gb-zolotistyi-podarok-168158108/?c=750000000
167238142,Смартфон Apple iPhone Air 256Gb белый + подарок,Apple,742333,SmartDuken,04.10.2026 | 15:06:09,https://kaspi.kz/shop/p/apple-iphone-air-256gb-belyi-podarok-167238142/?c=750000000
178949085,Apple iPhone 17 Pro 256 APPLE6_GIFT_A40W_EAR DeepBlue,Apple,781990,NOVAMART,04.10.2026 | 15:06:09,https://kaspi.kz/shop/p/apple-iphone-17-pro-256gb-temno-sinii-podarok-178949085/?c=750000000
171514881,Apple iPhone 17 Pro Max 256 APPLE5_GIFT_A35WD_YA36 Silver,Apple,867990,NOVAMART,04.10.2026 | 15:06:09,https://kaspi.kz/shop/p/apple-iphone-17-pro-max-256-gb-serebristyi-podarok-171514881/?c=750000000
171677188,Смартфон Apple iPhone Air 12 ГБ/256 ГБ голубой + подарок,Apple,651000,UMMAH STORE 2,04.10.2026 | 15:06:09,https://kaspi.kz/shop/p/apple-iphone-air-12-gb-256-gb-goluboi-podarok-171677188/?c=750000000
179011665,Apple iPhone Air 256 APPLE6_GIFT_A40W SpaceBlack,Apple,638990,NOVAMART,04.10.2026 | 15:06:09,https://kaspi.kz/shop/p/apple-iphone-air-256gb-chernyi-podarok-179011665/?c=750000000
167456767,Apple iPhone 17 Pro Max 2Tb APPLE1_GIFT_A20W_PPRO_YA12 DeepBlue,Apple,1498990,NOVAMART,04.10.2026 | 15:06:09,https://kaspi.kz/shop/p/apple-iphone-17-pro-max-2tb-temno-sinii-podarok-167456767/?c=750000000
168159147,iPhone Air 1Tb голубой + подарок,Apple,818818,Lynx,04.10.2026 | 15:06:09,https://kaspi.kz/shop/p/apple-iphone-air-1tb-goluboi-podarok-168159147/?c=750000000
167390146,Apple iPhone 17 Pro 256 APPLE1_GIFT_A20W_PPRO_YA12 CosmicOrange,Apple,940990,NOVAMART,04.10.2026 | 15:06:09,https://kaspi.kz/shop/p/apple-iphone-17-pro-256gb-oranzhevyi-podarok-167390146/?c=750000000
178956094,Apple iPhone 17 Pro Max 256 APPLE6_GIFT_A40W Silver,Apple,827990,NOVAMART,04.10.2026 | 15:06:09,https://kaspi.kz/shop/p/apple-iphone-17-pro-max-256gb-serebristyi-podarok-178956094/?c=750000000
168156944,Смартфон Apple iPhone 17 512Gb фиолетовый + подарок,Apple,771000,UMMAH STORE,04.10.2026 | 15:06:09,https://kaspi.kz/shop/p/apple-iphone-17-512gb-fioletovyi-podarok-168156944/?c=750000000
168156821,Смартфон Apple iPhone 17 512Gb черный + подарок,Apple,890000,MOBILS,04.10.2026 | 15:06:09,https://kaspi.kz/shop/p/apple-iphone-17-512gb-chernyi-podarok-168156821/?c=750000000
168158092,Apple iPhone Air 512Gb белый + подарок,Apple,989940,Мобитайм,04.10.2026 | 15:06:18,https://kaspi.kz/shop/p/apple-iphone-air-512gb-belyi-podarok-168158092/?c=750000000
178945480,Apple iPhone 17 Pro 256 APPLE6_GIFT_A40W Silver,Apple,768990,NOVAMART,04.10.2026 | 15:06:18,https://kaspi.kz/shop/p/apple-iphone-17-pro-256gb-serebristyi-podarok-178945480/?c=750000000
168036575,Смартфон Apple iPhone 17 Pro Max 256Gb оранжевый + подарок,Apple,1032174,AG shop,04.10.2026 | 15:06:18,https://kaspi.kz/shop/p/apple-iphone-17-pro-max-256gb-oranzhevyi-podarok-168036575/?c=750000000
168036121,Apple iPhone 17 Pro Max 2Tb APPLE2_GIFT_A20W_PODS_SE3S DeepBlue,Apple,1565990,NOVAMART,04.10.2026 | 15:06:18,https://kaspi.kz/shop/p/apple-iphone-17-pro-max-2tb-sinii-podarok-168036121/?c=750000000
168036682,Смартфон Apple iPhone 17 Pro Max 1Tb синий + подарок,Apple,1448997,SmartDuken,04.10.2026 | 15:06:18,https://kaspi.kz/shop/p/apple-iphone-17-pro-max-1tb-sinii-podarok-168036682/?c=750000000
173319723,Смартфон Apple iPhone 17 Pro 512Gb темно-синий + подарок,Apple,1141000,UMMAH STORE,04.10.2026 | 15:06:18,https://kaspi.kz/shop/p/apple-iphone-17-pro-512gb-temno-sinii-podarok-173319723/?c=750000000
168641811,Apple iPhone 17 Pro Max 2Tb APPLE2_GIFT_A20W_EAR Silver,Apple,1391990,NOVAMART,04.10.2026 | 15:06:18,https://kaspi.kz/shop/p/apple-iphone-17-pro-max-2tb-serebristyi-podarok-168641811/?c=750000000
152028151,Смартфон Apple iPhone Air 256Gb голубой + подарок,Apple,688998,AG shop,04.10.2026 | 15:06:18,https://kaspi.kz/shop/p/apple-iphone-air-256gb-goluboi-podarok-152028151/?c=750000000
168860639,Смартфон Apple iPhone 17 Pro 1Tb синий + подарок,Apple,1259777,CN-MARKET,04.10.2026 | 15:06:18,https://kaspi.kz/shop/p/apple-iphone-17-pro-1tb-sinii-podarok-168860639/?c=750000000
152006994,Смартфон Apple iPhone 17 512Gb Dual eSim голубой + подарок,Apple,797500,UMMAH STORE 2,04.10.2026 | 15:06:18,https://kaspi.kz/shop/p/apple-iphone-17-512gb-dual-esim-goluboi-podarok-152006994/?c=750000000
167390366,Apple iPhone 17 Pro 256 APPLE1_GIFT_A20W_PODS_YA12 DeepBlue,Apple,848990,NOVAMART,04.10.2026 | 15:06:18,https://kaspi.kz/shop/p/apple-iphone-17-pro-256gb-temno-sinii-podarok-167390366/?c=750000000
168641364,Apple iPhone 17 Pro Max 512 APPLE2_GIFT_A20W_PPRO CosmicOrange,Apple,1135990,NOVAMART,04.10.2026 | 15:06:18,https://kaspi.kz/shop/p/apple-iphone-17-pro-max-512gb-oranzhevyi-podarok-168641364/?c=750000000
152720515,Смартфон Apple iPhone 17 512Gb NanoSIM+eSIM черный + подарок,Apple,792000,UMMAH STORE,04.10.2026 | 15:06:26,https://kaspi.kz/shop/p/apple-iphone-17-512gb-nanosim-esim-chernyi-podarok-152720515/?c=750000000
178954530,Apple iPhone 17 Pro Max 256 APPLE6_GIFT_A40W_EAR_YA24 CosmicOrange,Apple,860990,NOVAMART,04.10.2026 | 15:06:26,https://kaspi.kz/shop/p/apple-iphone-17-pro-max-256gb-oranzhevyi-podarok-178954530/?c=750000000
168158050,Смартфон Apple iPhone Air 512Gb голубой + подарок,Apple,863564,SmartDuken,04.10.2026 | 15:06:26,https://kaspi.kz/shop/p/apple-iphone-air-512gb-goluboi-podarok-168158050/?c=750000000
168035874,Apple iPhone 17 Pro 1Tb серебристый + подарок,Apple,1290000,UMMAH STORE,04.10.2026 | 15:06:26,https://kaspi.kz/shop/p/apple-iphone-17-pro-1tb-serebristyi-podarok-168035874/?c=750000000
167644101,Смартфон Apple iPhone Air 1Tb голубой + подарок,Apple,993999,SmartDuken,04.10.2026 | 15:06:26,https://kaspi.kz/shop/p/apple-iphone-air-1tb-goluboi-podarok-167644101/?c=750000000
168035794,Смартфон Apple iPhone 17 Pro 1Tb темно-синий + подарок,Apple,1499777,CN-MARKET,04.10.2026 | 15:06:26,https://kaspi.kz/shop/p/apple-iphone-17-pro-1tb-temno-sinii-podarok-168035794/?c=750000000
179005529,Apple iPhone 17 256Gb голубой +подарок(Apple EarPods USB-C+Apple Power Adapter 20W+Яндекс 24 месяца),Apple,587900,Sirius,04.10.2026 | 15:06:26,https://kaspi.kz/shop/p/apple-iphone-17-256gb-goluboi-podarok-179005529/?c=750000000
168035140,Смартфон Apple iPhone 17 Pro 512Gb серебристый + подарок,Apple,1327293,MOBILS,04.10.2026 | 15:06:26,https://kaspi.kz/shop/p/apple-iphone-17-pro-512gb-serebristyi-podarok-168035140/?c=750000000
167643973,Apple iPhone Air 512Gb голубой + подарок,Apple,1085990,Мобитайм,04.10.2026 | 15:06:26,https://kaspi.kz/shop/p/apple-iphone-air-512gb-goluboi-podarok-167643973/?c=750000000
152721104,Apple iPhone 17 Pro Max 2Tb APPLE_GIFT_YA24 CosmicOrange,Apple,1379549,NOVAMART,04.10.2026 | 15:06:26,https://kaspi.kz/shop/p/apple-iphone-17-pro-max-2tb-nanosim-esim-oranzhevyi-podarok-152721104/?c=750000000
169699379,Apple iPhone 17 Pro 256 APPLE4_GIFT_17PCLE Silver,Apple,782990,NOVAMART,04.10.2026 | 15:06:26,https://kaspi.kz/shop/p/apple-iphone-17-pro-12-gb-256-gb-serebristyi-podarok-169699379/?c=750000000
167452890,Apple iPhone 17 Pro Max 512 APPLE1_GIFT_A20W_PODS_YA12 CosmicOrange,Apple,1052990,NOVAMART,04.10.2026 | 15:06:26,https://kaspi.kz/shop/p/apple-iphone-17-pro-max-512gb-oranzhevyi-podarok-167452890/?c=750000000
167389503,Apple iPhone 17 Pro 512Gb темно-синий + подарок,Apple,1139996,Lynx,04.10.2026 | 15:06:36,https://kaspi.kz/shop/p/apple-iphone-17-pro-512gb-temno-sinii-podarok-167389503/?c=750000000
168860499,Смартфон Apple iPhone 17 Pro 512Gb серебристый + подарок,Apple,1051198,Aslan Tel,04.10.2026 | 15:06:36,https://kaspi.kz/shop/p/apple-iphone-17-pro-512gb-serebristyi-podarok-168860499/?c=750000000
168156960,Apple iPhone 17 512Gb черный + подарок,Apple,829790,Мобитайм,04.10.2026 | 15:06:36,https://kaspi.kz/shop/p/apple-iphone-17-512gb-chernyi-podarok-168156960/?c=750000000
167643360,Apple iPhone Air 256Gb белый + подарок,Apple,885203,Мобитайм,04.10.2026 | 15:06:36,https://kaspi.kz/shop/p/apple-iphone-air-256gb-belyi-podarok-167643360/?c=750000000
157286734,Apple iPhone 17 Pro 512Gb Dual eSim серебристый + подарок,Apple,893990,Lynx,04.10.2026 | 15:06:36,https://kaspi.kz/shop/p/apple-iphone-17-pro-512gb-dual-esim-serebristyi-podarok-157286734/?c=750000000
167391251,Смартфон Apple iPhone 17 Pro 1Tb серебристый + подарок,Apple,1199777,CN-MARKET,04.10.2026 | 15:06:36,https://kaspi.kz/shop/p/apple-iphone-17-pro-1tb-serebristyi-podarok-167391251/?c=750000000
167231085,Смартфон Apple iPhone 17 8 ГБ/512 ГБ черный + подарок,Apple,829998,AG shop,04.10.2026 | 15:06:36,https://kaspi.kz/shop/p/apple-iphone-17-8-gb-512-gb-chernyi-podarok-167231085/?c=750000000
167643301,Смартфон Apple iPhone Air 512Gb черный + подарок,Apple,970042,AG shop,04.10.2026 | 15:06:36,https://kaspi.kz/shop/p/apple-iphone-air-512gb-chernyi-podarok-167643301/?c=750000000
168158364,Apple iPhone Air 256 APPLE2_GIFT_A20W_EAR LightGold,Apple,630999,NOVAMART,04.10.2026 | 15:06:36,https://kaspi.kz/shop/p/apple-iphone-air-256gb-zolotistyi-podarok-168158364/?c=750000000
178955284,Apple iPhone 17 Pro Max 2Tb APPLE6_GIFT_A40W_EAR_YA24 Silver,Apple,1415990,NOVAMART,04.10.2026 | 15:06:36,https://kaspi.kz/shop/p/apple-iphone-17-pro-max-2tb-serebristyi-podarok-178955284/?c=750000000
167728632,Apple iPhone 17 512Gb зеленый + подарок,Apple,999980,Мобитайм,04.10.2026 | 15:06:36,https://kaspi.kz/shop/p/apple-iphone-17-512gb-zelenyi-podarok-167728632/?c=750000000
167643318,Смартфон Apple iPhone Air 256Gb белый + подарок,Apple,987732,AG shop,04.10.2026 | 15:06:36,https://kaspi.kz/shop/p/apple-iphone-air-256gb-belyi-podarok-167643318/?c=750000000
171676659,Apple iPhone Air 256 APPLE5_GIFT_A35WD_YA36 LightGold,Apple,677990,NOVAMART,04.10.2026 | 15:06:45,https://kaspi.kz/shop/p/apple-iphone-air-12-gb-256-gb-zolotistyi-podarok-171676659/?c=750000000
167390292,Apple iPhone 17 Pro 256 APPLE1_GIFT_A20W_PODS_YA12 Silver,Apple,848990,NOVAMART,04.10.2026 | 15:06:45,https://kaspi.kz/shop/p/apple-iphone-17-pro-256gb-serebristyi-podarok-167390292/?c=750000000
178946816,Apple iPhone 17 Pro Max 2Tb APPLE6_GIFT_A40W_EAR DeepBlue,Apple,1339990,NOVAMART,04.10.2026 | 15:06:45,https://kaspi.kz/shop/p/apple-iphone-17-pro-max-2tb-temno-sinii-podarok-178946816/?c=750000000
167734728,iPhone Air 512Gb черный + подарок,Apple,1002790,Lynx,04.10.2026 | 15:06:45,https://kaspi.kz/shop/p/apple-iphone-air-512gb-chernyi-podarok-167734728/?c=750000000
168664627,Apple iPhone 17 Pro 512Gb синий + подарок,Apple,1059808,Мобитайм,04.10.2026 | 15:06:45,https://kaspi.kz/shop/p/apple-iphone-17-pro-512gb-sinii-podarok-168664627/?c=750000000
171514370,Смартфон Apple iPhone 17 256 GB белый + подарок,Apple,674989,SmartDuken,04.10.2026 | 15:06:45,https://kaspi.kz/shop/p/apple-iphone-17-256-gb-belyi-podarok-171514370/?c=750000000
167729192,,Apple,855000,SmartDuken,04.10.2026 | 15:06:45,https://kaspi.kz/shop/p/apple-iphone-17-256gb-belyi-podarok-167729192/?c=750000000
178955515,Apple iPhone 17 Pro 256 APPLE6_GIFT_A40W DeepBlue,Apple,768990,NOVAMART,04.10.2026 | 15:06:45,https://kaspi.kz/shop/p/apple-iphone-17-pro-256gb-temno-sinii-podarok-178955515/?c=750000000
173319493,Apple iPhone 17 Pro 512 APPLE5_GIFT_A35WD_YA36 Silver,Apple,946990,NOVAMART,04.10.2026 | 15:06:45,https://kaspi.kz/shop/p/apple-iphone-17-pro-512gb-serebristyi-podarok-173319493/?c=750000000
167389915,Apple iPhone 17 Pro 512 APPLE1_GIFT_A20W_EAR_YA12 Silver,Apple,917627,NOVAMART,04.10.2026 | 15:06:45,https://kaspi.kz/shop/p/apple-iphone-17-pro-512gb-serebristyi-podarok-167389915/?c=750000000
152004780,Смартфон Apple iPhone 17 256Gb Dual eSim зеленый + подарок,Apple,685800,UMMAH STORE 2,04.10.2026 | 15:06:45,https://kaspi.kz/shop/p/apple-iphone-17-256gb-dual-esim-zelenyi-podarok-152004780/?c=750000000
167237988,Смартфон Apple iPhone Air 256Gb голубой + подарок,Apple,748998,AG shop,04.10.2026 | 15:06:45,https://kaspi.kz/shop/p/apple-iphone-air-256gb-goluboi-podarok-167237988/?c=750000000
168641571,Apple iPhone 17 Pro Max 2Tb APPLE2_GIFT_A20W_PPRO Silver,Apple,1552990,NOVAMART,04.10.2026 | 15:06:54,https://kaspi.kz/shop/p/apple-iphone-17-pro-max-2tb-serebristyi-podarok-168641571/?c=750000000
168159160,iPhone Air 1Tb белый + подарок,Apple,820990,Lynx,04.10.2026 | 15:06:54,https://kaspi.kz/shop/p/apple-iphone-air-1tb-belyi-podarok-168159160/?c=750000000
157280731,Смартфон Apple iPhone 17 Pro Max 256Gb Dual eSim синий + подарок,Apple,835000,UMMAH STORE,04.10.2026 | 15:06:54,https://kaspi.kz/shop/p/apple-iphone-17-pro-max-256gb-dual-esim-sinii-podarok-157280731/?c=750000000
157286537,Смартфон Apple iPhone 17 Pro 1024Gb Dual eSim серебристый + подарок,Apple,1085000,UMMAH STORE,04.10.2026 | 15:06:54,https://kaspi.kz/shop/p/apple-iphone-17-pro-1024gb-dual-esim-serebristyi-podarok-157286537/?c=750000000
152030745,iPhone Air 512Gb белый + подарок,Apple,798990,Lynx,04.10.2026 | 15:06:54,https://kaspi.kz/shop/p/apple-iphone-air-512gb-belyi-podarok-152030745/?c=750000000
167456937,Apple iPhone 17 Pro Max 2Tb APPLE1_GIFT_A20W_PPRO_YA12 CosmicOrange,Apple,1561990,NOVAMART,04.10.2026 | 15:06:54,https://kaspi.kz/shop/p/apple-iphone-17-pro-max-2tb-oranzhevyi-podarok-167456937/?c=750000000
171675790,Смартфон Apple iPhone Air 12 ГБ/512 ГБ голубой + подарок,Apple,889000,UMMAH STORE,04.10.2026 | 15:06:54,https://kaspi.kz/shop/p/apple-iphone-air-12-gb-512-gb-goluboi-podarok-171675790/?c=750000000
167391240,Apple iPhone 17 Pro 1Tb APPLE1_GIFT_A20W_PODS_YA12 CosmicOrange,Apple,1090990,NOVAMART,04.10.2026 | 15:06:54,https://kaspi.kz/shop/p/apple-iphone-17-pro-1tb-oranzhevyi-podarok-167391240/?c=750000000
168641822,Смартфон Apple iPhone 17 Pro Max 2Tb синий + подарок,Apple,1328891,MOBILS,04.10.2026 | 15:06:54,https://kaspi.kz/shop/p/apple-iphone-17-pro-max-2tb-sinii-podarok-168641822/?c=750000000
168861084,Apple iPhone 17 Pro 1Tb APPLE2_GIFT_A20W_PODS CosmicOrange,Apple,1081891,NOVAMART,04.10.2026 | 15:06:54,https://kaspi.kz/shop/p/apple-iphone-17-pro-1tb-oranzhevyi-podarok-168861084/?c=750000000
178947598,Apple iPhone 17 Pro Max 512 APPLE6_GIFT_A40W_EAR_YA24 DeepBlue,Apple,998990,NOVAMART,04.10.2026 | 15:06:54,https://kaspi.kz/shop/p/apple-iphone-17-pro-max-512gb-temno-sinii-podarok-178947598/?c=750000000
178943656,Apple iPhone 17 Pro Max 512 APPLE6_GIFT_A40W DeepBlue,Apple,972990,NOVAMART,04.10.2026 | 15:06:54,https://kaspi.kz/shop/p/apple-iphone-17-pro-max-512gb-temno-sinii-podarok-178943656/?c=750000000
168156841,Apple iPhone 17 512Gb зеленый + подарок,Apple,787990,Мобитайм,04.10.2026 | 15:07:05,https://kaspi.kz/shop/p/apple-iphone-17-512gb-zelenyi-podarok-168156841/?c=750000000
168159083,Смартфон Apple iPhone Air 1Tb белый + подарок,Apple,876613,SmartDuken,04.10.2026 | 15:07:05,https://kaspi.kz/shop/p/apple-iphone-air-1tb-belyi-podarok-168159083/?c=750000000
167237695,Смартфон Apple iPhone Air 512Gb голубой + подарок,Apple,809980,AG shop,04.10.2026 | 15:07:05,https://kaspi.kz/shop/p/apple-iphone-air-512gb-goluboi-podarok-167237695/?c=750000000
168641835,Apple iPhone 17 Pro Max 2Tb APPLE2_GIFT_A20W_EAR CosmicOrange,Apple,1391990,NOVAMART,04.10.2026 | 15:07:05,https://kaspi.kz/shop/p/apple-iphone-17-pro-max-2tb-oranzhevyi-podarok-168641835/?c=750000000
152721199,Смартфон Apple iPhone 17 Pro 512Gb NanoSIM+eSIM темно-синий + подарок,Apple,938006,MOBILS,04.10.2026 | 15:07:05,https://kaspi.kz/shop/p/apple-iphone-17-pro-512gb-nanosim-esim-temno-sinii-podarok-152721199/?c=750000000
171514705,Apple iPhone 17 256 GB белый + подарок (Яндекс Плюс 36 месяцев + Адаптер Apple 20W),Apple,579900,Sirius,04.10.2026 | 15:07:05,https://kaspi.kz/shop/p/apple-iphone-17-256-gb-belyi-podarok-171514705/?c=750000000
152005424,Смартфон Apple iPhone 17 Pro 512Gb Dual eSim синий + подарок,Apple,978702,MOBILS,04.10.2026 | 15:07:05,https://kaspi.kz/shop/p/apple-iphone-17-pro-512gb-dual-esim-sinii-podarok-152005424/?c=750000000
167644026,Apple iPhone Air 512Gb белый + подарок,Apple,1099960,Мобитайм,04.10.2026 | 15:07:05,https://kaspi.kz/shop/p/apple-iphone-air-512gb-belyi-podarok-167644026/?c=750000000
168641763,Apple iPhone 17 Pro Max 2Tb APPLE2_GIFT_A20W_PODS Silver,Apple,1461990,NOVAMART,04.10.2026 | 15:07:05,https://kaspi.kz/shop/p/apple-iphone-17-pro-max-2tb-serebristyi-podarok-168641763/?c=750000000
168641400,Apple iPhone 17 Pro Max 512 APPLE2_GIFT_A20W_PODS DeepBlue,Apple,1043739,NOVAMART,04.10.2026 | 15:07:05,https://kaspi.kz/shop/p/apple-iphone-17-pro-max-512gb-sinii-podarok-168641400/?c=750000000
178945201,Apple iPhone 17 Pro Max 2Tb APPLE6_GIFT_A40W_EAR CosmicOrange,Apple,1402990,NOVAMART,04.10.2026 | 15:07:05,https://kaspi.kz/shop/p/apple-iphone-17-pro-max-2tb-oranzhevyi-podarok-178945201/?c=750000000
170829117,Apple iPhone 17 8 ГБ/256 ГБ зеленый  + Адаптер 20Вт USB-C,Apple,555016,Sirius,04.10.2026 | 15:07:05,https://kaspi.kz/shop/p/apple-iphone-17-256gb-zelenyi-podarok-170829117/?c=750000000
178855682,Apple A3524 12 ГБ/256 ГБ оранжевый,Apple,729999,Amir.ON,04.10.2026 | 15:07:14,https://kaspi.kz/shop/p/apple-iphone-17-pro-256gb-dual-sim-oranzhevyi-12-gb-256-gb-oranzhevyi-178855682/?c=750000000
168036677,Apple iPhone 17 Pro Max 1Tb серебристый + подарок,Apple,1670000,UMMAH STORE,04.10.2026 | 15:07:14,https://kaspi.kz/shop/p/apple-iphone-17-pro-max-1tb-serebristyi-podarok-168036677/?c=750000000
170829123,Смартфон Apple iPhone 17 256Gb фиолетовый + подарок,Apple,591158,SmartDuken,04.10.2026 | 15:07:14,https://kaspi.kz/shop/p/apple-iphone-17-256gb-fioletovyi-podarok-170829123/?c=750000000
168860567,Apple iPhone 17 Pro 256 APPLE2_GIFT_A20W_EAR DeepBlue,Apple,761214,NOVAMART,04.10.2026 | 15:07:14,https://kaspi.kz/shop/p/apple-iphone-17-pro-256gb-sinii-podarok-168860567/?c=750000000
168156907,Apple iPhone 17 512Gb голубой + подарок,Apple,790990,Мобитайм,04.10.2026 | 15:07:14,https://kaspi.kz/shop/p/apple-iphone-17-512gb-goluboi-podarok-168156907/?c=750000000
168641558,Смартфон Apple iPhone 17 Pro Max 512Gb синий + подарок,Apple,969605,MOBILS,04.10.2026 | 15:07:14,https://kaspi.kz/shop/p/apple-iphone-17-pro-max-512gb-sinii-podarok-168641558/?c=750000000
167731935,Apple iPhone 17 256Gb фиолетовый + подарок,Apple,836651,Мобитайм,04.10.2026 | 15:07:14,https://kaspi.kz/shop/p/apple-iphone-17-256gb-fioletovyi-podarok-167731935/?c=750000000
168641745,Apple iPhone 17 Pro Max 2Tb APPLE2_GIFT_A20W_PPRO CosmicOrange,Apple,1552979,NOVAMART,04.10.2026 | 15:07:14,https://kaspi.kz/shop/p/apple-iphone-17-pro-max-2tb-oranzhevyi-podarok-168641745/?c=750000000
167728679,Смартфон Apple iPhone 17 512Gb голубой + подарок,Apple,994000,UMMAH STORE 2,04.10.2026 | 15:07:14,https://kaspi.kz/shop/p/apple-iphone-17-512gb-goluboi-podarok-167728679/?c=750000000
168158433,Смартфон Apple iPhone Air 1Tb черный + подарок,Apple,943447,SmartDuken,04.10.2026 | 15:07:14,https://kaspi.kz/shop/p/apple-iphone-air-1tb-chernyi-podarok-168158433/?c=750000000
168664701,Смартфон Apple iPhone 17 Pro 512Gb оранжевый + подарок,Apple,919870,Гарышкер,04.10.2026 | 15:07:14,https://kaspi.kz/shop/p/apple-iphone-17-pro-512gb-oranzhevyi-podarok-168664701/?c=750000000
152721249,Смартфон Apple iPhone 17 Pro 1024Gb NanoSIM+eSIM темно-синий + подарок,Apple,1047777,CN-MARKET,04.10.2026 | 15:07:14,https://kaspi.kz/shop/p/apple-iphone-17-pro-1024gb-nanosim-esim-temno-sinii-podarok-152721249/?c=750000000
168036039,Смартфон Apple iPhone 17 Pro Max 512Gb оранжевый + подарок,Apple,1207428,AG shop,04.10.2026 | 15:07:23,https://kaspi.kz/shop/p/apple-iphone-17-pro-max-512gb-oranzhevyi-podarok-168036039/?c=750000000
168036087,Смартфон Apple iPhone 17 Pro Max 512Gb оранжевый + подарок,Apple,1443514,AG shop,04.10.2026 | 15:07:23,https://kaspi.kz/shop/p/apple-iphone-17-pro-max-512gb-oranzhevyi-podarok-168036087/?c=750000000
171676288,Смартфон Apple iPhone Air 12 ГБ/512 ГБ белый + подарок,Apple,851000,UMMAH STORE,04.10.2026 | 15:07:23,https://kaspi.kz/shop/p/apple-iphone-air-12-gb-512-gb-belyi-podarok-171676288/?c=750000000
178944264,Apple iPhone 17 Pro 512 APPLE6_GIFT_A40W Silver,Apple,906990,NOVAMART,04.10.2026 | 15:07:23,https://kaspi.kz/shop/p/apple-iphone-17-pro-512gb-serebristyi-podarok-178944264/?c=750000000
173319521,Смартфон Apple iPhone 17 Pro 512Gb темно-синий + подарок,Apple,1141000,UMMAH STORE,04.10.2026 | 15:07:23,https://kaspi.kz/shop/p/apple-iphone-17-pro-512gb-temno-sinii-podarok-173319521/?c=750000000
167238357,Смартфон Apple iPhone Air 1Tb черный + подарок,Apple,1014989,SmartDuken,04.10.2026 | 15:07:23,https://kaspi.kz/shop/p/apple-iphone-air-1tb-chernyi-podarok-167238357/?c=750000000
168158468,Смартфон Apple iPhone Air 1Tb голубой + подарок,Apple,902420,SmartDuken,04.10.2026 | 15:07:23,https://kaspi.kz/shop/p/apple-iphone-air-1tb-goluboi-podarok-168158468/?c=750000000
167487679,Смартфон Apple iPhone 17 Pro Max 1Tb темно-синий + подарок,Apple,1455625,AG shop,04.10.2026 | 15:07:23,https://kaspi.kz/shop/p/apple-iphone-17-pro-max-1tb-temno-sinii-podarok-167487679/?c=750000000
178945237,Apple iPhone 17 Pro 1Tb APPLE6_GIFT_A40W CosmicOrange,Apple,1010990,NOVAMART,04.10.2026 | 15:07:23,https://kaspi.kz/shop/p/apple-iphone-17-pro-1tb-oranzhevyi-podarok-178945237/?c=750000000
167728996,Смартфон Apple iPhone 17 256Gb зеленый + подарок,Apple,856390,UMMAH STORE 2,04.10.2026 | 15:07:23,https://kaspi.kz/shop/p/apple-iphone-17-256gb-zelenyi-podarok-167728996/?c=750000000
157461023,Смартфон Apple iPhone 17 Pro Max Dual eSim 2048Gb синий + подарок,Apple,1290000,UMMAH STORE,04.10.2026 | 15:07:23,https://kaspi.kz/shop/p/apple-iphone-17-pro-max-dual-esim-2048gb-sinii-podarok-157461023/?c=750000000
170828983,Смартфон Apple iPhone 17 256Gb фиолетовый + подарок,Apple,638999,SmartDuken,04.10.2026 | 15:07:23,https://kaspi.kz/shop/p/apple-iphone-17-256gb-fioletovyi-podarok-170828983/?c=750000000
157286647,Смартфон Apple iPhone 17 Pro 512Gb Dual eSim синий + подарок,Apple,988460,SmartDuken,04.10.2026 | 15:07:32,https://kaspi.kz/shop/p/apple-iphone-17-pro-512gb-dual-esim-sinii-podarok-157286647/?c=750000000
171677021,Apple iPhone Air 256 APPLE5_GIFT_A20W_YA36 SpaceBlack,Apple,647990,NOVAMART,04.10.2026 | 15:07:32,https://kaspi.kz/shop/p/apple-iphone-air-12-gb-256-gb-chernyi-podarok-171677021/?c=750000000
167237286,Смартфон Apple iPhone Air 512Gb черный + подарок,Apple,899980,AG shop,04.10.2026 | 15:07:32,https://kaspi.kz/shop/p/apple-iphone-air-512gb-chernyi-podarok-167237286/?c=750000000
167237793,Смартфон Apple iPhone Air 512Gb золотистый + подарок,Apple,804439,SmartDuken,04.10.2026 | 15:07:32,https://kaspi.kz/shop/p/apple-iphone-air-512gb-zolotistyi-podarok-167237793/?c=750000000
179010013,Apple iPhone Air 256 APPLE6_GIFT_A40W_EAR_YA24 LightGold,Apple,663990,NOVAMART,04.10.2026 | 15:07:32,https://kaspi.kz/shop/p/apple-iphone-air-256gb-zolotistyi-podarok-179010013/?c=750000000
167452358,Apple iPhone 17 Pro Max 512Gb серебристый + подарок,Apple,1241627,Lynx,04.10.2026 | 15:07:32,https://kaspi.kz/shop/p/apple-iphone-17-pro-max-512gb-serebristyi-podarok-167452358/?c=750000000
171514428,Смартфон Apple iPhone 17 256 GB голубой + подарок,Apple,689000,SmartDuken,04.10.2026 | 15:07:32,https://kaspi.kz/shop/p/apple-iphone-17-256-gb-goluboi-podarok-171514428/?c=750000000
152008543,Смартфон Apple iPhone 17 512Gb Dual eSim зеленый + подарок,Apple,719999,AG shop,04.10.2026 | 15:07:32,https://kaspi.kz/shop/p/apple-iphone-17-512gb-dual-esim-zelenyi-podarok-152008543/?c=750000000
167390049,Apple iPhone 17 Pro 256 APPLE1_GIFT_A20W_PPRO_YA12 Silver,Apple,939627,NOVAMART,04.10.2026 | 15:07:32,https://kaspi.kz/shop/p/apple-iphone-17-pro-256gb-serebristyi-podarok-167390049/?c=750000000
178946654,Apple iPhone 17 Pro Max 256 APPLE6_GIFT_A40W_EAR CosmicOrange,Apple,848990,NOVAMART,04.10.2026 | 15:07:32,https://kaspi.kz/shop/p/apple-iphone-17-pro-max-256gb-oranzhevyi-podarok-178946654/?c=750000000
167238449,iPhone Air 1Tb золотистый + подарок,Apple,968990,Lynx,04.10.2026 | 15:07:32,https://kaspi.kz/shop/p/apple-iphone-air-1tb-zolotistyi-podarok-167238449/?c=750000000
178944853,Apple iPhone 17 Pro 1Tb APPLE6_GIFT_A40W_EAR_YA24 CosmicOrange,Apple,1036990,NOVAMART,04.10.2026 | 15:07:32,https://kaspi.kz/shop/p/apple-iphone-17-pro-1tb-oranzhevyi-podarok-178944853/?c=750000000
178955136,Apple iPhone 17 Pro Max 512 APPLE6_GIFT_A40W_EAR DeepBlue,Apple,985990,NOVAMART,04.10.2026 | 15:07:41,https://kaspi.kz/shop/p/apple-iphone-17-pro-max-512gb-temno-sinii-podarok-178955136/?c=750000000
167462408,Смартфон Apple iPhone 17 Pro Max 256Gb серебристый + подарок,Apple,993295,MOBILS,04.10.2026 | 15:07:41,https://kaspi.kz/shop/p/apple-iphone-17-pro-max-256gb-serebristyi-podarok-167462408/?c=750000000
171676421,Apple iPhone Air 256 APPLE5_GIFT_A35WD_YA36 SpaceBlack,Apple,677999,NOVAMART,04.10.2026 | 15:07:41,https://kaspi.kz/shop/p/apple-iphone-air-12-gb-256-gb-chernyi-podarok-171676421/?c=750000000
168036362,Смартфон Apple iPhone 17 Pro Max 256Gb синий + подарок,Apple,1035683,MOBILS,04.10.2026 | 15:07:41,https://kaspi.kz/shop/p/apple-iphone-17-pro-max-256gb-sinii-podarok-168036362/?c=750000000
178945397,Apple iPhone 17 Pro 256 APPLE6_GIFT_A40W_EAR CosmicOrange,Apple,782990,NOVAMART,04.10.2026 | 15:07:41,https://kaspi.kz/shop/p/apple-iphone-17-pro-256gb-oranzhevyi-podarok-178945397/?c=750000000
168664436,Смартфон Apple iPhone 17 Pro 512Gb оранжевый + подарок,Apple,951802,MOBILS,04.10.2026 | 15:07:41,https://kaspi.kz/shop/p/apple-iphone-17-pro-512gb-oranzhevyi-podarok-168664436/?c=750000000
167487144,Apple iPhone 17 Pro Max 256Gb темно-синий + подарок,Apple,1029990,Lynx,04.10.2026 | 15:07:41,https://kaspi.kz/shop/p/apple-iphone-17-pro-max-256gb-temno-sinii-podarok-167487144/?c=750000000
178957816,Apple iPhone 17 256Gb белый + подарок (Яндекс Плюс 36 месяцев),Apple,564900,Sirius,04.10.2026 | 15:07:41,https://kaspi.kz/shop/p/apple-iphone-17-256gb-belyi-podarok-178957816/?c=750000000
168036292,Apple iPhone 17 Pro Max 2Tb синий + подарок,Apple,1690000,UMMAH STORE,04.10.2026 | 15:07:41,https://kaspi.kz/shop/p/apple-iphone-17-pro-max-2tb-sinii-podarok-168036292/?c=750000000
178943316,Apple iPhone 17 Pro 1Tb APPLE6_GIFT_A40W_EAR CosmicOrange,Apple,1023990,NOVAMART,04.10.2026 | 15:07:41,https://kaspi.kz/shop/p/apple-iphone-17-pro-1tb-oranzhevyi-podarok-178943316/?c=750000000
168641342,Apple iPhone 17 Pro Max 512 APPLE2_GIFT_A20W_PPRO DeepBlue,Apple,1134999,NOVAMART,04.10.2026 | 15:07:41,https://kaspi.kz/shop/p/apple-iphone-17-pro-max-512gb-sinii-podarok-168641342/?c=750000000
168036624,Смартфон Apple iPhone 17 Pro Max 1Tb синий + подарок,Apple,1396414,SmartDuken,04.10.2026 | 15:07:41,https://kaspi.kz/shop/p/apple-iphone-17-pro-max-1tb-sinii-podarok-168036624/?c=750000000
152720348,Смартфон Apple iPhone 17 512Gb NanoSIM+eSIM белый + подарок,Apple,789000,UMMAH STORE,04.10.2026 | 15:07:51,https://kaspi.kz/shop/p/apple-iphone-17-512gb-nanosim-esim-belyi-podarok-152720348/?c=750000000
179005510,Apple iPhone 17 256Gb зеленый +подарок(Apple EarPods USB-C+Apple Power Adapter 20W+Яндекс 24 месяца),Apple,587900,Sirius,04.10.2026 | 15:07:51,https://kaspi.kz/shop/p/apple-iphone-17-256gb-zelenyi-podarok-179005510/?c=750000000
171514909,Смартфон Apple iPhone 17 Pro Max 256 GB темно-синий + подарок,Apple,921000,UMMAH STORE,04.10.2026 | 15:07:51,https://kaspi.kz/shop/p/apple-iphone-17-pro-max-256-gb-temno-sinii-podarok-171514909/?c=750000000
168035974,Смартфон Apple iPhone 17 Pro Max 1Tb оранжевый + подарок,Apple,1545553,AG shop,04.10.2026 | 15:07:51,https://kaspi.kz/shop/p/apple-iphone-17-pro-max-1tb-oranzhevyi-podarok-168035974/?c=750000000
167238294,Apple iPhone Air 256Gb белый + подарок,Apple,659990,Lynx,04.10.2026 | 15:07:51,https://kaspi.kz/shop/p/apple-iphone-air-256gb-belyi-podarok-167238294/?c=750000000
168158096,Смартфон Apple iPhone Air 512Gb черный + подарок,Apple,780000,SmartDuken,04.10.2026 | 15:07:51,https://kaspi.kz/shop/p/apple-iphone-air-512gb-chernyi-podarok-168158096/?c=750000000
173319679,Apple iPhone 17 Pro 512 APPLE5_GIFT_A20W_YA36 Silver,Apple,916990,NOVAMART,04.10.2026 | 15:07:51,https://kaspi.kz/shop/p/apple-iphone-17-pro-512gb-serebristyi-podarok-173319679/?c=750000000
167728700,Смартфон Apple iPhone 17 512Gb фиолетовый + подарок,Apple,869000,UMMAH STORE,04.10.2026 | 15:07:51,https://kaspi.kz/shop/p/apple-iphone-17-512gb-fioletovyi-podarok-167728700/?c=750000000
169699844,Смартфон Apple iPhone 17 Pro Max 12/256GB Deep Blue Чехол Apple для iPhone 17 Pro Max Clear Case with MagSafe MGFW4ZM/A,Apple,778980,Sulpаk,04.10.2026 | 15:07:51,https://kaspi.kz/shop/p/apple-iphone-17-pro-max-12-gb-256-gb-temno-sinii-podarok-169699844/?c=750000000
167238567,iPhone Air 1Tb золотистый + подарок,Apple,920980,Lynx,04.10.2026 | 15:07:51,https://kaspi.kz/shop/p/apple-iphone-air-1tb-zolotistyi-podarok-167238567/?c=750000000
179011111,Apple iPhone Air 256 APPLE6_GIFT_A40W_EAR LightGold,Apple,651990,NOVAMART,04.10.2026 | 15:07:51,https://kaspi.kz/shop/p/apple-iphone-air-256gb-zolotistyi-podarok-179011111/?c=750000000
168641781,Apple iPhone 17 Pro Max 2Tb APPLE2_GIFT_A20W_PODS DeepBlue,Apple,1398990,NOVAMART,04.10.2026 | 15:07:51,https://kaspi.kz/shop/p/apple-iphone-17-pro-max-2tb-sinii-podarok-168641781/?c=750000000
154661233,Смартфон Apple iPhone 17 Dual eSim 256Gb голубой + подарок,Apple,650000,UMMAH STORE,04.10.2026 | 15:07:59,https://kaspi.kz/shop/p/apple-iphone-17-dual-esim-256gb-goluboi-podarok-154661233/?c=750000000
167457202,Apple iPhone 17 Pro Max 2Tb APPLE1_GIFT_A20W_PODS_YA12 Silver,Apple,1469979,NOVAMART,04.10.2026 | 15:07:59,https://kaspi.kz/shop/p/apple-iphone-17-pro-max-2tb-serebristyi-podarok-167457202/?c=750000000
167461843,Apple iPhone 17 Pro Max 2Tb APPLE1_GIFT_A20W_EAR_YA12 Silver,Apple,1400990,NOVAMART,04.10.2026 | 15:07:59,https://kaspi.kz/shop/p/apple-iphone-17-pro-max-2tb-serebristyi-podarok-167461843/?c=750000000
157286825,Смартфон Apple iPhone 17 Pro 512Gb Dual eSim оранжевый + подарок,Apple,987009,SmartDuken,04.10.2026 | 15:07:59,https://kaspi.kz/shop/p/apple-iphone-17-pro-512gb-dual-esim-oranzhevyi-podarok-157286825/?c=750000000
179005784,Apple iPhone 17 256Gb белый +подарок(Apple EarPods USB-C+Apple Adapter 20W+Яндекс 36 месяцев),Apple,589900,Sirius,04.10.2026 | 15:07:59,https://kaspi.kz/shop/p/apple-iphone-17-256gb-belyi-podarok-179005784/?c=750000000
170829131,Apple iPhone 17 8 ГБ/256 ГБ голубой  + Адаптер 20Вт USB-C,Apple,556099,Sirius,04.10.2026 | 15:07:59,https://kaspi.kz/shop/p/apple-iphone-17-256gb-goluboi-podarok-170829131/?c=750000000
168035919,Смартфон Apple iPhone 17 Pro 1Tb оранжевый + подарок,Apple,1339588,AG shop,04.10.2026 | 15:07:59,https://kaspi.kz/shop/p/apple-iphone-17-pro-1tb-oranzhevyi-podarok-168035919/?c=750000000
168158254,Смартфон Apple iPhone Air 256Gb голубой + подарок,Apple,718000,UMMAH STORE,04.10.2026 | 15:07:59,https://kaspi.kz/shop/p/apple-iphone-air-256gb-goluboi-podarok-168158254/?c=750000000
167643996,Apple iPhone Air 512Gb голубой + подарок,Apple,1044380,Мобитайм,04.10.2026 | 15:07:59,https://kaspi.kz/shop/p/apple-iphone-air-512gb-goluboi-podarok-167643996/?c=750000000
170829922,Смартфон Apple iPhone 17 256Gb фиолетовый + подарок,Apple,621000,UMMAH STORE,04.10.2026 | 15:07:59,https://kaspi.kz/shop/p/apple-iphone-17-256gb-fioletovyi-podarok-170829922/?c=750000000
157286484,Смартфон Apple iPhone 17 Pro 1024Gb Dual eSim синий + подарок,Apple,1061685,SmartDuken,04.10.2026 | 15:07:59,https://kaspi.kz/shop/p/apple-iphone-17-pro-1024gb-dual-esim-sinii-podarok-157286484/?c=750000000
152721213,Смартфон Apple iPhone 17 Pro 1024Gb NanoSIM+eSIM оранжевый + подарок,Apple,999887,CN-MARKET,04.10.2026 | 15:07:59,https://kaspi.kz/shop/p/apple-iphone-17-pro-1024gb-nanosim-esim-oranzhevyi-podarok-152721213/?c=750000000
167644120,Apple iPhone Air 512Gb золотистый + подарок,Apple,1059980,Мобитайм,04.10.2026 | 15:08:13,https://kaspi.kz/shop/p/apple-iphone-air-512gb-zolotistyi-podarok-167644120/?c=750000000
168642152,Смартфон Apple iPhone 17 Pro Max 1Tb синий + подарок,Apple,1324779,SmartDuken,04.10.2026 | 15:08:13,https://kaspi.kz/shop/p/apple-iphone-17-pro-max-1tb-sinii-podarok-168642152/?c=750000000
178948062,Apple iPhone 17 Pro Max 2Tb APPLE6_GIFT_A40W DeepBlue,Apple,1326990,NOVAMART,04.10.2026 | 15:08:13,https://kaspi.kz/shop/p/apple-iphone-17-pro-max-2tb-temno-sinii-podarok-178948062/?c=750000000
147533954,Смартфон Apple iPhone Air 256Gb голубой + подарок,Apple,689000,UMMAH STORE,04.10.2026 | 15:08:13,https://kaspi.kz/shop/p/apple-iphone-air-256gb-goluboi-podarok-147533954/?c=750000000
168036141,Apple iPhone 17 Pro Max 2Tb APPLE2_GIFT_A20W_PODS_SE3S CosmicOrange,Apple,1628990,NOVAMART,04.10.2026 | 15:08:13,https://kaspi.kz/shop/p/apple-iphone-17-pro-max-2tb-oranzhevyi-podarok-168036141/?c=750000000
178955493,Apple iPhone 17 Pro 256 APPLE6_GIFT_A40W_EAR_YA24 DeepBlue,Apple,794990,NOVAMART,04.10.2026 | 15:08:13,https://kaspi.kz/shop/p/apple-iphone-17-pro-256gb-temno-sinii-podarok-178955493/?c=750000000
167728944,Apple iPhone 17 512Gb черный + подарок,Apple,999998,Мобитайм,04.10.2026 | 15:08:13,https://kaspi.kz/shop/p/apple-iphone-17-512gb-chernyi-podarok-167728944/?c=750000000
157287013,Apple iPhone 17 Pro 256Gb Dual eSim серебристый + подарок,Apple,869990,Lynx,04.10.2026 | 15:08:13,https://kaspi.kz/shop/p/apple-iphone-17-pro-256gb-dual-esim-serebristyi-podarok-157287013/?c=750000000
167230997,Смартфон Apple iPhone 17 8 ГБ/512 ГБ зеленый + подарок,Apple,799000,UMMAH STORE,04.10.2026 | 15:08:13,https://kaspi.kz/shop/p/apple-iphone-17-8-gb-512-gb-zelenyi-podarok-167230997/?c=750000000
167456434,Apple iPhone 17 Pro Max 2Tb APPLE1_GIFT_A20W_PPRO_YA12 Silver,Apple,1561990,NOVAMART,04.10.2026 | 15:08:13,https://kaspi.kz/shop/p/apple-iphone-17-pro-max-2tb-serebristyi-podarok-167456434/?c=750000000
178946019,Apple iPhone 17 Pro Max 256 APPLE6_GIFT_A40W_EAR_YA24 Silver,Apple,853990,NOVAMART,04.10.2026 | 15:08:13,https://kaspi.kz/shop/p/apple-iphone-17-pro-max-256gb-serebristyi-podarok-178946019/?c=750000000
178941522,Apple iPhone 17 Pro 256 APPLE6_GIFT_A40W_EAR Silver,Apple,781990,NOVAMART,04.10.2026 | 15:08:13,https://kaspi.kz/shop/p/apple-iphone-17-pro-256gb-serebristyi-podarok-178941522/?c=750000000
168642077,Смартфон Apple iPhone 17 Pro Max 1Tb серебристый + подарок,Apple,1665810,SmartDuken,04.10.2026 | 15:08:22,https://kaspi.kz/shop/p/apple-iphone-17-pro-max-1tb-serebristyi-podarok-168642077/?c=750000000
179005753,Apple iPhone 17 256Gb голубой +подарок(Apple EarPods USB-C+Apple Adapter 20W+Яндекс 36 месяцев),Apple,589900,Sirius,04.10.2026 | 15:08:22,https://kaspi.kz/shop/p/apple-iphone-17-256gb-goluboi-podarok-179005753/?c=750000000
167643370,Apple iPhone Air 1Tb золотистый + подарок,Apple,1189990,Lynx,04.10.2026 | 15:08:22,https://kaspi.kz/shop/p/apple-iphone-air-1tb-zolotistyi-podarok-167643370/?c=750000000
170828751,Apple iPhone 17 256Gb голубой + подарок,Apple,645990,Мобитайм,04.10.2026 | 15:08:22,https://kaspi.kz/shop/p/apple-iphone-17-256gb-goluboi-podarok-170828751/?c=750000000
167643394,Смартфон Apple iPhone Air 1Tb белый + подарок,Apple,1089888,SmartDuken,04.10.2026 | 15:08:22,https://kaspi.kz/shop/p/apple-iphone-air-1tb-belyi-podarok-167643394/?c=750000000
168036599,Смартфон Apple iPhone 17 Pro Max 1Tb серебристый + подарок,Apple,1532659,SmartDuken,04.10.2026 | 15:08:22,https://kaspi.kz/shop/p/apple-iphone-17-pro-max-1tb-serebristyi-podarok-168036599/?c=750000000
167728814,Apple iPhone 17 512Gb белый + подарок,Apple,999955,Мобитайм,04.10.2026 | 15:08:22,https://kaspi.kz/shop/p/apple-iphone-17-512gb-belyi-podarok-167728814/?c=750000000
170829076,Apple iPhone 17 256Gb голубой + подарок,Apple,642790,Мобитайм,04.10.2026 | 15:08:22,https://kaspi.kz/shop/p/apple-iphone-17-256gb-goluboi-podarok-170829076/?c=750000000
152006789,Apple iPhone 17 Pro 1024Gb Dual eSim оранжевый + подарок (Яндекс Плюс 24 месяцев),Apple,869897,Sirius,04.10.2026 | 15:08:22,https://kaspi.kz/shop/p/apple-iphone-17-pro-1024gb-dual-esim-oranzhevyi-podarok-152006789/?c=750000000
157461707,Apple iPhone 17 Pro Max Dual eSim 1024Gb оранжевый + подарок,Apple,1108990,Techno Lider,04.10.2026 | 15:08:22,https://kaspi.kz/shop/p/apple-iphone-17-pro-max-dual-esim-1024gb-oranzhevyi-podarok-157461707/?c=750000000
167644610,Смартфон Apple iPhone Air 1Tb золотистый + подарок,Apple,1079788,SmartDuken,04.10.2026 | 15:08:22,https://kaspi.kz/shop/p/apple-iphone-air-1tb-zolotistyi-podarok-167644610/?c=750000000
168663486,Apple iPhone 17 Pro 512Gb синий + подарок,Apple,1131548,Lynx,04.10.2026 | 15:08:22,https://kaspi.kz/shop/p/apple-iphone-17-pro-512gb-sinii-podarok-168663486/?c=750000000
167238253,Смартфон Apple iPhone Air 256Gb голубой + подарок,Apple,678998,AG shop,04.10.2026 | 15:08:31,https://kaspi.kz/shop/p/apple-iphone-air-256gb-goluboi-podarok-167238253/?c=750000000
178957435,Apple iPhone 17 256Gb черный + подарок (Яндекс Плюс 36 месяцев),Apple,564900,Sirius,04.10.2026 | 15:08:31,https://kaspi.kz/shop/p/apple-iphone-17-256gb-chernyi-podarok-178957435/?c=750000000
168641804,Apple iPhone 17 Pro Max 2Tb APPLE2_GIFT_A20W_PODS CosmicOrange,Apple,1461990,NOVAMART,04.10.2026 | 15:08:31,https://kaspi.kz/shop/p/apple-iphone-17-pro-max-2tb-oranzhevyi-podarok-168641804/?c=750000000
168861066,Apple iPhone 17 Pro 1Tb серебристый + подарок,Apple,1147767,Мобитайм,04.10.2026 | 15:08:31,https://kaspi.kz/shop/p/apple-iphone-17-pro-1tb-serebristyi-podarok-168861066/?c=750000000
168036011,Смартфон Apple iPhone 17 Pro Max 512Gb синий + подарок,Apple,1199905,MOBILS,04.10.2026 | 15:08:31,https://kaspi.kz/shop/p/apple-iphone-17-pro-max-512gb-sinii-podarok-168036011/?c=750000000
169618661,Смартфон Apple iPhone 17 Pro Max 12/256GB Cosmic Orange Адаптер Apple 20W USB-C (MD3J4ZM/A) Чехол Apple для iPhone 17 Pro Max Clear Case with MagSafe MGFW4ZM/A,Apple,793460,Sulpаk,04.10.2026 | 15:08:31,https://kaspi.kz/shop/p/apple-iphone-17-pro-max-12-gb-256-gb-oranzhevyi-podarok-169618661/?c=750000000
167487454,Смартфон Apple iPhone 17 Pro Max 1Tb серебристый + подарок,Apple,1676055,SmartDuken,04.10.2026 | 15:08:31,https://kaspi.kz/shop/p/apple-iphone-17-pro-max-1tb-serebristyi-podarok-167487454/?c=750000000
178948963,Apple iPhone 17 Pro 256 APPLE6_GIFT_A40W_EAR_YA24 CosmicOrange,Apple,794990,NOVAMART,04.10.2026 | 15:08:31,https://kaspi.kz/shop/p/apple-iphone-17-pro-256gb-oranzhevyi-podarok-178948963/?c=750000000
167728757,Apple iPhone 17 512Gb черный + подарок,Apple,999890,Мобитайм,04.10.2026 | 15:08:31,https://kaspi.kz/shop/p/apple-iphone-17-512gb-chernyi-podarok-167728757/?c=750000000
168156859,Смартфон Apple iPhone 17 512Gb белый + подарок,Apple,768999,UMMAH STORE 2,04.10.2026 | 15:08:31,https://kaspi.kz/shop/p/apple-iphone-17-512gb-belyi-podarok-168156859/?c=750000000
152032579,iPhone Air 512Gb черный + подарок,Apple,798990,Lynx,04.10.2026 | 15:08:31,https://kaspi.kz/shop/p/apple-iphone-air-512gb-chernyi-podarok-152032579/?c=750000000
168035404,Apple iPhone 17 Pro 256 APPLE2_GIFT_A20W_PODS_SE3S DeepBlue,Apple,984399,NOVAMART,04.10.2026 | 15:08:31,https://kaspi.kz/shop/p/apple-iphone-17-pro-256gb-temno-sinii-podarok-168035404/?c=750000000
157461501,Смартфон Apple iPhone 17 Pro Max Dual eSim 1024Gb синий + подарок,Apple,1366030,SmartDuken,04.10.2026 | 15:08:40,https://kaspi.kz/shop/p/apple-iphone-17-pro-max-dual-esim-1024gb-sinii-podarok-157461501/?c=750000000
168156798,Смартфон Apple iPhone 17 512Gb зеленый + подарок,Apple,889000,UMMAH STORE 2,04.10.2026 | 15:08:40,https://kaspi.kz/shop/p/apple-iphone-17-512gb-zelenyi-podarok-168156798/?c=750000000
178947703,Apple iPhone 17 Pro Max 512 APPLE6_GIFT_A40W_EAR_YA24 CosmicOrange,Apple,998990,NOVAMART,04.10.2026 | 15:08:40,https://kaspi.kz/shop/p/apple-iphone-17-pro-max-512gb-oranzhevyi-podarok-178947703/?c=750000000
171675956,Смартфон Apple iPhone Air 12 ГБ/512 ГБ черный + подарок,Apple,831998,AG shop,04.10.2026 | 15:08:40,https://kaspi.kz/shop/p/apple-iphone-air-12-gb-512-gb-chernyi-podarok-171675956/?c=750000000
168642086,Смартфон Apple iPhone 17 Pro Max 1Tb синий + подарок,Apple,1352955,SmartDuken,04.10.2026 | 15:08:40,https://kaspi.kz/shop/p/apple-iphone-17-pro-max-1tb-sinii-podarok-168642086/?c=750000000
168642097,Смартфон Apple iPhone 17 Pro Max 1Tb оранжевый + подарок,Apple,1465583,SmartDuken,04.10.2026 | 15:08:40,https://kaspi.kz/shop/p/apple-iphone-17-pro-max-1tb-oranzhevyi-podarok-168642097/?c=750000000
167391176,Apple iPhone 17 Pro 1Tb APPLE1_GIFT_A20W_PPRO_YA12 CosmicOrange,Apple,1181407,NOVAMART,04.10.2026 | 15:08:40,https://kaspi.kz/shop/p/apple-iphone-17-pro-1tb-oranzhevyi-podarok-167391176/?c=750000000
168861062,Apple iPhone 17 Pro 1Tb APPLE2_GIFT_A20W_PPRO CosmicOrange,Apple,1173990,NOVAMART,04.10.2026 | 15:08:40,https://kaspi.kz/shop/p/apple-iphone-17-pro-1tb-oranzhevyi-podarok-168861062/?c=750000000
168036162,Смартфон Apple iPhone 17 Pro Max 2Tb серебристый + подарок,Apple,1820000,SmartDuken,04.10.2026 | 15:08:40,https://kaspi.kz/shop/p/apple-iphone-17-pro-max-2tb-serebristyi-podarok-168036162/?c=750000000
168035527,Смартфон Apple iPhone 17 Pro 256Gb серебристый + подарок,Apple,1008553,CN-MARKET,04.10.2026 | 15:08:40,https://kaspi.kz/shop/p/apple-iphone-17-pro-256gb-serebristyi-podarok-168035527/?c=750000000
167487545,Смартфон Apple iPhone 17 Pro Max 1Tb серебристый + подарок,Apple,1375000,SmartDuken,04.10.2026 | 15:08:40,https://kaspi.kz/shop/p/apple-iphone-17-pro-max-1tb-serebristyi-podarok-167487545/?c=750000000
167237856,iPhone Air 512Gb белый + подарок,Apple,809990,Lynx,04.10.2026 | 15:08:40,https://kaspi.kz/shop/p/apple-iphone-air-512gb-belyi-podarok-167237856/?c=750000000
179010778,Apple iPhone Air 256 APPLE6_GIFT_A40W_EAR SpaceBlack,Apple,651990,NOVAMART,04.10.2026 | 15:08:49,https://kaspi.kz/shop/p/apple-iphone-air-256gb-chernyi-podarok-179010778/?c=750000000
152029427,Apple iPhone Air 256 APPLE_GIFT_YA24 LightGold,Apple,627990,NOVAMART,04.10.2026 | 15:08:49,https://kaspi.kz/shop/p/apple-iphone-air-256gb-zolotistyi-podarok-152029427/?c=750000000
168035198,Apple iPhone 17 Pro 512Gb оранжевый + подарок,Apple,1120000,UMMAH STORE,04.10.2026 | 15:08:49,https://kaspi.kz/shop/p/apple-iphone-17-pro-512gb-oranzhevyi-podarok-168035198/?c=750000000
167237352,iPhone Air 512Gb золотистый + подарок,Apple,867990,Lynx,04.10.2026 | 15:08:49,https://kaspi.kz/shop/p/apple-iphone-air-512gb-zolotistyi-podarok-167237352/?c=750000000
178944385,Apple iPhone 17 Pro Max 512 APPLE6_GIFT_A40W CosmicOrange,Apple,972990,NOVAMART,04.10.2026 | 15:08:49,https://kaspi.kz/shop/p/apple-iphone-17-pro-max-512gb-oranzhevyi-podarok-178944385/?c=750000000
167643468,Apple iPhone Air 256 APPLE2_GIFT_A20W_PODS_SE3S LightGold,Apple,876524,NOVAMART,04.10.2026 | 15:08:49,https://kaspi.kz/shop/p/apple-iphone-air-256gb-zolotistyi-podarok-167643468/?c=750000000
167643512,Apple iPhone Air 1Tb черный + подарок,Apple,1039880,Мобитайм,04.10.2026 | 15:08:49,https://kaspi.kz/shop/p/apple-iphone-air-1tb-chernyi-podarok-167643512/?c=750000000
168663612,Смартфон Apple iPhone 17 Pro 512Gb оранжевый + подарок,Apple,974281,MOBILS,04.10.2026 | 15:08:49,https://kaspi.kz/shop/p/apple-iphone-17-pro-512gb-oranzhevyi-podarok-168663612/?c=750000000
167462130,Apple iPhone 17 Pro Max 2Tb APPLE1_GIFT_A20W_EAR_YA12 CosmicOrange,Apple,1400780,NOVAMART,04.10.2026 | 15:08:49,https://kaspi.kz/shop/p/apple-iphone-17-pro-max-2tb-oranzhevyi-podarok-167462130/?c=750000000
154661130,Смартфон Apple iPhone 17 Dual eSim 256Gb черный + подарок,Apple,648999,SmartDuken,04.10.2026 | 15:08:49,https://kaspi.kz/shop/p/apple-iphone-17-dual-esim-256gb-chernyi-podarok-154661130/?c=750000000
157287066,Смартфон Apple iPhone 17 Pro 256Gb Dual eSim оранжевый + подарок,Apple,788886,SmartDuken,04.10.2026 | 15:08:49,https://kaspi.kz/shop/p/apple-iphone-17-pro-256gb-dual-esim-oranzhevyi-podarok-157287066/?c=750000000
167728853,Смартфон Apple iPhone 17 512Gb голубой + подарок,Apple,994000,UMMAH STORE 2,04.10.2026 | 15:08:49,https://kaspi.kz/shop/p/apple-iphone-17-512gb-goluboi-podarok-167728853/?c=750000000
154660660,Apple iPhone 17 256Gb голубой + подарок (Яндекс Плюс 12 месяцев),Apple,558983,Artis Optima,04.10.2026 | 15:08:58,https://kaspi.kz/shop/p/apple-iphone-17-256gb-nanosim-esim-goluboi-podarok-154660660/?c=750000000
178941176,Apple iPhone 17 Pro 512 APPLE6_GIFT_A40W_EAR_YA24 Silver,Apple,932990,NOVAMART,04.10.2026 | 15:08:58,https://kaspi.kz/shop/p/apple-iphone-17-pro-512gb-serebristyi-podarok-178941176/?c=750000000
179009848,Apple iPhone Air 256 APPLE6_GIFT_A40W_EAR_YA24 SpaceBlack,Apple,663990,NOVAMART,04.10.2026 | 15:08:58,https://kaspi.kz/shop/p/apple-iphone-air-256gb-chernyi-podarok-179009848/?c=750000000
167238383,iPhone Air 1Tb голубой + подарок,Apple,978779,Lynx,04.10.2026 | 15:08:58,https://kaspi.kz/shop/p/apple-iphone-air-1tb-goluboi-podarok-167238383/?c=750000000
178946121,Apple iPhone 17 Pro Max 256 APPLE6_GIFT_A40W_EAR Silver,Apple,841990,NOVAMART,04.10.2026 | 15:08:58,https://kaspi.kz/shop/p/apple-iphone-17-pro-max-256-gb-serebristyi-podarok-178946121/?c=750000000
167487641,Смартфон Apple iPhone 17 Pro Max 1Tb оранжевый + подарок,Apple,1385078,SmartDuken,04.10.2026 | 15:08:58,https://kaspi.kz/shop/p/apple-iphone-17-pro-max-1tb-oranzhevyi-podarok-167487641/?c=750000000
168641534,Смартфон Apple iPhone 17 Pro Max 512Gb серебристый + подарок,Apple,1030194,MOBILS,04.10.2026 | 15:08:58,https://kaspi.kz/shop/p/apple-iphone-17-pro-max-512gb-serebristyi-podarok-168641534/?c=750000000
178956130,Apple iPhone 17 Pro Max 256 APPLE6_GIFT_A40W CosmicOrange,Apple,835990,NOVAMART,04.10.2026 | 15:08:58,https://kaspi.kz/shop/p/apple-iphone-17-pro-max-256gb-oranzhevyi-podarok-178956130/?c=750000000
178947005,Apple iPhone 17 Pro Max 2Tb APPLE6_GIFT_A40W CosmicOrange,Apple,1389990,NOVAMART,04.10.2026 | 15:08:58,https://kaspi.kz/shop/p/apple-iphone-17-pro-max-2tb-oranzhevyi-podarok-178947005/?c=750000000
167238491,iPhone Air 1Tb черный + подарок,Apple,848990,Lynx,04.10.2026 | 15:08:58,https://kaspi.kz/shop/p/apple-iphone-air-1tb-chernyi-podarok-167238491/?c=750000000
170829039,Apple iPhone 17 256Gb зеленый + подарок,Apple,622290,Мобитайм,04.10.2026 | 15:08:58,https://kaspi.kz/shop/p/apple-iphone-17-256gb-zelenyi-podarok-170829039/?c=750000000
152720379,Смартфон Apple iPhone 17 512Gb NanoSIM+eSIM голубой + подарок,Apple,795998,AG shop,04.10.2026 | 15:08:58,https://kaspi.kz/shop/p/apple-iphone-17-512gb-nanosim-esim-goluboi-podarok-152720379/?c=750000000
168156765,Смартфон Apple iPhone 17 512Gb голубой + подарок,Apple,854000,UMMAH STORE 2,04.10.2026 | 15:09:09,https://kaspi.kz/shop/p/apple-iphone-17-512gb-goluboi-podarok-168156765/?c=750000000
167452592,Смартфон Apple iPhone 17 Pro Max 512Gb темно-синий + подарок,Apple,1051907,MOBILS,04.10.2026 | 15:09:09,https://kaspi.kz/shop/p/apple-iphone-17-pro-max-512gb-temno-sinii-podarok-167452592/?c=750000000
167644531,Смартфон Apple iPhone Air 1Tb черный + подарок,Apple,1013364,SmartDuken,04.10.2026 | 15:09:09,https://kaspi.kz/shop/p/apple-iphone-air-1tb-chernyi-podarok-167644531/?c=750000000
167231022,Смартфон Apple iPhone 17 8 ГБ/512 ГБ голубой + подарок,Apple,838000,AG shop,04.10.2026 | 15:09:09,https://kaspi.kz/shop/p/apple-iphone-17-8-gb-512-gb-goluboi-podarok-167231022/?c=750000000
171515053,Apple iPhone 17 Pro 256 APPLE5_GIFT_A35WD_YA36 Silver,Apple,808990,NOVAMART,04.10.2026 | 15:09:09,https://kaspi.kz/shop/p/apple-iphone-17-pro-256-gb-serebristyi-podarok-171515053/?c=750000000
167391276,Смартфон Apple iPhone 17 Pro 1Tb темно-синий + подарок,Apple,1257777,CN-MARKET,04.10.2026 | 15:09:09,https://kaspi.kz/shop/p/apple-iphone-17-pro-1tb-temno-sinii-podarok-167391276/?c=750000000
167643378,iPhone Air 1Tb голубой + подарок,Apple,1089890,Lynx,04.10.2026 | 15:09:09,https://kaspi.kz/shop/p/apple-iphone-air-1tb-goluboi-podarok-167643378/?c=750000000
168036073,Смартфон Apple iPhone 17 Pro Max 512Gb синий + подарок,Apple,1424999,SmartDuken,04.10.2026 | 15:09:09,https://kaspi.kz/shop/p/apple-iphone-17-pro-max-512gb-sinii-podarok-168036073/?c=750000000
167239612,Смартфон Apple iPhone 17 512Gb зеленый + подарок,Apple,890000,UMMAH STORE,04.10.2026 | 15:09:09,https://kaspi.kz/shop/p/apple-iphone-17-512gb-zelenyi-podarok-167239612/?c=750000000
179007486,Apple iPhone Air 256 APPLE6_GIFT_A40W LightGold,Apple,637990,NOVAMART,04.10.2026 | 15:09:09,https://kaspi.kz/shop/p/apple-iphone-air-256gb-zolotistyi-podarok-179007486/?c=750000000
168036319,Смартфон Apple iPhone 17 Pro Max 2Tb оранжевый + подарок,Apple,1820000,SmartDuken,04.10.2026 | 15:09:09,https://kaspi.kz/shop/p/apple-iphone-17-pro-max-2tb-oranzhevyi-podarok-168036319/?c=750000000
178946610,Apple iPhone 17 Pro Max 2Tb APPLE6_GIFT_A40W_EAR_YA24 CosmicOrange,Apple,1415990,NOVAMART,04.10.2026 | 15:09:09,https://kaspi.kz/shop/p/apple-iphone-17-pro-max-2tb-oranzhevyi-podarok-178946610/?c=750000000
168664360,Смартфон Apple iPhone 17 Pro 512Gb синий + подарок,Apple,1069723,Aslan Tel,04.10.2026 | 15:09:18,https://kaspi.kz/shop/p/apple-iphone-17-pro-512gb-sinii-podarok-168664360/?c=750000000
167238609,iPhone Air 1Tb белый + подарок,Apple,859890,Lynx,04.10.2026 | 15:09:18,https://kaspi.kz/shop/p/apple-iphone-air-1tb-belyi-podarok-167238609/?c=750000000
178945339,Apple iPhone 17 Pro 256 APPLE6_GIFT_A40W_EAR_YA24 Silver,Apple,794990,NOVAMART,04.10.2026 | 15:09:18,https://kaspi.kz/shop/p/apple-iphone-17-pro-256gb-serebristyi-podarok-178945339/?c=750000000
167238509,Смартфон Apple iPhone Air 1Tb голубой + подарок,Apple,878000,UMMAH STORE,04.10.2026 | 15:09:18,https://kaspi.kz/shop/p/apple-iphone-air-1tb-goluboi-podarok-167238509/?c=750000000
170829265,Apple iPhone 17 256Gb фиолетовый + подарок,Apple,623536,Mobile_Shop,04.10.2026 | 15:09:18,https://kaspi.kz/shop/p/apple-iphone-17-256gb-fioletovyi-podarok-170829265/?c=750000000
152008690,Смартфон Apple iPhone 17 512Gb Dual eSim фиолетовый + подарок,Apple,768000,UMMAH STORE,04.10.2026 | 15:09:18,https://kaspi.kz/shop/p/apple-iphone-17-512gb-dual-esim-fioletovyi-podarok-152008690/?c=750000000
168035185,Смартфон Apple iPhone 17 Pro 512Gb темно-синий + подарок,Apple,1318674,Aslan Tel,04.10.2026 | 15:09:18,https://kaspi.kz/shop/p/apple-iphone-17-pro-512gb-temno-sinii-podarok-168035185/?c=750000000
179005198,Apple iPhone 17 256Gb черный +подарок(Apple EarPods USB-C+Apple Power Adapter 20W+Яндекс 24 месяца),Apple,587900,Sirius,04.10.2026 | 15:09:18,https://kaspi.kz/shop/p/apple-iphone-17-256gb-chernyi-podarok-179005198/?c=750000000
178946610,Apple iPhone 17 Pro Max 2Tb APPLE6_GIFT_A40W_EAR_YA24 CosmicOrange,Apple,1415990,NOVAMART,04.10.2026 | 15:09:18,https://kaspi.kz/shop/p/apple-iphone-17-pro-max-2tb-oranzhevyi-podarok-178946610/?c=750000000
168159128,Смартфон Apple iPhone Air 1Tb черный + подарок,Apple,870281,SmartDuken,04.10.2026 | 15:09:18,https://kaspi.kz/shop/p/apple-iphone-air-1tb-chernyi-podarok-168159128/?c=750000000
168641870,Apple iPhone 17 Pro Max 256Gb оранжевый + подарок,Apple,964306,Lynx,04.10.2026 | 15:09:18,https://kaspi.kz/shop/p/apple-iphone-17-pro-max-256gb-oranzhevyi-podarok-168641870/?c=750000000
168156810,Смартфон Apple iPhone 17 512Gb фиолетовый + подарок,Apple,769000,UMMAH STORE,04.10.2026 | 15:09:18,https://kaspi.kz/shop/p/apple-iphone-17-512gb-fioletovyi-podarok-168156810/?c=750000000
152032508,iPhone Air 512Gb золотистый + подарок,Apple,798990,Lynx,04.10.2026 | 15:09:27,https://kaspi.kz/shop/p/apple-iphone-air-512gb-zolotistyi-podarok-152032508/?c=750000000
168664835,Apple iPhone 17 Pro 256 APPLE2_GIFT_A20W_PPRO Silver,Apple,920812,NOVAMART,04.10.2026 | 15:09:27,https://kaspi.kz/shop/p/apple-iphone-17-pro-256gb-serebristyi-podarok-168664835/?c=750000000
167729207,Apple iPhone 17 256Gb зеленый + подарок,Apple,989990,Мобитайм,04.10.2026 | 15:09:27,https://kaspi.kz/shop/p/apple-iphone-17-256gb-zelenyi-podarok-167729207/?c=750000000
172964857,Смартфон Apple iPhone 17e 512Gb белый,Apple,580000,Tech.kz,04.10.2026 | 15:09:27,https://kaspi.kz/shop/p/apple-iphone-17e-512gb-belyi-172964857/?c=750000000
170829183,Apple iPhone 17 256Gb зеленый + подарок,Apple,631085,Mobile_Shop,04.10.2026 | 15:09:27,https://kaspi.kz/shop/p/apple-iphone-17-256gb-zelenyi-podarok-170829183/?c=750000000
168665105,Apple iPhone 17 Pro 256Gb синий + подарок,Apple,919835,Lynx,04.10.2026 | 15:09:27,https://kaspi.kz/shop/p/apple-iphone-17-pro-256gb-sinii-podarok-168665105/?c=750000000
171515161,Apple iPhone 17 Pro 256 APPLE5_GIFT_A35WD_YA36 DeepBlue,Apple,808990,NOVAMART,04.10.2026 | 15:09:27,https://kaspi.kz/shop/p/apple-iphone-17-pro-256-gb-temno-sinii-podarok-171515161/?c=750000000
152006139,Смартфон Apple iPhone 17 512Gb Dual eSim белый + подарок,Apple,790000,UMMAH STORE,04.10.2026 | 15:09:27,https://kaspi.kz/shop/p/apple-iphone-17-512gb-dual-esim-belyi-podarok-152006139/?c=750000000
178948037,Apple iPhone 17 Pro Max 512 APPLE6_GIFT_A40W_EAR CosmicOrange,Apple,985990,NOVAMART,04.10.2026 | 15:09:27,https://kaspi.kz/shop/p/apple-iphone-17-pro-max-512gb-oranzhevyi-podarok-178948037/?c=750000000
170829081,Apple iPhone 17 256Gb фиолетовый + подарок,Apple,649980,Мобитайм,04.10.2026 | 15:09:27,https://kaspi.kz/shop/p/apple-iphone-17-256gb-fioletovyi-podarok-170829081/?c=750000000
178957507,Apple iPhone 17 256Gb зеленый + подарок (Яндекс Плюс 36 месяцев),Apple,564900,Sirius,04.10.2026 | 15:09:27,https://kaspi.kz/shop/p/apple-iphone-17-256gb-zelenyi-podarok-178957507/?c=750000000
157279163,Смартфон Apple iPhone 17 Pro Max 512Gb Dual eSim синий + подарок,Apple,831900,UMMAH STORE 2,04.10.2026 | 15:09:27,https://kaspi.kz/shop/p/apple-iphone-17-pro-max-512gb-dual-esim-sinii-podarok-157279163/?c=750000000
157461601,Смартфон Apple iPhone 17 Pro Max Dual eSim 1024Gb серебристый + подарок,Apple,1099988,AG shop,04.10.2026 | 15:09:36,https://kaspi.kz/shop/p/apple-iphone-17-pro-max-dual-esim-1024gb-serebristyi-podarok-157461601/?c=750000000
167644142,Apple iPhone Air 256Gb золотистый + подарок,Apple,999677,Мобитайм,04.10.2026 | 15:09:36,https://kaspi.kz/shop/p/apple-iphone-air-256gb-zolotistyi-podarok-167644142/?c=750000000
167487526,Смартфон Apple iPhone 17 Pro Max 1Tb оранжевый + подарок,Apple,1677892,SmartDuken,04.10.2026 | 15:09:36,https://kaspi.kz/shop/p/apple-iphone-17-pro-max-1tb-oranzhevyi-podarok-167487526/?c=750000000
167461347,Apple iPhone 17 Pro Max 2Tb APPLE1_GIFT_A20W_EAR_YA12 DeepBlue,Apple,1337990,NOVAMART,04.10.2026 | 15:09:36,https://kaspi.kz/shop/p/apple-iphone-17-pro-max-2tb-temno-sinii-podarok-167461347/?c=750000000
168158293,Смартфон Apple iPhone Air 256Gb белый + подарок,Apple,740475,SmartDuken,04.10.2026 | 15:09:36,https://kaspi.kz/shop/p/apple-iphone-air-256gb-belyi-podarok-168158293/?c=750000000
168036562,Смартфон Apple iPhone 17 Pro Max 256Gb синий + подарок,Apple,1053453,AG shop,04.10.2026 | 15:09:36,https://kaspi.kz/shop/p/apple-iphone-17-pro-max-256gb-sinii-podarok-168036562/?c=750000000
170828858,Смартфон Apple iPhone 17 256Gb белый + подарок,Apple,601000,UMMAH STORE 2,04.10.2026 | 15:09:36,https://kaspi.kz/shop/p/apple-iphone-17-256gb-belyi-podarok-170828858/?c=750000000
167643412,Apple iPhone Air 256Gb голубой + подарок,Apple,959990,Мобитайм,04.10.2026 | 15:09:36,https://kaspi.kz/shop/p/apple-iphone-air-256gb-goluboi-podarok-167643412/?c=750000000
168157724,iPhone Air 512Gb черный + подарок,Apple,883333,Lynx,04.10.2026 | 15:09:36,https://kaspi.kz/shop/p/apple-iphone-air-512gb-chernyi-podarok-168157724/?c=750000000
167389846,Смартфон Apple iPhone 17 Pro 512Gb темно-синий + подарок,Apple,1316999,SmartDuken,04.10.2026 | 15:09:36,https://kaspi.kz/shop/p/apple-iphone-17-pro-512gb-temno-sinii-podarok-167389846/?c=750000000
152005585,Смартфон Apple iPhone 17 Pro 512Gb Dual eSim серебристый + подарок,Apple,877090,MOBILS,04.10.2026 | 15:09:36,https://kaspi.kz/shop/p/apple-iphone-17-pro-512gb-dual-esim-serebristyi-podarok-152005585/?c=750000000
168664510,Смартфон Apple iPhone 17 Pro 512Gb серебристый + подарок,Apple,895546,Aslan Tel,04.10.2026 | 15:09:36,https://kaspi.kz/shop/p/apple-iphone-17-pro-512gb-serebristyi-podarok-168664510/?c=750000000
152009221,Смартфон Apple iPhone 17 512Gb Dual eSim черный + подарок,Apple,787995,AG shop,04.10.2026 | 15:09:44,https://kaspi.kz/shop/p/apple-iphone-17-512gb-dual-esim-chernyi-podarok-152009221/?c=750000000
167457411,Apple iPhone 17 Pro Max 2Tb APPLE1_GIFT_A20W_PODS_YA12 DeepBlue,Apple,1406990,NOVAMART,04.10.2026 | 15:09:44,https://kaspi.kz/shop/p/apple-iphone-17-pro-max-2tb-temno-sinii-podarok-167457411/?c=750000000
152721239,Смартфон Apple iPhone 17 Pro 1024Gb NanoSIM+eSIM серебристый + подарок,Apple,1151277,CN-MARKET,04.10.2026 | 15:09:45,https://kaspi.kz/shop/p/apple-iphone-17-pro-1024gb-nanosim-esim-serebristyi-podarok-152721239/?c=750000000
178946636,Apple iPhone 17 Pro Max 2Tb APPLE6_GIFT_A40W_EAR Silver,Apple,1402990,NOVAMART,04.10.2026 | 15:09:45,https://kaspi.kz/shop/p/apple-iphone-17-pro-max-2tb-serebristyi-podarok-178946636/?c=750000000
167451628,Смартфон Apple iPhone 17 Pro Max 512Gb серебристый + подарок,Apple,1481991,MOBILS,04.10.2026 | 15:09:45,https://kaspi.kz/shop/p/apple-iphone-17-pro-max-512gb-serebristyi-podarok-167451628/?c=750000000
168642172,Смартфон Apple iPhone 17 Pro Max 1Tb серебристый + подарок,Apple,1325706,MOBILS,04.10.2026 | 15:09:45,https://kaspi.kz/shop/p/apple-iphone-17-pro-max-1tb-serebristyi-podarok-168642172/?c=750000000
168158829,iPhone Air 1Tb золотистый + подарок,Apple,958890,Lynx,04.10.2026 | 15:09:45,https://kaspi.kz/shop/p/apple-iphone-air-1tb-zolotistyi-podarok-168158829/?c=750000000
168860592,Apple iPhone 17 Pro 1Tb серебристый + подарок,Apple,1173000,UMMAH STORE,04.10.2026 | 15:09:45,https://kaspi.kz/shop/p/apple-iphone-17-pro-1tb-serebristyi-podarok-168860592/?c=750000000
167238468,iPhone Air 1Tb белый + подарок,Apple,948990,Lynx,04.10.2026 | 15:09:45,https://kaspi.kz/shop/p/apple-iphone-air-1tb-belyi-podarok-167238468/?c=750000000
178948227,Apple iPhone 17 Pro 512 APPLE6_GIFT_A40W_EAR Silver,Apple,920990,NOVAMART,04.10.2026 | 15:09:45,https://kaspi.kz/shop/p/apple-iphone-17-pro-512gb-serebristyi-podarok-178948227/?c=750000000
169699740,Смартфон Apple iPhone 17 Pro Max 12/256GB Deep Blue Чехол Apple для iPhone 17 Pro Max Silicone Case with MagSafe – Black MGFR4ZM/A,Apple,759980,Sulpаk,04.10.2026 | 15:09:45,https://kaspi.kz/shop/p/apple-iphone-17-pro-max-12-gb-256-gb-temno-sinii-podarok-169699740/?c=750000000
179005560,Apple iPhone 17 256Gb белый +подарок(Apple EarPods USB-C+Apple Power Adapter 20W+Яндекс 24 месяца),Apple,587900,Sirius,04.10.2026 | 15:09:45,https://kaspi.kz/shop/p/apple-iphone-17-256gb-belyi-podarok-179005560/?c=750000000
171515971,Смартфон Apple iPhone 16 8 ГБ/128 ГБ черный + подарок,Apple,565904,MOBILS,04.10.2026 | 15:09:53,https://kaspi.kz/shop/p/apple-iphone-16-8-gb-128-gb-chernyi-podarok-171515971/?c=750000000
171516431,Смартфон Apple iPhone 16 8 ГБ/128 ГБ черный + подарок,Apple,536895,MOBILS,04.10.2026 | 15:09:53,https://kaspi.kz/shop/p/apple-iphone-16-8-gb-128-gb-chernyi-podarok-171516431/?c=750000000
113138335,Apple iPhone 15 Pro 512Gb NanoSIM+eSIM синий,Apple,825516,CN-MARKET,04.10.2026 | 15:09:53,https://kaspi.kz/shop/p/apple-iphone-15-pro-512gb-nanosim-esim-sinii-113138335/?c=750000000
171514508,Смартфон Apple iPhone 17 256 GB фиолетовый + подарок,Apple,667999,SmartDuken,04.10.2026 | 15:09:53,https://kaspi.kz/shop/p/apple-iphone-17-256-gb-fioletovyi-podarok-171514508/?c=750000000
168155040,Apple iPhone 16 128 APPLE2_GIFT_A20W_PODS Pink,Apple,596630,NOVAMART,04.10.2026 | 15:09:53,https://kaspi.kz/shop/p/apple-iphone-16-128gb-rozovyi-podarok-168155040/?c=750000000
157458415,Apple iPhone 16 128Gb черный + подарок (Яндекс Плюс 12 месяцев),Apple,464900,Sirius,04.10.2026 | 15:09:53,https://kaspi.kz/shop/p/apple-iphone-16-128gb-nanosim-esim-chernyi-podarok-157458415/?c=750000000
168641377,Apple iPhone 17 Pro Max 512Gb серебристый + подарок,Apple,1270419,Lynx,04.10.2026 | 15:09:53,https://kaspi.kz/shop/p/apple-iphone-17-pro-max-512gb-serebristyi-podarok-168641377/?c=750000000
113138053,Apple iPhone 15 Plus 256Gb NanoSIM+eSIM розовый,Apple,574267,1Bay,04.10.2026 | 15:09:53,https://kaspi.kz/shop/p/apple-iphone-15-plus-256gb-nanosim-esim-rozovyi-113138053/?c=750000000
147262171,Apple iPhone 16 128Gb черный + подарок (Яндекс Плюс 24 месяца),Apple,469900,Sirius,04.10.2026 | 15:09:53,https://kaspi.kz/shop/p/apple-iphone-16-128gb-nanosim-esim-chernyi-podarok-147262171/?c=750000000
168156646,Смартфон Apple iPhone 15 256Gb синий + подарок,Apple,529000,UMMAH STORE,04.10.2026 | 15:09:53,https://kaspi.kz/shop/p/apple-iphone-15-256gb-sinii-podarok-168156646/?c=750000000
113589035,Смартфон Apple iPhone 15 Pro 1Tb Dual Sim черный,Apple,699998,iStore KZ,04.10.2026 | 15:09:53,https://kaspi.kz/shop/p/apple-iphone-15-pro-1tb-dual-sim-chernyi-113589035/?c=750000000
168158327,Смартфон Apple iPhone Air 256Gb голубой + подарок,Apple,604979,SmartDuken,04.10.2026 | 15:09:53,https://kaspi.kz/shop/p/apple-iphone-air-256gb-goluboi-podarok-168158327/?c=750000000
157458212,Смартфон Apple iPhone 16 128Gb NanoSIM+eSIM белый + подарок,Apple,539299,SmartDuken,04.10.2026 | 15:10:05,https://kaspi.kz/shop/p/apple-iphone-16-128gb-nanosim-esim-belyi-podarok-157458212/?c=750000000
167239298,Смартфон Apple iPhone 15 256Gb черный + подарок,Apple,558941,MOBILS,04.10.2026 | 15:10:05,https://kaspi.kz/shop/p/apple-iphone-15-256gb-chernyi-podarok-167239298/?c=750000000
157459696,Смартфон Apple iPhone 15 256Gb NanoSIM+eSIM голубой + подарок,Apple,539000,UMMAH STORE,04.10.2026 | 15:10:05,https://kaspi.kz/shop/p/apple-iphone-15-256gb-nanosim-esim-goluboi-podarok-157459696/?c=750000000
143568155,Apple iPhone 16 Pro Max 256Gb NanoSIM+eSIM черный + подарок,Apple,930000,Мобитайм,04.10.2026 | 15:10:05,https://kaspi.kz/shop/p/apple-iphone-16-pro-max-256gb-nanosim-esim-chernyi-podarok-143568155/?c=750000000
121693378,Apple iPhone 15 128Gb Dual eSim зеленый,Apple,600000,Mobile_Shop,04.10.2026 | 15:10:05,https://kaspi.kz/shop/p/apple-iphone-15-128gb-dual-esim-zelenyi-121693378/?c=750000000
135186258,Смартфон Apple iPhone 16e 512Gb NanoSIM+eSIM белый,Apple,453139,ASR Market,04.10.2026 | 15:10:05,https://kaspi.kz/shop/p/apple-iphone-16e-512gb-nanosim-esim-belyi-135186258/?c=750000000
147261973,Apple iPhone 15 256 APPLE_GIFT_YA24 Black,Apple,537999,NOVAMART,04.10.2026 | 15:10:05,https://kaspi.kz/shop/p/apple-iphone-15-256gb-nanosim-esim-chernyi-podarok-147261973/?c=750000000
143578203,Смартфон Apple iPhone 15 128Gb NanoSIM+eSIM желтый + подарок,Apple,545000,Rose mobile,04.10.2026 | 15:10:05,https://kaspi.kz/shop/p/apple-iphone-15-128gb-nanosim-esim-zheltyi-podarok-143578203/?c=750000000
131015677,Смартфон Apple iPhone 16 Pro Max 256Gb Dual Sim белый,Apple,699995,PhoneKZ,04.10.2026 | 15:10:05,https://kaspi.kz/shop/p/apple-iphone-16-pro-max-256gb-dual-sim-belyi-131015677/?c=750000000
149071353,Смартфон Apple iPhone 16 128Gb NanoSIM+eSIM розовый + подарок,Apple,548000,UMMAH STORE,04.10.2026 | 15:10:05,https://kaspi.kz/shop/p/apple-iphone-16-128gb-nanosim-esim-rozovyi-podarok-149071353/?c=750000000
140897845,Смартфон Apple iPhone 16 Pro 256Gb Dual Sim белый,Apple,719999,OZEN,04.10.2026 | 15:10:05,https://kaspi.kz/shop/p/apple-iphone-16-pro-256gb-dual-sim-belyi-140897845/?c=750000000
171584280,Смартфон Apple iPhone 15 6 ГБ/128 ГБ черный + подарок,Apple,502000,UMMAH STORE,04.10.2026 | 15:10:05,https://kaspi.kz/shop/p/apple-iphone-15-6-gb-128-gb-chernyi-podarok-171584280/?c=750000000
171578811,Apple iPhone 15 256 APPLE5_GIFT_A35WD_YA36 Black,Apple,590990,NOVAMART,04.10.2026 | 15:10:14,https://kaspi.kz/shop/p/apple-iphone-15-6-gb-256-gb-chernyi-podarok-171578811/?c=750000000
171516303,Смартфон Apple iPhone 16 8 ГБ/128 ГБ белый + подарок,Apple,589000,UMMAH STORE,04.10.2026 | 15:10:15,https://kaspi.kz/shop/p/apple-iphone-16-8-gb-128-gb-belyi-podarok-171516303/?c=750000000
177772480,Смартфон Apple iPhone 18 Pro Max 256Gb dual eSIM голубой,Apple,1150000,SMART ELECTRONICS,04.10.2026 | 15:10:15,https://kaspi.kz/shop/p/apple-iphone-18-pro-max-256gb-dual-esim-goluboi-177772480/?c=750000000
171578736,Смартфон Apple iPhone 15 6 ГБ/256 ГБ голубой + подарок,Apple,591000,UMMAH STORE,04.10.2026 | 15:10:15,https://kaspi.kz/shop/p/apple-iphone-15-6-gb-256-gb-goluboi-podarok-171578736/?c=750000000
123745316,Apple iPhone 16 Plus 128Gb NanoSIM+eSIM белый,Apple,546975,GadgetON,04.10.2026 | 15:10:15,https://kaspi.kz/shop/p/apple-iphone-16-plus-128gb-nanosim-esim-belyi-123745316/?c=750000000
134238610,Смартфон Apple iPhone 13 128Gb NanoSIM+eSIM черный + подарок,Apple,430900,UMMAH STORE 2,04.10.2026 | 15:10:15,https://kaspi.kz/shop/p/apple-iphone-13-128gb-nanosim-esim-chernyi-podarok-134238610/?c=750000000
171515760,Смартфон Apple iPhone 16 8 ГБ/128 ГБ белый + подарок,Apple,589000,UMMAH STORE,04.10.2026 | 15:10:15,https://kaspi.kz/shop/p/apple-iphone-16-8-gb-128-gb-belyi-podarok-171515760/?c=750000000
171515838,Apple iPhone 16 128 APPLE5_GIFT_A35WD_YA36 Pink,Apple,565999,NOVAMART,04.10.2026 | 15:10:15,https://kaspi.kz/shop/p/apple-iphone-16-8-gb-128-gb-rozovyi-podarok-171515838/?c=750000000
107734353,Apple iPhone 14 256Gb Dual Sim голубой,Apple,529990,Mobile_Shop,04.10.2026 | 15:10:15,https://kaspi.kz/shop/p/apple-iphone-14-256gb-dual-sim-goluboi-107734353/?c=750000000
124338734,Apple iPhone 16 Plus 256Gb Dual eSim синий,Apple,589000,UMMAH STORE,04.10.2026 | 15:10:15,https://kaspi.kz/shop/p/apple-iphone-16-plus-256gb-dual-esim-sinii-124338734/?c=750000000
177319233,Смартфон Apple iPhone 18 Pro Max 1Tb NanoSIM+eSIM черный,Apple,1700000,SMART ELECTRONICS,04.10.2026 | 15:10:15,https://kaspi.kz/shop/p/apple-iphone-18-pro-max-1tb-nanosim-esim-chernyi-177319233/?c=750000000
171578937,Смартфон Apple iPhone 15 6 ГБ/256 ГБ голубой + подарок,Apple,561000,UMMAH STORE,04.10.2026 | 15:10:15,https://kaspi.kz/shop/p/apple-iphone-15-6-gb-256-gb-goluboi-podarok-171578937/?c=750000000
168155024,Apple iPhone 16 128 APPLE2_GIFT_A20W_PODS Teal,Apple,597918,NOVAMART,04.10.2026 | 15:10:23,https://kaspi.kz/shop/p/apple-iphone-16-128gb-birjuzovyi-podarok-168155024/?c=750000000
167281112,Смартфон Apple iPhone 16 256Gb черный + подарок,Apple,687000,UMMAH STORE 2,04.10.2026 | 15:10:23,https://kaspi.kz/shop/p/apple-iphone-16-256gb-chernyi-podarok-167281112/?c=750000000
171516320,Смартфон Apple iPhone 16 8 ГБ/128 ГБ синий + подарок,Apple,569000,UMMAH STORE,04.10.2026 | 15:10:23,https://kaspi.kz/shop/p/apple-iphone-16-8-gb-128-gb-sinii-podarok-171516320/?c=750000000
113138454,Apple iPhone 15 Pro Max 1Tb NanoSIM+eSIM синий,Apple,897900,KHAN MOBILE,04.10.2026 | 15:10:23,https://kaspi.kz/shop/p/apple-iphone-15-pro-max-1tb-nanosim-esim-sinii-113138454/?c=750000000
168155172,Смартфон Apple iPhone 16 128Gb синий + подарок,Apple,556580,Rose mobile,04.10.2026 | 15:10:23,https://kaspi.kz/shop/p/apple-iphone-16-128gb-sinii-podarok-168155172/?c=750000000
122085248,Смартфон Apple iPhone 14 Pro 512Gb Dual eSim фиолетовый,Apple,890000,1Bay,04.10.2026 | 15:10:23,https://kaspi.kz/shop/p/apple-iphone-14-pro-512gb-dual-esim-fioletovyi-122085248/?c=750000000
114790815,Смартфон Apple iPhone 15 Pro 512Gb Dual Sim белый,Apple,679998,iStore KZ,04.10.2026 | 15:10:23,https://kaspi.kz/shop/p/apple-iphone-15-pro-512gb-dual-sim-belyi-114790815/?c=750000000
113138054,Apple iPhone 15 Plus 512Gb NanoSIM+eSIM розовый,Apple,565852,Zest Store,04.10.2026 | 15:10:23,https://kaspi.kz/shop/p/apple-iphone-15-plus-512gb-nanosim-esim-rozovyi-113138054/?c=750000000
152720101,Смартфон Apple iPhone 16 Plus 128Gb NanoSIM+eSIM черный + подарок,Apple,619999,AG shop,04.10.2026 | 15:10:23,https://kaspi.kz/shop/p/apple-iphone-16-plus-128gb-nanosim-esim-chernyi-podarok-152720101/?c=750000000
149071242,Смартфон Apple iPhone 16 128Gb NanoSIM+eSIM зеленый + подарок,Apple,511000,UMMAH STORE 2,04.10.2026 | 15:10:23,https://kaspi.kz/shop/p/apple-iphone-16-128gb-nanosim-esim-zelenyi-podarok-149071242/?c=750000000
167733530,Смартфон Apple iPhone 16 128Gb белый + подарок,Apple,752634,MOBILS,04.10.2026 | 15:10:23,https://kaspi.kz/shop/p/apple-iphone-16-128gb-belyi-podarok-167733530/?c=750000000
121694515,,Apple,718000,ZAKSTOR,04.10.2026 | 15:10:23,https://kaspi.kz/shop/p/apple-iphone-15-plus-256gb-dual-esim-rozovyi-121694515/?c=750000000
171516423,Apple iPhone 16 128 APPLE5_GIFT_A20W_YA36 Pink,Apple,535999,NOVAMART,04.10.2026 | 15:10:32,https://kaspi.kz/shop/p/apple-iphone-16-8-gb-128-gb-rozovyi-podarok-171516423/?c=750000000
168156202,Смартфон Apple iPhone 15 128Gb черный + подарок,Apple,563998,Amir.ON,04.10.2026 | 15:10:32,https://kaspi.kz/shop/p/apple-iphone-15-128gb-chernyi-podarok-168156202/?c=750000000
124338670,Apple iPhone 16 Plus 128Gb Dual eSim розовый,Apple,579989,ZAKSTOR,04.10.2026 | 15:10:32,https://kaspi.kz/shop/p/apple-iphone-16-plus-128gb-dual-esim-rozovyi-124338670/?c=750000000
147262321,Apple iPhone 16 128 APPLE_GIFT_YA24 Pink,Apple,498899,NOVAMART,04.10.2026 | 15:10:32,https://kaspi.kz/shop/p/apple-iphone-16-128gb-nanosim-esim-rozovyi-podarok-147262321/?c=750000000
124338555,Apple iPhone 16 Pro Max 512Gb Dual eSim серебристый,Apple,897428,Tech.kz,04.10.2026 | 15:10:32,https://kaspi.kz/shop/p/apple-iphone-16-pro-max-512gb-dual-esim-serebristyi-124338555/?c=750000000
157457845,Apple iPhone 16 128 APPLE_GIFT_YA12 Pink,Apple,510999,NOVAMART,04.10.2026 | 15:10:32,https://kaspi.kz/shop/p/apple-iphone-16-128gb-nanosim-esim-rozovyi-podarok-157457845/?c=750000000
122062756,Apple iPhone 14 512Gb Dual eSim голубой,Apple,534499,Mobile_Shop,04.10.2026 | 15:10:32,https://kaspi.kz/shop/p/apple-iphone-14-512gb-dual-esim-goluboi-122062756/?c=750000000
107734101,Apple iPhone 14 128Gb Dual Sim голубой,Apple,432000,UMMAH STORE,04.10.2026 | 15:10:32,https://kaspi.kz/shop/p/apple-iphone-14-128gb-dual-sim-goluboi-107734101/?c=750000000
123776543,Apple iPhone 16 Plus 128Gb NanoSIM+eSIM зеленый,Apple,576005,Мобитайм,04.10.2026 | 15:10:32,https://kaspi.kz/shop/p/apple-iphone-16-plus-128gb-nanosim-esim-zelenyi-123776543/?c=750000000
147262260,Apple iPhone 16 128Gb зеленый + подарок (Яндекс Плюс 24 месяца),Apple,469595,Sirius,04.10.2026 | 15:10:32,https://kaspi.kz/shop/p/apple-iphone-16-128gb-nanosim-esim-zelenyi-podarok-147262260/?c=750000000
121703281,Apple iPhone 15 Pro Max 512Gb Dual eSim белый,Apple,770000,Zest Store,04.10.2026 | 15:10:32,https://kaspi.kz/shop/p/apple-iphone-15-pro-max-512gb-dual-esim-belyi-121703281/?c=750000000
157460353,Смартфон Apple iPhone 15 256Gb NanoSIM+eSIM черный + подарок,Apple,533769,SmartDuken,04.10.2026 | 15:10:32,https://kaspi.kz/shop/p/apple-iphone-15-256gb-nanosim-esim-chernyi-podarok-157460353/?c=750000000
147252727,Смартфон Apple iPhone 16 Plus 128Gb NanoSIM+eSIM черный + подарок,Apple,679999,AG shop,04.10.2026 | 15:10:41,https://kaspi.kz/shop/p/apple-iphone-16-plus-128gb-nanosim-esim-chernyi-podarok-147252727/?c=750000000
129269060,Смартфон Apple iPhone 16 Pro Max 1024Gb Dual Sim черный,Apple,899999,OZEN,04.10.2026 | 15:10:41,https://kaspi.kz/shop/p/apple-iphone-16-pro-max-1024gb-dual-sim-chernyi-129269060/?c=750000000
171584278,Смартфон Apple iPhone 15 6 ГБ/128 ГБ голубой + подарок,Apple,522000,UMMAH STORE,04.10.2026 | 15:10:41,https://kaspi.kz/shop/p/apple-iphone-15-6-gb-128-gb-goluboi-podarok-171584278/?c=750000000
171584366,Смартфон Apple iPhone 15 6 ГБ/128 ГБ голубой + подарок,Apple,488982,MOBILS,04.10.2026 | 15:10:41,https://kaspi.kz/shop/p/apple-iphone-15-6-gb-128-gb-goluboi-podarok-171584366/?c=750000000
157458032,Apple iPhone 16 128 APPLE_GIFT_YA12 Teal,Apple,511990,NOVAMART,04.10.2026 | 15:10:41,https://kaspi.kz/shop/p/apple-iphone-16-128gb-nanosim-esim-zelenyi-podarok-157458032/?c=750000000
171515806,Apple iPhone 16 128 APPLE5_GIFT_A35WD_YA36 Teal,Apple,566990,NOVAMART,04.10.2026 | 15:10:41,https://kaspi.kz/shop/p/apple-iphone-16-8-gb-128-gb-zelenyi-podarok-171515806/?c=750000000
143568249,Apple iPhone 16 Pro Max 512Gb NanoSIM+eSIM золотистый + подарок,Apple,980002,"ТОО ""BI TRADE""",04.10.2026 | 15:10:41,https://kaspi.kz/shop/p/apple-iphone-16-pro-max-512gb-nanosim-esim-zolotistyi-podarok-143568249/?c=750000000
149070329,Смартфон Apple iPhone 16 256Gb NanoSIM+eSIM черный + подарок,Apple,638000,UMMAH STORE 2,04.10.2026 | 15:10:41,https://kaspi.kz/shop/p/apple-iphone-16-256gb-nanosim-esim-chernyi-podarok-149070329/?c=750000000
123889486,Смартфон Apple iPhone 16 Pro 512Gb NanoSIM+eSIM золотистый,Apple,878999,Pro Life,04.10.2026 | 15:10:41,https://kaspi.kz/shop/p/apple-iphone-16-pro-512gb-nanosim-esim-zolotistyi-123889486/?c=750000000
124338766,Apple iPhone 16 Plus 128Gb Dual eSim зеленый,Apple,616575,ZAKSTOR,04.10.2026 | 15:10:41,https://kaspi.kz/shop/p/apple-iphone-16-plus-128gb-dual-esim-zelenyi-124338766/?c=750000000
167728586,Apple iPhone 15 128Gb черный + подарок,Apple,713088,MEGAPHONE,04.10.2026 | 15:10:41,https://kaspi.kz/shop/p/apple-iphone-15-128gb-chernyi-podarok-167728586/?c=750000000
113138293,Apple iPhone 15 Pro 512Gb NanoSIM+eSIM белый,Apple,817462,CN-MARKET,04.10.2026 | 15:10:41,https://kaspi.kz/shop/p/apple-iphone-15-pro-512gb-nanosim-esim-belyi-113138293/?c=750000000
149069078,Смартфон Apple iPhone 16e 128Gb NanoSIM+eSIM белый + подарок,Apple,468000,UMMAH STORE,04.10.2026 | 15:10:49,https://kaspi.kz/shop/p/apple-iphone-16e-128gb-nanosim-esim-belyi-podarok-149069078/?c=750000000
124338570,Apple iPhone 16 Pro Max 1Tb Dual eSim серебристый,Apple,1032640,Zest Store,04.10.2026 | 15:10:50,https://kaspi.kz/shop/p/apple-iphone-16-pro-max-1tb-dual-esim-serebristyi-124338570/?c=750000000
124338719,Apple iPhone 16 Plus 128Gb Dual eSim синий,Apple,588999,ZAKSTOR,04.10.2026 | 15:10:50,https://kaspi.kz/shop/p/apple-iphone-16-plus-128gb-dual-esim-sinii-124338719/?c=750000000
168155773,Apple iPhone 16 128 APPLE2_GIFT_A20W_EAR Teal,Apple,528519,NOVAMART,04.10.2026 | 15:10:50,https://kaspi.kz/shop/p/apple-iphone-16-128gb-birjuzovyi-podarok-168155773/?c=750000000
124338464,Apple iPhone 16 Pro Max 512Gb Dual eSim белый,Apple,1000000,Mobile_Shop,04.10.2026 | 15:10:50,https://kaspi.kz/shop/p/apple-iphone-16-pro-max-512gb-dual-esim-belyi-124338464/?c=750000000
143711535,Apple iPhone 16 128Gb NanoSIM+eSIM розовый + подарок,Apple,536915,Мобитайм,04.10.2026 | 15:10:50,https://kaspi.kz/shop/p/apple-iphone-16-128gb-nanosim-esim-rozovyi-podarok-143711535/?c=750000000
122067481,Apple iPhone 14 Plus 512Gb Dual eSim черный,Apple,667777,CN-MARKET,04.10.2026 | 15:10:50,https://kaspi.kz/shop/p/apple-iphone-14-plus-512gb-dual-esim-chernyi-122067481/?c=750000000
149069765,Apple iPhone 16 128Gb NanoSIM+eSIM белый + подарок,Apple,575900,Galaxy Mobile,04.10.2026 | 15:10:50,https://kaspi.kz/shop/p/apple-iphone-16-128gb-nanosim-esim-belyi-podarok-149069765/?c=750000000
143568193,Apple iPhone 16 Pro Max 512Gb NanoSIM+eSIM черный + подарок,Apple,910001,"ТОО ""BI TRADE""",04.10.2026 | 15:10:50,https://kaspi.kz/shop/p/apple-iphone-16-pro-max-512gb-nanosim-esim-chernyi-podarok-143568193/?c=750000000
122061520,Смартфон Apple iPhone 14 128Gb Dual eSim сиреневый,Apple,446999,HanTech,04.10.2026 | 15:10:50,https://kaspi.kz/shop/p/apple-iphone-14-128gb-dual-esim-sirenevyi-122061520/?c=750000000
167728478,Смартфон Apple iPhone 15 128Gb синий + подарок,Apple,680000,SmartDuken,04.10.2026 | 15:10:50,https://kaspi.kz/shop/p/apple-iphone-15-128gb-sinii-podarok-167728478/?c=750000000
107734225,Apple iPhone 14 256Gb Dual Sim сиреневый,Apple,453000,UMMAH STORE,04.10.2026 | 15:10:50,https://kaspi.kz/shop/p/apple-iphone-14-256gb-dual-sim-sirenevyi-107734225/?c=750000000
113137965,Apple iPhone 15 512Gb NanoSIM+eSIM желтый,Apple,579553,GOLDEN_KZ,04.10.2026 | 15:10:58,https://kaspi.kz/shop/p/apple-iphone-15-512gb-nanosim-esim-zheltyi-113137965/?c=750000000
107734439,Apple iPhone 14 128Gb Dual Sim сиреневый,Apple,528000,UMMAH STORE,04.10.2026 | 15:10:58,https://kaspi.kz/shop/p/apple-iphone-14-128gb-dual-sim-sirenevyi-107734439/?c=750000000
106363188,Apple iPhone 14 256Gb NanoSIM+eSIM красный,Apple,485999,GadgetON,04.10.2026 | 15:10:58,https://kaspi.kz/shop/p/apple-iphone-14-256gb-nanosim-esim-krasnyi-106363188/?c=750000000
113138415,Смартфон Apple iPhone 15 Pro Max 1Tb NanoSIM+eSIM черный,Apple,990579,Joanna,04.10.2026 | 15:10:58,https://kaspi.kz/shop/p/apple-iphone-15-pro-max-1tb-nanosim-esim-chernyi-113138415/?c=750000000
167733756,Смартфон Apple iPhone 16 128Gb бирюзовый + подарок,Apple,786053,MOBILS,04.10.2026 | 15:10:58,https://kaspi.kz/shop/p/apple-iphone-16-128gb-birjuzovyi-podarok-167733756/?c=750000000
114323222,Apple iPhone 15 128Gb Dual Sim зеленый,Apple,600000,Mobile_Shop,04.10.2026 | 15:10:58,https://kaspi.kz/shop/p/apple-iphone-15-128gb-dual-sim-zelenyi-114323222/?c=750000000
134234127,Смартфон Apple iPhone 16 128Gb NanoSIM+eSIM фиолетовый + подарок,Apple,530000,UMMAH STORE,04.10.2026 | 15:10:58,https://kaspi.kz/shop/p/apple-iphone-16-128gb-nanosim-esim-fioletovyi-podarok-134234127/?c=750000000
113587858,Apple iPhone 15 Pro Max 1Tb Dual Sim серый,Apple,949990,Mobile_Shop,04.10.2026 | 15:10:58,https://kaspi.kz/shop/p/apple-iphone-15-pro-max-1tb-dual-sim-seryi-113587858/?c=750000000
147252456,Смартфон Apple iPhone 16 Plus 128Gb NanoSIM+eSIM фиолетовый + подарок,Apple,621000,UMMAH STORE,04.10.2026 | 15:10:59,https://kaspi.kz/shop/p/apple-iphone-16-plus-128gb-nanosim-esim-fioletovyi-podarok-147252456/?c=750000000
113138052,Apple iPhone 15 Plus 128Gb NanoSIM+eSIM розовый,Apple,598999,GadgetON,04.10.2026 | 15:10:59,https://kaspi.kz/shop/p/apple-iphone-15-plus-128gb-nanosim-esim-rozovyi-113138052/?c=750000000
167281218,Смартфон Apple iPhone 16 128Gb черный + подарок,Apple,605926,MOBILS,04.10.2026 | 15:10:59,https://kaspi.kz/shop/p/apple-iphone-16-128gb-chernyi-podarok-167281218/?c=750000000
113138050,Смартфон Apple iPhone 15 Plus 256Gb NanoSIM+eSIM голубой,Apple,611509,AG shop,04.10.2026 | 15:10:59,https://kaspi.kz/shop/p/apple-iphone-15-plus-256gb-nanosim-esim-goluboi-113138050/?c=750000000
128138599,Apple iPhone 16 Pro Max 1Tb Dual Sim золотистый,Apple,1099990,Mobile_Shop,04.10.2026 | 15:11:10,https://kaspi.kz/shop/p/apple-iphone-16-pro-max-1tb-dual-sim-zolotistyi-128138599/?c=750000000
106363213,Apple iPhone 14 Plus 128Gb NanoSIM+eSIM красный,Apple,483025,Мобитайм,04.10.2026 | 15:11:10,https://kaspi.kz/shop/p/apple-iphone-14-plus-128gb-nanosim-esim-krasnyi-106363213/?c=750000000
149071952,Смартфон Apple iPhone 16 128Gb NanoSIM+eSIM черный + подарок,Apple,544990,UMMAH STORE 2,04.10.2026 | 15:11:10,https://kaspi.kz/shop/p/apple-iphone-16-128gb-nanosim-esim-chernyi-podarok-149071952/?c=750000000
113137962,Apple iPhone 15 256Gb NanoSIM+eSIM желтый,Apple,526660,Мобитайм,04.10.2026 | 15:11:10,https://kaspi.kz/shop/p/apple-iphone-15-256gb-nanosim-esim-zheltyi-113137962/?c=750000000
171578875,Смартфон Apple iPhone 15 6 ГБ/256 ГБ розовый + подарок,Apple,699999,AG shop,04.10.2026 | 15:11:10,https://kaspi.kz/shop/p/apple-iphone-15-6-gb-256-gb-rozovyi-podarok-171578875/?c=750000000
143581169,Смартфон Apple iPhone 16 Plus 128Gb NanoSIM+eSIM белый + подарок,Apple,659898,AG shop,04.10.2026 | 15:11:10,https://kaspi.kz/shop/p/apple-iphone-16-plus-128gb-nanosim-esim-belyi-podarok-143581169/?c=750000000
143568180,Apple iPhone 16 Pro Max 512Gb NanoSIM+eSIM серебристый + подарок,Apple,986890,Мобитайм,04.10.2026 | 15:11:10,https://kaspi.kz/shop/p/apple-iphone-16-pro-max-512gb-nanosim-esim-serebristyi-podarok-143568180/?c=750000000
121703430,Смартфон Apple iPhone 15 Pro Max 1Tb Dual eSim синий,Apple,749999,Apple-Plus,04.10.2026 | 15:11:10,https://kaspi.kz/shop/p/apple-iphone-15-pro-max-1tb-dual-esim-sinii-121703430/?c=750000000
124338778,Apple iPhone 16 Plus 256Gb Dual eSim зеленый,Apple,579990,Mobile_Shop,04.10.2026 | 15:11:10,https://kaspi.kz/shop/p/apple-iphone-16-plus-256gb-dual-esim-zelenyi-124338778/?c=750000000
102298431,Apple iPhone 13 128Gb NanoSIM+eSIM красный,Apple,529990,Mobile_Shop,04.10.2026 | 15:11:10,https://kaspi.kz/shop/p/apple-iphone-13-128gb-nanosim-esim-krasnyi-102298431/?c=750000000
113589043,Смартфон Apple iPhone 15 Pro 512Gb Dual Sim черный,Apple,679993,OZEN,04.10.2026 | 15:11:10,https://kaspi.kz/shop/p/apple-iphone-15-pro-512gb-dual-sim-chernyi-113589043/?c=750000000
124338480,Apple iPhone 16 Pro Max 1Tb Dual eSim белый,Apple,1069999,Mobile_Shop,04.10.2026 | 15:11:10,https://kaspi.kz/shop/p/apple-iphone-16-pro-max-1tb-dual-esim-belyi-124338480/?c=750000000
113138038,Apple iPhone 15 Plus 512Gb NanoSIM+eSIM черный,Apple,576342,Zest Store,04.10.2026 | 15:11:19,https://kaspi.kz/shop/p/apple-iphone-15-plus-512gb-nanosim-esim-chernyi-113138038/?c=750000000
143581486,Смартфон Apple iPhone 16 Plus 128Gb NanoSIM+eSIM черный + подарок,Apple,678999,AG shop,04.10.2026 | 15:11:19,https://kaspi.kz/shop/p/apple-iphone-16-plus-128gb-nanosim-esim-chernyi-podarok-143581486/?c=750000000
106363239,Apple iPhone 14 Plus 512Gb NanoSIM+eSIM красный,Apple,531334,Zest Store,04.10.2026 | 15:11:19,https://kaspi.kz/shop/p/apple-iphone-14-plus-512gb-nanosim-esim-krasnyi-106363239/?c=750000000
114323231,Apple iPhone 15 256Gb Dual Sim зеленый,Apple,600000,Mobile_Shop,04.10.2026 | 15:11:19,https://kaspi.kz/shop/p/apple-iphone-15-256gb-dual-sim-zelenyi-114323231/?c=750000000
106363237,Смартфон Apple iPhone 14 Plus 256Gb NanoSIM+eSIM красный,Apple,543766,AG shop,04.10.2026 | 15:11:19,https://kaspi.kz/shop/p/apple-iphone-14-plus-256gb-nanosim-esim-krasnyi-106363237/?c=750000000
147262573,Смартфон Apple iPhone 16e 128Gb NanoSIM+eSIM белый + подарок,Apple,459000,UMMAH STORE,04.10.2026 | 15:11:19,https://kaspi.kz/shop/p/apple-iphone-16e-128gb-nanosim-esim-belyi-podarok-147262573/?c=750000000
122061755,Смартфон Apple iPhone 14 256Gb Dual eSim сиреневый,Apple,465900,UMMAH STORE 2,04.10.2026 | 15:11:19,https://kaspi.kz/shop/p/apple-iphone-14-256gb-dual-esim-sirenevyi-122061755/?c=750000000
143711525,Apple iPhone 16 128Gb NanoSIM+eSIM белый + подарок,Apple,520900,Galaxy Mobile,04.10.2026 | 15:11:19,https://kaspi.kz/shop/p/apple-iphone-16-128gb-nanosim-esim-belyi-podarok-143711525/?c=750000000
143711615,Смартфон Apple iPhone 16 Plus 128Gb NanoSIM+eSIM черный + подарок,Apple,599999,AG shop,04.10.2026 | 15:11:19,https://kaspi.kz/shop/p/apple-iphone-16-plus-128gb-nanosim-esim-chernyi-podarok-143711615/?c=750000000
167728498,Смартфон Apple iPhone 15 128Gb черный + подарок,Apple,695029,SmartDuken,04.10.2026 | 15:11:19,https://kaspi.kz/shop/p/apple-iphone-15-128gb-chernyi-podarok-167728498/?c=750000000
131637785,Apple iPhone 16 Pro Max 1Tb Dual Sim белый,Apple,1089990,Mobile_Shop,04.10.2026 | 15:11:19,https://kaspi.kz/shop/p/apple-iphone-16-pro-max-1tb-dual-sim-belyi-131637785/?c=750000000
128138668,Apple iPhone 16 Pro Max 512Gb Dual Sim золотистый,Apple,1000000,Mobile_Shop,04.10.2026 | 15:11:19,https://kaspi.kz/shop/p/apple-iphone-16-pro-max-512gb-dual-sim-zolotistyi-128138668/?c=750000000
167732895,Apple iPhone 16 128Gb белый + подарок,Apple,768493,MEGAPHONE,04.10.2026 | 15:11:28,https://kaspi.kz/shop/p/apple-iphone-16-128gb-belyi-podarok-167732895/?c=750000000
147252869,Смартфон Apple iPhone 16 Plus 256Gb NanoSIM+eSIM розовый + подарок,Apple,679000,SmartDuken,04.10.2026 | 15:11:28,https://kaspi.kz/shop/p/apple-iphone-16-plus-256gb-nanosim-esim-rozovyi-podarok-147252869/?c=750000000
147262190,Смартфон Apple iPhone 16 128Gb NanoSIM+eSIM фиолетовый + подарок,Apple,532000,UMMAH STORE,04.10.2026 | 15:11:28,https://kaspi.kz/shop/p/apple-iphone-16-128gb-nanosim-esim-fioletovyi-podarok-147262190/?c=750000000
134790946,Apple iPhone 13 512Gb Dual Sim красный,Apple,529990,Mobile_Shop,04.10.2026 | 15:11:28,https://kaspi.kz/shop/p/apple-iphone-13-512gb-dual-sim-krasnyi-134790946/?c=750000000
143711541,Смартфон Apple iPhone 16 128Gb NanoSIM+eSIM фиолетовый + подарок,Apple,526000,UMMAH STORE,04.10.2026 | 15:11:28,https://kaspi.kz/shop/p/apple-iphone-16-128gb-nanosim-esim-fioletovyi-podarok-143711541/?c=750000000
171516366,Apple iPhone 16 128 APPLE5_GIFT_A20W_YA36 Teal,Apple,536990,NOVAMART,04.10.2026 | 15:11:28,https://kaspi.kz/shop/p/apple-iphone-16-8-gb-128-gb-zelenyi-podarok-171516366/?c=750000000
121693222,Apple iPhone 15 512Gb Dual eSim розовый,Apple,559900,Zest Store,04.10.2026 | 15:11:28,https://kaspi.kz/shop/p/apple-iphone-15-512gb-dual-esim-rozovyi-121693222/?c=750000000
106363190,Смартфон Apple iPhone 14 512Gb NanoSIM+eSIM красный,Apple,465000,GOLDEN_KZ,04.10.2026 | 15:11:28,https://kaspi.kz/shop/p/apple-iphone-14-512gb-nanosim-esim-krasnyi-106363190/?c=750000000
124338894,Apple iPhone 16 512Gb Dual eSim черный,Apple,740000,ZAKSTOR,04.10.2026 | 15:11:28,https://kaspi.kz/shop/p/apple-iphone-16-512gb-dual-esim-chernyi-124338894/?c=750000000
143568049,Смартфон Apple iPhone 16 Pro Max 1024Gb NanoSIM+eSIM черный + подарок,Apple,849999,AG shop,04.10.2026 | 15:11:28,https://kaspi.kz/shop/p/apple-iphone-16-pro-max-1024gb-nanosim-esim-chernyi-podarok-143568049/?c=750000000
122063967,Смартфон Apple iPhone 14 128Gb Dual eSim желтый,Apple,480000,ZAKSTOR,04.10.2026 | 15:11:28,https://kaspi.kz/shop/p/apple-iphone-14-128gb-dual-esim-zheltyi-122063967/?c=750000000
134907464,Apple iPhone 16 Pro Max 1Tb Dual Sim серебристый,Apple,1099990,Mobile_Shop,04.10.2026 | 15:11:28,https://kaspi.kz/shop/p/apple-iphone-16-pro-max-1tb-dual-sim-serebristyi-134907464/?c=750000000
147262702,Смартфон Apple iPhone 14 128Gb NanoSIM+eSIM темно-синий + подарок,Apple,429000,UMMAH STORE 2,04.10.2026 | 15:11:36,https://kaspi.kz/shop/p/apple-iphone-14-128gb-nanosim-esim-temno-sinii-podarok-147262702/?c=750000000
121692531,Apple iPhone 15 512Gb Dual eSim голубой,Apple,599990,Mobile_Shop,04.10.2026 | 15:11:36,https://kaspi.kz/shop/p/apple-iphone-15-512gb-dual-esim-goluboi-121692531/?c=750000000
147262018,Смартфон Apple iPhone 15 128Gb NanoSIM+eSIM розовый + подарок,Apple,568500,Rose mobile,04.10.2026 | 15:11:36,https://kaspi.kz/shop/p/apple-iphone-15-128gb-nanosim-esim-rozovyi-podarok-147262018/?c=750000000
121703057,Смартфон Apple iPhone 15 Pro 512Gb Dual eSim синий,Apple,699999,Apple-Plus,04.10.2026 | 15:11:36,https://kaspi.kz/shop/p/apple-iphone-15-pro-512gb-dual-esim-sinii-121703057/?c=750000000
143711520,Смартфон Apple iPhone 16 256Gb NanoSIM+eSIM черный + подарок,Apple,605000,UMMAH STORE 2,04.10.2026 | 15:11:36,https://kaspi.kz/shop/p/apple-iphone-16-256gb-nanosim-esim-chernyi-podarok-143711520/?c=750000000
143710795,Смартфон Apple iPhone 16 Pro Max 1Tb NanoSIM+eSIM черный + подарок,Apple,854999,AG shop,04.10.2026 | 15:11:36,https://kaspi.kz/shop/p/apple-iphone-16-pro-max-1tb-nanosim-esim-chernyi-podarok-143710795/?c=750000000
143711603,Смартфон Apple iPhone 16 128Gb NanoSIM+eSIM черный + подарок,Apple,537000,UMMAH STORE,04.10.2026 | 15:11:36,https://kaspi.kz/shop/p/apple-iphone-16-128gb-nanosim-esim-chernyi-podarok-143711603/?c=750000000
167728339,Apple iPhone 15 256 APPLE2_GIFT_A20W_PODS_SE3S Black,Apple,776999,NOVAMART,04.10.2026 | 15:11:36,https://kaspi.kz/shop/p/apple-iphone-15-256gb-chernyi-podarok-167728339/?c=750000000
143568082,Apple iPhone 16 Pro Max 256Gb NanoSIM+eSIM белый + подарок,Apple,929998,Мобитайм,04.10.2026 | 15:11:36,https://kaspi.kz/shop/p/apple-iphone-16-pro-max-256gb-nanosim-esim-belyi-podarok-143568082/?c=750000000
167728311,,Apple,777879,SmartDuken,04.10.2026 | 15:11:36,https://kaspi.kz/shop/p/apple-iphone-15-256gb-sinii-podarok-167728311/?c=750000000
143710808,Apple iPhone 16 Pro Max 256Gb NanoSIM+eSIM черный + подарок,Apple,999811,Мобитайм,04.10.2026 | 15:11:36,https://kaspi.kz/shop/p/apple-iphone-16-pro-max-256gb-nanosim-esim-chernyi-podarok-143710808/?c=750000000
167733696,Apple iPhone 16 128 APPLE2_GIFT_A20W_PODS_SE3S Black,Apple,758999,NOVAMART,04.10.2026 | 15:11:36,https://kaspi.kz/shop/p/apple-iphone-16-128gb-chernyi-podarok-167733696/?c=750000000
143567957,Apple iPhone 16 Pro Max 1024Gb NanoSIM+eSIM белый + подарок,Apple,1118880,Мобитайм,04.10.2026 | 15:11:45,https://kaspi.kz/shop/p/apple-iphone-16-pro-max-1024gb-nanosim-esim-belyi-podarok-143567957/?c=750000000
143568101,Apple iPhone 16 Pro Max 512Gb NanoSIM+eSIM белый + подарок,Apple,998074,"ТОО ""BI TRADE""",04.10.2026 | 15:11:45,https://kaspi.kz/shop/p/apple-iphone-16-pro-max-512gb-nanosim-esim-belyi-podarok-143568101/?c=750000000
143710779,Apple iPhone 16 Pro Max 512Gb NanoSIM+eSIM золотистый + подарок,Apple,1035985,Мобитайм,04.10.2026 | 15:11:45,https://kaspi.kz/shop/p/apple-iphone-16-pro-max-512gb-nanosim-esim-zolotistyi-podarok-143710779/?c=750000000
143710977,Apple iPhone 16 Pro Max 512Gb NanoSIM+eSIM черный + подарок,Apple,958990,Мобитайм,04.10.2026 | 15:11:45,https://kaspi.kz/shop/p/apple-iphone-16-pro-max-512gb-nanosim-esim-chernyi-podarok-143710977/?c=750000000
167733769,Apple iPhone 16 128Gb розовый + подарок,Apple,750001,MEGAPHONE,04.10.2026 | 15:11:45,https://kaspi.kz/shop/p/apple-iphone-16-128gb-rozovyi-podarok-167733769/?c=750000000
147262146,Смартфон Apple iPhone 16 256Gb NanoSIM+eSIM черный + подарок,Apple,627000,UMMAH STORE 2,04.10.2026 | 15:11:45,https://kaspi.kz/shop/p/apple-iphone-16-256gb-nanosim-esim-chernyi-podarok-147262146/?c=750000000
167732945,Apple iPhone 16 128 APPLE2_GIFT_A20W_PODS_SE3S Teal,Apple,764990,NOVAMART,04.10.2026 | 15:11:45,https://kaspi.kz/shop/p/apple-iphone-16-128gb-birjuzovyi-podarok-167732945/?c=750000000
121192087,Apple iPhone 15 Plus 128Gb Dual Sim розовый,Apple,729000,UMMAH STORE,04.10.2026 | 15:11:45,https://kaspi.kz/shop/p/apple-iphone-15-plus-128gb-dual-sim-rozovyi-121192087/?c=750000000
143711417,Смартфон Apple iPhone 16 Pro 128Gb NanoSIM+eSIM серебристый + подарок,Apple,699000,UMMAH STORE 2,04.10.2026 | 15:11:45,https://kaspi.kz/shop/p/apple-iphone-16-pro-128gb-nanosim-esim-serebristyi-podarok-143711417/?c=750000000
173025307,,Apple,620000,ZAKSTOR,04.10.2026 | 15:11:45,https://kaspi.kz/shop/p/apple-iphone-16e-512gb-dual-esim-chernyi-173025307/?c=750000000
167728368,Смартфон Apple iPhone 15 256Gb синий + подарок,Apple,760899,SmartDuken,04.10.2026 | 15:11:45,https://kaspi.kz/shop/p/apple-iphone-15-256gb-sinii-podarok-167728368/?c=750000000
171515787,Смартфон Apple iPhone 16 8 ГБ/128 ГБ синий + подарок,Apple,598000,UMMAH STORE,04.10.2026 | 15:11:45,https://kaspi.kz/shop/p/apple-iphone-16-8-gb-128-gb-sinii-podarok-171515787/?c=750000000
143572068,Смартфон Apple iPhone 16 Pro 128Gb NanoSIM+eSIM серебристый + подарок,Apple,720000,UMMAH STORE 2,04.10.2026 | 15:11:53,https://kaspi.kz/shop/p/apple-iphone-16-pro-128gb-nanosim-esim-serebristyi-podarok-143572068/?c=750000000
173025496,Смартфон Apple iPhone 16e 512Gb Dual eSim белый,Apple,614992,MOBILS,04.10.2026 | 15:11:53,https://kaspi.kz/shop/p/apple-iphone-16e-512gb-dual-esim-belyi-173025496/?c=750000000
157460148,Смартфон Apple iPhone 15 256Gb NanoSIM+eSIM голубой + подарок,Apple,540000,UMMAH STORE,04.10.2026 | 15:11:54,https://kaspi.kz/shop/p/apple-iphone-15-256gb-nanosim-esim-goluboi-podarok-157460148/?c=750000000
143568344,Apple iPhone 16 Pro Max 1024Gb NanoSIM+eSIM золотистый + подарок,Apple,1199500,"ТОО ""BI TRADE""",04.10.2026 | 15:11:54,https://kaspi.kz/shop/p/apple-iphone-16-pro-max-1024gb-nanosim-esim-zolotistyi-podarok-143568344/?c=750000000
142747731,Apple iPhone 16 Pro Max 512Gb Dual Sim серебристый,Apple,1000000,Mobile_Shop,04.10.2026 | 15:11:54,https://kaspi.kz/shop/p/apple-iphone-16-pro-max-512gb-dual-sim-serebristyi-142747731/?c=750000000
157460634,Смартфон Apple iPhone 15 128Gb NanoSIM+eSIM розовый + подарок,Apple,495000,Rose mobile,04.10.2026 | 15:11:54,https://kaspi.kz/shop/p/apple-iphone-15-128gb-nanosim-esim-rozovyi-podarok-157460634/?c=750000000
143711456,Смартфон Apple iPhone 16 Pro 128Gb NanoSIM+eSIM золотистый + подарок,Apple,707000,UMMAH STORE,04.10.2026 | 15:11:54,https://kaspi.kz/shop/p/apple-iphone-16-pro-128gb-nanosim-esim-zolotistyi-podarok-143711456/?c=750000000
147262432,Смартфон Apple iPhone 16 Pro 128Gb NanoSIM+eSIM серебристый + подарок,Apple,669900,UMMAH STORE 2,04.10.2026 | 15:11:54,https://kaspi.kz/shop/p/apple-iphone-16-pro-128gb-nanosim-esim-serebristyi-podarok-147262432/?c=750000000
157459977,Смартфон Apple iPhone 15 256Gb NanoSIM+eSIM розовый + подарок,Apple,649999,AG shop,04.10.2026 | 15:11:54,https://kaspi.kz/shop/p/apple-iphone-15-256gb-nanosim-esim-rozovyi-podarok-157459977/?c=750000000
143873332,Смартфон Apple iPhone 15 128Gb NanoSIM+eSIM синий + подарок,Apple,490000,UMMAH STORE,04.10.2026 | 15:11:54,https://kaspi.kz/shop/p/apple-iphone-15-128gb-nanosim-esim-sinii-podarok-143873332/?c=750000000
167733189,Apple iPhone 16 128 APPLE2_GIFT_A20W_PODS_SE3S Pink,Apple,764990,NOVAMART,04.10.2026 | 15:11:54,https://kaspi.kz/shop/p/apple-iphone-16-128gb-rozovyi-podarok-167733189/?c=750000000
171584329,Смартфон Apple iPhone 15 6 ГБ/128 ГБ розовый + подарок,Apple,659999,AG shop,04.10.2026 | 15:11:54,https://kaspi.kz/shop/p/apple-iphone-15-6-gb-128-gb-rozovyi-podarok-171584329/?c=750000000
134233520,Смартфон Apple iPhone 16 Pro 128Gb NanoSIM+eSIM серебристый + подарок,Apple,695000,UMMAH STORE 2,04.10.2026 | 15:12:06,https://kaspi.kz/shop/p/apple-iphone-16-pro-128gb-nanosim-esim-serebristyi-podarok-134233520/?c=750000000
143711045,Apple iPhone 16 Pro Max 512Gb NanoSIM+eSIM серебристый + подарок,Apple,1009060,Мобитайм,04.10.2026 | 15:12:06,https://kaspi.kz/shop/p/apple-iphone-16-pro-max-512gb-nanosim-esim-serebristyi-podarok-143711045/?c=750000000
119229562,Смартфон Apple iPhone 15 Plus 256Gb Dual Sim розовый,Apple,729000,UMMAH STORE,04.10.2026 | 15:12:06,https://kaspi.kz/shop/p/apple-iphone-15-plus-256gb-dual-sim-rozovyi-119229562/?c=750000000
143710967,Смартфон Apple iPhone 16 Pro Max 1Tb NanoSIM+eSIM серебристый + подарок,Apple,949999,AG shop,04.10.2026 | 15:12:06,https://kaspi.kz/shop/p/apple-iphone-16-pro-max-1tb-nanosim-esim-serebristyi-podarok-143710967/?c=750000000
147255345,Смартфон Apple iPhone 16 Pro 128Gb NanoSIM+eSIM золотистый + подарок,Apple,708000,UMMAH STORE,04.10.2026 | 15:12:06,https://kaspi.kz/shop/p/apple-iphone-16-pro-128gb-nanosim-esim-zolotistyi-podarok-147255345/?c=750000000
171584357,Смартфон Apple iPhone 15 6 ГБ/128 ГБ зеленый + подарок,Apple,519999,AG shop,04.10.2026 | 15:12:06,https://kaspi.kz/shop/p/apple-iphone-15-6-gb-128-gb-zelenyi-podarok-171584357/?c=750000000
143711029,Смартфон Apple iPhone 16 Pro Max 1Tb NanoSIM+eSIM белый + подарок,Apple,889999,AG shop,04.10.2026 | 15:12:06,https://kaspi.kz/shop/p/apple-iphone-16-pro-max-1tb-nanosim-esim-belyi-podarok-143711029/?c=750000000
143568304,Apple iPhone 16 Pro Max 1024Gb NanoSIM+eSIM серебристый + подарок,Apple,1100082,Мобитайм,04.10.2026 | 15:12:06,https://kaspi.kz/shop/p/apple-iphone-16-pro-max-1024gb-nanosim-esim-serebristyi-podarok-143568304/?c=750000000
149071196,Смартфон Apple iPhone 16 128Gb NanoSIM+eSIM фиолетовый + подарок,Apple,550000,UMMAH STORE,04.10.2026 | 15:12:06,https://kaspi.kz/shop/p/apple-iphone-16-128gb-nanosim-esim-fioletovyi-podarok-149071196/?c=750000000
157458723,Смартфон Apple iPhone 15 256Gb NanoSIM+eSIM розовый + подарок,Apple,648585,AG shop,04.10.2026 | 15:12:06,https://kaspi.kz/shop/p/apple-iphone-15-256gb-nanosim-esim-rozovyi-podarok-157458723/?c=750000000
134226673,Смартфон Apple iPhone 16 Pro 128Gb Dual Sim золотистый + подарок,Apple,719000,UMMAH STORE 2,04.10.2026 | 15:12:06,https://kaspi.kz/shop/p/apple-iphone-16-pro-128gb-dual-sim-zolotistyi-podarok-134226673/?c=750000000
143579032,Смартфон Apple iPhone 15 128Gb NanoSIM+eSIM зеленый + подарок,Apple,529982,MOBILS,04.10.2026 | 15:12:06,https://kaspi.kz/shop/p/apple-iphone-15-128gb-nanosim-esim-zelenyi-podarok-143579032/?c=750000000
123787551,Смартфон Apple iPhone 16 Pro Max 256Gb NanoSIM+eSIM черный,Apple,817775,Joanna,04.10.2026 | 18:20:02,https://kaspi.kz/shop/p/apple-iphone-16-pro-max-256gb-nanosim-esim-chernyi-123787551/?c=750000000
145466665,Смартфон Apple iPhone 17 256Gb NanoSIM+eSIM фиолетовый,Apple,546230,iSeller,04.10.2026 | 18:20:02,https://kaspi.kz/shop/p/apple-iphone-17-256gb-nanosim-esim-fioletovyi-145466665/?c=750000000
145467562,Смартфон iPhone 17 Pro 256GB Silver MG8G4HX/A,Apple,699442,ABC Retail,04.10.2026 | 18:20:02,https://kaspi.kz/shop/p/apple-iphone-17-pro-256gb-nanosim-esim-serebristyi-145467562/?c=750000000
177318065,Смартфон Apple iPhone 18 Pro 512Gb NanoSIM+eSIM черный,Apple,1399990,MOBILE CITY 001,04.10.2026 | 18:20:02,https://kaspi.kz/shop/p/apple-iphone-18-pro-512gb-nanosim-esim-chernyi-177318065/?c=750000000
145438959,Apple iPhone 17 Pro 256Gb темно-синий,Apple,692878,ALPHA,04.10.2026 | 18:20:02,https://kaspi.kz/shop/p/apple-iphone-17-pro-256gb-nanosim-esim-temno-sinii-145438959/?c=750000000
145468241,Apple iPhone 17 Pro Max 256Gb NanoSIM+eSIM оранжевый,Apple,713527,VerifyTech - верифицированный,04.10.2026 | 18:20:02,https://kaspi.kz/shop/p/apple-iphone-17-pro-max-256gb-nanosim-esim-oranzhevyi-145468241/?c=750000000
177318181,iPhone 18 Pro 256GB Silver,Apple,849990,iSpace Apple Premium Partner,04.10.2026 | 18:20:02,https://kaspi.kz/shop/p/apple-iphone-18-pro-256gb-nanosim-esim-serebristyi-177318181/?c=750000000
145468150,Смартфон iPhone 17 Pro Max 256GB Silver MFYM4HX/A,Apple,750076,ABC Retail,04.10.2026 | 18:20:02,https://kaspi.kz/shop/p/apple-iphone-17-pro-max-256gb-nanosim-esim-serebristyi-145468150/?c=750000000
177316418,Смартфон Apple iPhone 18 Pro 256Gb NanoSIM+eSIM бордовый,Apple,1049990,Kalabok,04.10.2026 | 18:20:02,https://kaspi.kz/shop/p/apple-iphone-18-pro-256gb-nanosim-esim-bordovyi-177316418/?c=750000000
145467625,Смартфон iPhone 17 Pro 256GB Cosmic Orange MG8H4HX/A,Apple,685076,ABC Retail,04.10.2026 | 18:20:02,https://kaspi.kz/shop/p/apple-iphone-17-pro-256gb-nanosim-esim-oranzhevyi-145467625/?c=750000000
113137790,Apple iPhone 15 128Gb черный,Apple,395994,ALPHA,04.10.2026 | 18:20:02,https://kaspi.kz/shop/p/apple-iphone-15-128gb-nanosim-esim-chernyi-113137790/?c=750000000
177319119,iPhone 18 Pro Max 256GB Black,Apple,909990,iSpace Apple Premium Partner,04.10.2026 | 18:20:02,https://kaspi.kz/shop/p/apple-iphone-18-pro-max-256gb-nanosim-esim-chernyi-177319119/?c=750000000
177318415,Смартфон Apple iPhone 18 Pro 512Gb NanoSIM+eSIM голубой,Apple,1169990,MOBILE CITY 001,04.10.2026 | 18:20:02,https://kaspi.kz/shop/p/apple-iphone-18-pro-512gb-nanosim-esim-goluboi-177318415/?c=750000000
177318761,iPhone 18 Pro Max 256GB Glacier,Apple,909990,iSpace Apple Premium Partner,04.10.2026 | 18:20:02,https://kaspi.kz/shop/p/apple-iphone-18-pro-max-256gb-nanosim-esim-goluboi-177318761/?c=750000000
123726722,Apple iPhone 16 128Gb NanoSIM+eSIM белый,Apple,454582,KHAN MOBILE,04.10.2026 | 18:20:02,https://kaspi.kz/shop/p/apple-iphone-16-128gb-nanosim-esim-belyi-123726722/?c=750000000
113137931,Apple iPhone 15 256Gb NanoSIM+eSIM голубой,Apple,498999,TEXNO MARKET,04.10.2026 | 18:20:02,https://kaspi.kz/shop/p/apple-iphone-15-256gb-nanosim-esim-goluboi-113137931/?c=750000000
123726806,Apple iPhone 16 128Gb розовый,Apple,458994,ALPHA,04.10.2026 | 18:20:05,https://kaspi.kz/shop/p/apple-iphone-16-128gb-nanosim-esim-rozovyi-123726806/?c=750000000
123727574,Смартфон Apple iPhone 16 128Gb NanoSIM+eSIM зеленый,Apple,433780,"ТОО ""TECHNIC PLUS""",04.10.2026 | 18:20:09,https://kaspi.kz/shop/p/apple-iphone-16-128gb-nanosim-esim-zelenyi-123727574/?c=750000000
113138428,Apple iPhone 15 Pro Max 256Gb NanoSIM+eSIM синий,Apple,746030,Мобитайм,04.10.2026 | 18:20:12,https://kaspi.kz/shop/p/apple-iphone-15-pro-max-256gb-nanosim-esim-sinii-113138428/?c=750000000
148442483,Apple iPhone 17 256Gb Dual eSim фиолетовый,Apple,520068,ALPHA,04.10.2026 | 18:20:12,https://kaspi.kz/shop/p/apple-iphone-17-256gb-dual-esim-fioletovyi-148442483/?c=750000000
145467681,Смартфон Apple iPhone 17 Pro 1024Gb NanoSIM+eSIM оранжевый,Apple,887023,TULPAR STORE,04.10.2026 | 18:20:12,https://kaspi.kz/shop/p/apple-iphone-17-pro-1024gb-nanosim-esim-oranzhevyi-145467681/?c=750000000
123890381,Apple iPhone 16 Pro Max 1Tb NanoSIM+eSIM черный,Apple,803320,PROFIT-ACTIVE,04.10.2026 | 18:20:12,https://kaspi.kz/shop/p/apple-iphone-16-pro-max-1tb-nanosim-esim-chernyi-123890381/?c=750000000
124337884,Смартфон Apple iPhone 16 128Gb Dual eSim черный,Apple,450000,Apple-Plus,04.10.2026 | 18:20:12,https://kaspi.kz/shop/p/apple-iphone-16-128gb-dual-esim-chernyi-124337884/?c=750000000
124338543,Apple iPhone 16 Pro Max 256Gb Dual eSim серебристый,Apple,754000,ZAKSTOR,04.10.2026 | 18:20:12,https://kaspi.kz/shop/p/apple-iphone-16-pro-max-256gb-dual-esim-serebristyi-124338543/?c=750000000
113138420,Apple iPhone 15 Pro Max 256Gb NanoSIM+eSIM серый,Apple,717777,CN-MARKET,04.10.2026 | 18:20:12,https://kaspi.kz/shop/p/apple-iphone-15-pro-max-256gb-nanosim-esim-seryi-113138420/?c=750000000
113138331,Смартфон Apple iPhone 15 Pro 256Gb NanoSIM+eSIM синий,Apple,795958,CN-MARKET,04.10.2026 | 18:20:13,https://kaspi.kz/shop/p/apple-iphone-15-pro-256gb-nanosim-esim-sinii-113138331/?c=750000000
148442876,Apple iPhone 17 256Gb Dual eSim черный,Apple,531453,WORLD  Верифицированных IMEI,04.10.2026 | 18:20:13,https://kaspi.kz/shop/p/apple-iphone-17-256gb-dual-esim-chernyi-148442876/?c=750000000
113138461,Apple iPhone 15 Pro Max 512Gb NanoSIM+eSIM серый,Apple,829572,Мобитайм,04.10.2026 | 18:20:13,https://kaspi.kz/shop/p/apple-iphone-15-pro-max-512gb-nanosim-esim-seryi-113138461/?c=750000000
148424821,Apple iPhone 17 Pro 512Gb Dual eSim темно-синий,Apple,790695,PhoneKZ,04.10.2026 | 18:20:13,https://kaspi.kz/shop/p/apple-iphone-17-pro-512gb-dual-esim-temno-sinii-148424821/?c=750000000
145468599,Apple iPhone Air 256Gb голубой,Apple,525995,BERLIN,04.10.2026 | 18:20:13,https://kaspi.kz/shop/p/apple-iphone-air-256gb-goluboi-145468599/?c=750000000
113933011,Apple iPhone 15 128 Gb Dual Sim черный,Apple,436999,ZAKSTOR,04.10.2026 | 18:20:22,https://kaspi.kz/shop/p/apple-iphone-15-128-gb-dual-sim-chernyi-113933011/?c=750000000
145466661,Apple iPhone 17 512Gb черный,Apple,637655,ALPHA,04.10.2026 | 18:20:22,https://kaspi.kz/shop/p/apple-iphone-17-512gb-nanosim-esim-chernyi-145466661/?c=750000000
102298977,Смартфон Apple iPhone 13 Pro Max 256Gb NanoSIM+eSIM серый,Apple,599999,OZEN,04.10.2026 | 18:20:22,https://kaspi.kz/shop/p/apple-iphone-13-pro-max-256gb-nanosim-esim-seryi-102298977/?c=750000000
123776586,Apple iPhone 16 Plus 256Gb NanoSIM+eSIM зеленый,Apple,540436,ЭКОSALE,04.10.2026 | 18:20:22,https://kaspi.kz/shop/p/apple-iphone-16-plus-256gb-nanosim-esim-zelenyi-123776586/?c=750000000
113138214,Apple iPhone 15 Pro 512Gb NanoSIM+eSIM серый,Apple,807609,Мобитайм,04.10.2026 | 18:20:22,https://kaspi.kz/shop/p/apple-iphone-15-pro-512gb-nanosim-esim-seryi-113138214/?c=750000000
102298380,Apple iPhone 13 256Gb NanoSIM+eSIM синий,Apple,529990,Mobile_Shop,04.10.2026 | 18:20:22,https://kaspi.kz/shop/p/apple-iphone-13-256gb-nanosim-esim-sinii-102298380/?c=750000000
135186516,Apple iPhone 16e 256Gb NanoSIM+eSIM черный,Apple,534732,Мобитайм,04.10.2026 | 18:20:22,https://kaspi.kz/shop/p/apple-iphone-16e-256gb-nanosim-esim-chernyi-135186516/?c=750000000
177318181,iPhone 18 Pro 256GB Silver,Apple,849990,iSpace Apple Premium Partner,04.10.2026 | 18:20:22,https://kaspi.kz/shop/p/apple-iphone-18-pro-256gb-nanosim-esim-serebristyi-177318181/?c=750000000
135186217,Apple iPhone 16e 256Gb NanoSIM+eSIM белый,Apple,494923,Мобитайм,04.10.2026 | 18:20:22,https://kaspi.kz/shop/p/apple-iphone-16e-256gb-nanosim-esim-belyi-135186217/?c=750000000
113138453,Apple iPhone 15 Pro Max 512Gb NanoSIM+eSIM синий,Apple,790077,NIKA SHOP,04.10.2026 | 18:20:22,https://kaspi.kz/shop/p/apple-iphone-15-pro-max-512gb-nanosim-esim-sinii-113138453/?c=750000000
124338820,Apple iPhone 16 256Gb Dual eSim черный,Apple,607999,ZAKSTOR,04.10.2026 | 18:20:22,https://kaspi.kz/shop/p/apple-iphone-16-256gb-dual-esim-chernyi-124338820/?c=750000000
145468555,Apple iPhone Air 512Gb золотистый,Apple,589694,MIMISTORE,04.10.2026 | 18:20:22,https://kaspi.kz/shop/p/apple-iphone-air-512gb-zolotistyi-145468555/?c=750000000
123727182,Смартфон Apple iPhone 16 128Gb NanoSIM+eSIM фиолетовый,Apple,438780,"ТОО ""TECHNIC PLUS""",04.10.2026 | 18:20:25,https://kaspi.kz/shop/p/apple-iphone-16-128gb-nanosim-esim-fioletovyi-123727182/?c=750000000
123890547,Apple iPhone 16 Pro Max 256Gb NanoSIM+eSIM золотистый,Apple,663321,BERLIN,04.10.2026 | 18:20:25,https://kaspi.kz/shop/p/apple-iphone-16-pro-max-256gb-nanosim-esim-zolotistyi-123890547/?c=750000000
124338805,Apple iPhone 16 128Gb Dual eSim зеленый,Apple,489000,UMMAH STORE,04.10.2026 | 18:20:31,https://kaspi.kz/shop/p/apple-iphone-16-128gb-dual-esim-zelenyi-124338805/?c=750000000
124338262,Apple iPhone 16 Pro 128Gb Dual eSim золотистый,Apple,707300,UMMAH STORE,04.10.2026 | 18:20:31,https://kaspi.kz/shop/p/apple-iphone-16-pro-128gb-dual-esim-zolotistyi-124338262/?c=750000000
123888843,Apple iPhone 16 Pro 1Tb NanoSIM+eSIM белый,Apple,989000,MOBILS,04.10.2026 | 18:20:31,https://kaspi.kz/shop/p/apple-iphone-16-pro-1tb-nanosim-esim-belyi-123888843/?c=750000000
140044494,Смартфон Apple iPhone 16 Pro 256Gb Dual Sim черный,Apple,699933,OZEN,04.10.2026 | 18:20:31,https://kaspi.kz/shop/p/apple-iphone-16-pro-256gb-dual-sim-chernyi-140044494/?c=750000000
121692148,Apple iPhone 15 256Gb Dual eSim черный,Apple,520000,UMMAH STORE,04.10.2026 | 18:20:31,https://kaspi.kz/shop/p/apple-iphone-15-256gb-dual-esim-chernyi-121692148/?c=750000000
124338596,Apple iPhone 16 Plus 128Gb Dual eSim черный,Apple,627996,Mobile_Shop,04.10.2026 | 18:20:31,https://kaspi.kz/shop/p/apple-iphone-16-plus-128gb-dual-esim-chernyi-124338596/?c=750000000
177318415,Смартфон Apple iPhone 18 Pro 512Gb NanoSIM+eSIM голубой,Apple,1169990,MOBILE CITY 001,04.10.2026 | 18:20:31,https://kaspi.kz/shop/p/apple-iphone-18-pro-512gb-nanosim-esim-goluboi-177318415/?c=750000000
177319119,iPhone 18 Pro Max 256GB Black,Apple,909990,iSpace Apple Premium Partner,04.10.2026 | 18:20:31,https://kaspi.kz/shop/p/apple-iphone-18-pro-max-256gb-nanosim-esim-chernyi-177319119/?c=750000000
102298432,Apple iPhone 13 256Gb NanoSIM+eSIM красный,Apple,529990,Mobile_Shop,04.10.2026 | 18:20:31,https://kaspi.kz/shop/p/apple-iphone-13-256gb-nanosim-esim-krasnyi-102298432/?c=750000000
148426997,Смартфон Apple iPhone 17 Pro Max 2Tb Dual eSim серебристый,Apple,1218154,iPlus Store,04.10.2026 | 18:20:31,https://kaspi.kz/shop/p/apple-iphone-17-pro-max-2tb-dual-esim-serebristyi-148426997/?c=750000000
107734543,Apple iPhone 14 128Gb Dual Sim черный,Apple,459000,UMMAH STORE,04.10.2026 | 18:20:31,https://kaspi.kz/shop/p/apple-iphone-14-128gb-dual-sim-chernyi-107734543/?c=750000000
148445160,Apple iPhone 17 512Gb Dual eSim черный,Apple,623533,ALPHA,04.10.2026 | 18:20:31,https://kaspi.kz/shop/p/apple-iphone-17-512-gb-dual-esim-chernyi-148445160/?c=750000000
106363158,Смартфон Apple iPhone 14 128Gb NanoSIM+eSIM красный,Apple,430000,MOBILNIK.KZ,04.10.2026 | 18:20:40,https://kaspi.kz/shop/p/apple-iphone-14-128gb-nanosim-esim-krasnyi-106363158/?c=750000000
143567317,Apple iPhone 16 256Gb NanoSIM+eSIM белый + подарок,Apple,657777,CN-MARKET,04.10.2026 | 18:20:40,https://kaspi.kz/shop/p/apple-iphone-16-256gb-nanosim-esim-belyi-podarok-143567317/?c=750000000
123775957,Apple iPhone 16 Plus 128Gb NanoSIM+eSIM розовый,Apple,573978,Мобитайм,04.10.2026 | 18:20:40,https://kaspi.kz/shop/p/apple-iphone-16-plus-128gb-nanosim-esim-rozovyi-123775957/?c=750000000
143582377,Смартфон Apple iPhone 13 128Gb NanoSIM+eSIM темно-синий + подарок,Apple,445900,UMMAH STORE 2,04.10.2026 | 18:20:40,https://kaspi.kz/shop/p/apple-iphone-13-128gb-nanosim-esim-temno-sinii-podarok-143582377/?c=750000000
113589060,Смартфон Apple iPhone 15 Pro 128Gb Dual Sim черный,Apple,599993,OZEN,04.10.2026 | 18:20:40,https://kaspi.kz/shop/p/apple-iphone-15-pro-128gb-dual-sim-chernyi-113589060/?c=750000000
122062592,Apple iPhone 14 128Gb Dual eSim голубой,Apple,408000,UMMAH STORE,04.10.2026 | 18:20:40,https://kaspi.kz/shop/p/apple-iphone-14-128gb-dual-esim-goluboi-122062592/?c=750000000
152025050,Apple iPhone 17 Pro Max 256Gb Dual eSim оранжевый + подарок,Apple,760048,GadgetON,04.10.2026 | 18:20:40,https://kaspi.kz/shop/p/apple-iphone-17-pro-max-256gb-dual-esim-oranzhevyi-podarok-152025050/?c=750000000
116157108,Apple iPhone 15 256Gb Dual Sim синий,Apple,539000,UMMAH STORE,04.10.2026 | 18:20:40,https://kaspi.kz/shop/p/apple-iphone-15-256gb-dual-sim-sinii-116157108/?c=750000000
152005225,Смартфон Apple iPhone 17 Pro 256Gb Dual eSim синий + подарок,Apple,735552,SmartDuken,04.10.2026 | 18:20:40,https://kaspi.kz/shop/p/apple-iphone-17-pro-256gb-dual-esim-sinii-podarok-152005225/?c=750000000
106363170,Apple iPhone 14 Plus 128Gb NanoSIM+eSIM черный,Apple,439989,GadgetON,04.10.2026 | 18:20:40,https://kaspi.kz/shop/p/apple-iphone-14-plus-128gb-nanosim-esim-chernyi-106363170/?c=750000000
106363230,Смартфон Apple iPhone 14 Plus 512Gb NanoSIM+eSIM сиреневый,Apple,492213,MOBILS,04.10.2026 | 18:20:40,https://kaspi.kz/shop/p/apple-iphone-14-plus-512gb-nanosim-esim-sirenevyi-106363230/?c=750000000
148444724,Смартфон Apple iPhone 17 512Gb Dual eSim голубой,Apple,616426,NewTechno верифицированный,04.10.2026 | 18:20:40,https://kaspi.kz/shop/p/apple-iphone-17-512gb-dual-esim-goluboi-148444724/?c=750000000
148425720,Apple iPhone 17 Pro 256Gb Dual eSim серебристый,Apple,670000,SMART ELECTRONICS,04.10.2026 | 18:20:45,https://kaspi.kz/shop/p/apple-iphone-17-pro-256gb-dual-esim-serebristyi-148425720/?c=750000000
152025555,Apple iPhone 17 Pro Max 512Gb Dual eSim оранжевый + подарок,Apple,882520,PhoneKZ,04.10.2026 | 18:20:50,https://kaspi.kz/shop/p/apple-iphone-17-pro-max-512gb-dual-esim-oranzhevyi-podarok-152025555/?c=750000000
124338609,Apple iPhone 16 Plus 256Gb Dual eSim черный,Apple,619495,Mobile_Shop,04.10.2026 | 18:20:50,https://kaspi.kz/shop/p/apple-iphone-16-plus-256gb-dual-esim-chernyi-124338609/?c=750000000
177318065,Смартфон Apple iPhone 18 Pro 512Gb NanoSIM+eSIM черный,Apple,1399990,MOBILE CITY 001,04.10.2026 | 18:20:50,https://kaspi.kz/shop/p/apple-iphone-18-pro-512gb-nanosim-esim-chernyi-177318065/?c=750000000
113137984,Apple iPhone 15 512Gb NanoSIM+eSIM зеленый,Apple,507164,GadgetON,04.10.2026 | 18:20:50,https://kaspi.kz/shop/p/apple-iphone-15-512gb-nanosim-esim-zelenyi-113137984/?c=750000000
113138036,Apple iPhone 15 Plus 256Gb NanoSIM+eSIM черный,Apple,579000,Мобитайм,04.10.2026 | 18:20:50,https://kaspi.kz/shop/p/apple-iphone-15-plus-256gb-nanosim-esim-chernyi-113138036/?c=750000000
152005104,Apple iPhone 17 Pro 256Gb Dual eSim серебристый + подарок (Яндекс Плюс 24 месяцев),Apple,699897,Sirius,04.10.2026 | 18:20:50,https://kaspi.kz/shop/p/apple-iphone-17-pro-256gb-dual-esim-serebristyi-podarok-152005104/?c=750000000
152022534,Apple iPhone 17 Pro Max 256Gb Dual eSim серебристый + подарок,Apple,767767,Lynx,04.10.2026 | 18:20:50,https://kaspi.kz/shop/p/apple-iphone-17-pro-max-256gb-dual-esim-serebristyi-podarok-152022534/?c=750000000
113589052,Смартфон Apple iPhone 15 Pro 256Gb Dual Sim черный,Apple,629999,OZEN,04.10.2026 | 18:20:50,https://kaspi.kz/shop/p/apple-iphone-15-pro-256gb-dual-sim-chernyi-113589052/?c=750000000
106363208,Apple iPhone 14 Plus 128Gb NanoSIM+eSIM сиреневый,Apple,490000,GadgetON,04.10.2026 | 18:20:50,https://kaspi.kz/shop/p/apple-iphone-14-plus-128gb-nanosim-esim-sirenevyi-106363208/?c=750000000
113137936,Apple iPhone 15 512Gb NanoSIM+eSIM голубой,Apple,519938,BERLIN,04.10.2026 | 18:20:50,https://kaspi.kz/shop/p/apple-iphone-15-512gb-nanosim-esim-goluboi-113137936/?c=750000000
177318761,iPhone 18 Pro Max 256GB Glacier,Apple,909990,iSpace Apple Premium Partner,04.10.2026 | 18:20:50,https://kaspi.kz/shop/p/apple-iphone-18-pro-max-256gb-nanosim-esim-goluboi-177318761/?c=750000000
113138051,Смартфон Apple iPhone 15 Plus 512Gb NanoSIM+eSIM голубой,Apple,537412,AG shop,04.10.2026 | 18:20:50,https://kaspi.kz/shop/p/apple-iphone-15-plus-512gb-nanosim-esim-goluboi-113138051/?c=750000000
143572882,Apple iPhone 16 Pro 128Gb NanoSIM+eSIM золотистый + подарок,Apple,698600,UMMAH STORE,04.10.2026 | 18:20:59,https://kaspi.kz/shop/p/apple-iphone-16-pro-128gb-nanosim-esim-zolotistyi-podarok-143572882/?c=750000000
115701533,Apple iPhone 15 256Gb Dual Sim розовый,Apple,600000,Mobile_Shop,04.10.2026 | 18:20:59,https://kaspi.kz/shop/p/apple-iphone-15-256gb-dual-sim-rozovyi-115701533/?c=750000000
152721050,Смартфон Apple iPhone 17 Pro Max 1024Gb NanoSIM+eSIM серебристый + подарок,Apple,1185926,MOBILS,04.10.2026 | 18:20:59,https://kaspi.kz/shop/p/apple-iphone-17-pro-max-1024gb-nanosim-esim-serebristyi-podarok-152721050/?c=750000000
143580120,Apple iPhone 14 128Gb NanoSIM+eSIM темно-синий + подарок,Apple,479000,UMMAH STORE,04.10.2026 | 18:20:59,https://kaspi.kz/shop/p/apple-iphone-14-128gb-nanosim-esim-temno-sinii-podarok-143580120/?c=750000000
152005701,Смартфон Apple iPhone 17 Pro 512Gb Dual eSim оранжевый + подарок,Apple,964085,MOBILS,04.10.2026 | 18:20:59,https://kaspi.kz/shop/p/apple-iphone-17-pro-512gb-dual-esim-oranzhevyi-podarok-152005701/?c=750000000
143567548,Apple iPhone 16 256Gb NanoSIM+eSIM зеленый + подарок,Apple,588760,GadgetON,04.10.2026 | 18:20:59,https://kaspi.kz/shop/p/apple-iphone-16-256gb-nanosim-esim-zelenyi-podarok-143567548/?c=750000000
113138058,Смартфон Apple iPhone 15 Plus 256Gb NanoSIM+eSIM желтый,Apple,536004,ASR Market,04.10.2026 | 18:20:59,https://kaspi.kz/shop/p/apple-iphone-15-plus-256gb-nanosim-esim-zheltyi-113138058/?c=750000000
143568326,Apple iPhone 16 Pro Max 256Gb NanoSIM+eSIM серебристый + подарок,Apple,869990,Мобитайм,04.10.2026 | 18:20:59,https://kaspi.kz/shop/p/apple-iphone-16-pro-max-256gb-nanosim-esim-serebristyi-podarok-143568326/?c=750000000
152028751,Смартфон Apple iPhone 17 Pro Max 1024Gb Dual eSim синий + подарок,Apple,1114765,AG shop,04.10.2026 | 18:20:59,https://kaspi.kz/shop/p/apple-iphone-17-pro-max-1024gb-dual-esim-sinii-podarok-152028751/?c=750000000
124338633,Apple iPhone 16 Plus 128Gb Dual eSim белый,Apple,579989,ZAKSTOR,04.10.2026 | 18:20:59,https://kaspi.kz/shop/p/apple-iphone-16-plus-128gb-dual-esim-belyi-124338633/?c=750000000
113138057,Apple iPhone 15 Plus 128Gb NanoSIM+eSIM желтый,Apple,489726,GadgetON,04.10.2026 | 18:20:59,https://kaspi.kz/shop/p/apple-iphone-15-plus-128gb-nanosim-esim-zheltyi-113138057/?c=750000000
152006486,Apple iPhone 17 Pro 1024Gb Dual eSim синий + подарок,Apple,972718,Lynx,04.10.2026 | 18:20:59,https://kaspi.kz/shop/p/apple-iphone-17-pro-1024gb-dual-esim-sinii-podarok-152006486/?c=750000000
147534436,Apple iPhone Air 256Gb золотистый + подарок,Apple,608832,Мобитайм,04.10.2026 | 18:21:09,https://kaspi.kz/shop/p/apple-iphone-air-256gb-zolotistyi-podarok-147534436/?c=750000000
152027603,iPhone Air 256Gb белый + подарок,Apple,689990,Lynx,04.10.2026 | 18:21:09,https://kaspi.kz/shop/p/apple-iphone-air-256gb-belyi-podarok-152027603/?c=750000000
134791161,Apple iPhone 13 512Gb Dual Sim синий,Apple,529990,Mobile_Shop,04.10.2026 | 18:21:09,https://kaspi.kz/shop/p/apple-iphone-13-512gb-dual-sim-sinii-134791161/?c=750000000
124338681,Apple iPhone 16 Plus 256Gb Dual eSim розовый,Apple,583459,ZAKSTOR,04.10.2026 | 18:21:09,https://kaspi.kz/shop/p/apple-iphone-16-plus-256gb-dual-esim-rozovyi-124338681/?c=750000000
135186532,Смартфон Apple iPhone 16e 512Gb NanoSIM+eSIM черный,Apple,454898,ASR Market,04.10.2026 | 18:21:09,https://kaspi.kz/shop/p/apple-iphone-16e-512gb-nanosim-esim-chernyi-135186532/?c=750000000
122062680,Смартфон Apple iPhone 14 256Gb Dual eSim голубой,Apple,519668,HanTech,04.10.2026 | 18:21:09,https://kaspi.kz/shop/p/apple-iphone-14-256gb-dual-esim-goluboi-122062680/?c=750000000
113138067,Apple iPhone 15 Plus 512Gb NanoSIM+eSIM зеленый,Apple,574054,Zest Store,04.10.2026 | 18:21:09,https://kaspi.kz/shop/p/apple-iphone-15-plus-512gb-nanosim-esim-zelenyi-113138067/?c=750000000
122062190,Смартфон Apple iPhone 14 256Gb Dual eSim бежевый,Apple,505121,HanTech,04.10.2026 | 18:21:09,https://kaspi.kz/shop/p/apple-iphone-14-256gb-dual-esim-bezhevyi-122062190/?c=750000000
152026808,Смартфон Apple iPhone 17 Pro Max 512Gb Dual eSim синий + подарок,Apple,863000,UMMAH STORE 2,04.10.2026 | 18:21:09,https://kaspi.kz/shop/p/apple-iphone-17-pro-max-512gb-dual-esim-sinii-podarok-152026808/?c=750000000
143577273,Apple iPhone 15 128Gb NanoSIM+eSIM розовый + подарок,Apple,479990,Мобитайм,04.10.2026 | 18:21:09,https://kaspi.kz/shop/p/apple-iphone-15-128gb-nanosim-esim-rozovyi-podarok-143577273/?c=750000000
143873310,Смартфон Apple iPhone 15 256Gb NanoSIM+eSIM черный + подарок,Apple,545000,UMMAH STORE,04.10.2026 | 18:21:09,https://kaspi.kz/shop/p/apple-iphone-15-256gb-nanosim-esim-chernyi-podarok-143873310/?c=750000000
121692857,Apple iPhone 15 256Gb Dual eSim розовый,Apple,629990,Mobile_Shop,04.10.2026 | 18:21:09,https://kaspi.kz/shop/p/apple-iphone-15-256gb-dual-esim-rozovyi-121692857/?c=750000000
143710717,Apple iPhone 16 Pro Max 1Tb NanoSIM+eSIM золотистый + подарок,Apple,1199998,Мобитайм,04.10.2026 | 18:21:18,https://kaspi.kz/shop/p/apple-iphone-16-pro-max-1tb-nanosim-esim-zolotistyi-podarok-143710717/?c=750000000
121703259,Apple iPhone 15 Pro Max 1Tb Dual eSim серый,Apple,899990,Mobile_Shop,04.10.2026 | 18:21:18,https://kaspi.kz/shop/p/apple-iphone-15-pro-max-1tb-dual-esim-seryi-121703259/?c=750000000
143873238,Смартфон Apple iPhone 15 128Gb NanoSIM+eSIM черный + подарок,Apple,477000,UMMAH STORE,04.10.2026 | 18:21:18,https://kaspi.kz/shop/p/apple-iphone-15-128gb-nanosim-esim-chernyi-podarok-143873238/?c=750000000
145467562,Смартфон iPhone 17 Pro 256GB Silver MG8G4HX/A,Apple,699442,ABC Retail,04.10.2026 | 18:21:18,https://kaspi.kz/shop/p/apple-iphone-17-pro-256gb-nanosim-esim-serebristyi-145467562/?c=750000000
147533908,Apple iPhone Air 256 APPLE_GIFT_YA12 SpaceBlack,Apple,619459,NOVAMART,04.10.2026 | 18:21:18,https://kaspi.kz/shop/p/apple-iphone-air-256gb-chernyi-podarok-147533908/?c=750000000
143710745,Apple iPhone 16 Pro Max 256Gb NanoSIM+eSIM белый + подарок,Apple,940000,Мобитайм,04.10.2026 | 18:21:18,https://kaspi.kz/shop/p/apple-iphone-16-pro-max-256gb-nanosim-esim-belyi-podarok-143710745/?c=750000000
143710810,Apple iPhone 16 Pro Max 256Gb NanoSIM+eSIM серебристый + подарок,Apple,929998,Мобитайм,04.10.2026 | 18:21:18,https://kaspi.kz/shop/p/apple-iphone-16-pro-max-256gb-nanosim-esim-serebristyi-podarok-143710810/?c=750000000
145467625,Смартфон iPhone 17 Pro 256GB Cosmic Orange MG8H4HX/A,Apple,685076,ABC Retail,04.10.2026 | 18:21:18,https://kaspi.kz/shop/p/apple-iphone-17-pro-256gb-nanosim-esim-oranzhevyi-145467625/?c=750000000
1005122,Apple iPhone 11 128Gb NanoSIM+eSIM красный,Apple,399850,QazSeller,04.10.2026 | 18:21:18,https://kaspi.kz/shop/p/apple-iphone-11-128gb-nanosim-esim-krasnyi-1005122/?c=750000000
143873283,Смартфон Apple iPhone 15 128Gb NanoSIM+eSIM розовый + подарок,Apple,521500,Rose mobile,04.10.2026 | 18:21:18,https://kaspi.kz/shop/p/apple-iphone-15-128gb-nanosim-esim-rozovyi-podarok-143873283/?c=750000000
152030464,Apple iPhone 17 Pro Max 1024Gb Dual eSim серебристый + подарок,Apple,1212345,PhoneKZ,04.10.2026 | 18:21:18,https://kaspi.kz/shop/p/apple-iphone-17-pro-max-1024gb-dual-esim-serebristyi-podarok-152030464/?c=750000000
143711570,Apple iPhone 16 128Gb NanoSIM+eSIM зеленый + подарок,Apple,512590,Мобитайм,04.10.2026 | 18:21:18,https://kaspi.kz/shop/p/apple-iphone-16-128gb-nanosim-esim-zelenyi-podarok-143711570/?c=750000000
123728177,Apple iPhone 16 256Gb NanoSIM+eSIM черный,Apple,600000,ZAKSTOR,04.10.2026 | 18:21:28,https://kaspi.kz/shop/p/apple-iphone-16-256gb-nanosim-esim-chernyi-123728177/?c=750000000
145438959,Apple iPhone 17 Pro 256Gb темно-синий,Apple,692878,ALPHA,04.10.2026 | 18:21:28,https://kaspi.kz/shop/p/apple-iphone-17-pro-256gb-nanosim-esim-temno-sinii-145438959/?c=750000000
102298404,Apple iPhone 13 128Gb NanoSIM+eSIM черный,Apple,370959,SmartZone,04.10.2026 | 18:21:28,https://kaspi.kz/shop/p/apple-iphone-13-128gb-nanosim-esim-chernyi-102298404/?c=750000000
145466818,Apple iPhone 17 256Gb NanoSIM+eSIM белый,Apple,538837,Click Tech,04.10.2026 | 18:21:28,https://kaspi.kz/shop/p/apple-iphone-17-256gb-nanosim-esim-belyi-145466818/?c=750000000
145468241,Apple iPhone 17 Pro Max 256Gb NanoSIM+eSIM оранжевый,Apple,713527,VerifyTech - верифицированный,04.10.2026 | 18:21:28,https://kaspi.kz/shop/p/apple-iphone-17-pro-max-256gb-nanosim-esim-oranzhevyi-145468241/?c=750000000
148425828,Смартфон Apple iPhone 17 Pro Max 256Gb Dual eSim оранжевый,Apple,696999,Dora,04.10.2026 | 18:21:28,https://kaspi.kz/shop/p/apple-iphone-17-pro-max-256gb-dual-esim-oranzhevyi-148425828/?c=750000000
145468150,Смартфон iPhone 17 Pro Max 256GB Silver MFYM4HX/A,Apple,750076,ABC Retail,04.10.2026 | 18:21:28,https://kaspi.kz/shop/p/apple-iphone-17-pro-max-256gb-nanosim-esim-serebristyi-145468150/?c=750000000
145440732,Смартфон iPhone 17 Pro Max 256GB Deep Blue MFYP4HX/A,Apple,730302,ABC Retail,04.10.2026 | 18:21:28,https://kaspi.kz/shop/p/apple-iphone-17-pro-max-256gb-nanosim-esim-temno-sinii-145440732/?c=750000000
113137929,Apple iPhone 15 128Gb NanoSIM+eSIM голубой,Apple,387011,Sirius,04.10.2026 | 18:21:28,https://kaspi.kz/shop/p/apple-iphone-15-128gb-nanosim-esim-goluboi-113137929/?c=750000000
123713453,Apple iPhone 16 128Gb черный,Apple,445547,Sirius,04.10.2026 | 18:21:28,https://kaspi.kz/shop/p/apple-iphone-16-128gb-nanosim-esim-chernyi-123713453/?c=750000000
148425910,Apple iPhone 17 Pro Max 256Gb Dual eSim серебристый,Apple,726757,KHAN MOBILE,04.10.2026 | 18:21:28,https://kaspi.kz/shop/p/apple-iphone-17-pro-max-256gb-dual-esim-serebristyi-148425910/?c=750000000
148446946,Apple iPhone 17 Pro 256Gb Dual eSim оранжевый,Apple,665556,Click Tech,04.10.2026 | 18:21:28,https://kaspi.kz/shop/p/apple-iphone-17-pro-256gb-dual-esim-oranzhevyi-148446946/?c=750000000
106363023,Apple iPhone 14 128Gb NanoSIM+eSIM черный,Apple,390664,GOLDEN_KZ,04.10.2026 | 18:21:37,https://kaspi.kz/shop/p/apple-iphone-14-128gb-nanosim-esim-chernyi-106363023/?c=750000000
113137897,Apple iPhone 15 256Gb NanoSIM+eSIM черный,Apple,483232,PhoneKZ,04.10.2026 | 18:21:37,https://kaspi.kz/shop/p/apple-iphone-15-256gb-nanosim-esim-chernyi-113137897/?c=750000000
148426174,Apple iPhone 17 Pro Max 512Gb Dual eSim оранжевый,Apple,790424,ALPHA,04.10.2026 | 18:21:37,https://kaspi.kz/shop/p/apple-iphone-17-pro-max-512gb-dual-esim-oranzhevyi-148426174/?c=750000000
145467519,Apple iPhone 17 Pro 512 Silver,Apple,851215,NOVAMART,04.10.2026 | 18:21:37,https://kaspi.kz/shop/p/apple-iphone-17-pro-512gb-nanosim-esim-serebristyi-145467519/?c=750000000
145468140,Apple iPhone 17 Pro Max 512Gb NanoSIM+eSIM серебристый,Apple,923682,TEHNOBOSS,04.10.2026 | 18:21:37,https://kaspi.kz/shop/p/apple-iphone-17-pro-max-512gb-nanosim-esim-serebristyi-145468140/?c=750000000
148426100,Apple iPhone 17 Pro Max 256Gb Dual eSim темно-синий,Apple,718990,Express_Market,04.10.2026 | 18:21:37,https://kaspi.kz/shop/p/apple-iphone-17-pro-max-256gb-dual-esim-temno-sinii-148426100/?c=750000000
145467626,Смартфон Apple iPhone 17 Pro 512Gb NanoSIM+eSIM оранжевый,Apple,808000,Phone Line,04.10.2026 | 18:21:37,https://kaspi.kz/shop/p/apple-iphone-17-pro-512gb-nanosim-esim-oranzhevyi-145467626/?c=750000000
113137949,Apple iPhone 15 128Gb NanoSIM+eSIM розовый,Apple,434947,PROFIT-ACTIVE,04.10.2026 | 18:21:37,https://kaspi.kz/shop/p/apple-iphone-15-128gb-nanosim-esim-rozovyi-113137949/?c=750000000
145309655,Apple iPhone 17 256Gb NanoSIM+eSIM голубой,Apple,537106,Sirius,04.10.2026 | 18:21:37,https://kaspi.kz/shop/p/apple-iphone-17-256gb-nanosim-esim-goluboi-145309655/?c=750000000
145468227,Apple iPhone 17 Pro Max 512Gb оранжевый,Apple,873835,ALPHA,04.10.2026 | 18:21:37,https://kaspi.kz/shop/p/apple-iphone-17-pro-max-512gb-nanosim-esim-oranzhevyi-145468227/?c=750000000
148424478,Apple iPhone 17 Pro 256Gb Dual eSim темно-синий,Apple,671691,KBT Bars,04.10.2026 | 18:21:37,https://kaspi.kz/shop/p/apple-iphone-17-pro-256gb-dual-esim-temno-sinii-148424478/?c=750000000
145468049,Apple iPhone 17 Pro Max 512Gb NanoSIM+eSIM темно-синий,Apple,878400,Click Tech,04.10.2026 | 18:21:37,https://kaspi.kz/shop/p/apple-iphone-17-pro-max-512gb-nanosim-esim-temno-sinii-145468049/?c=750000000
145468223,Смартфон Apple iPhone 17 Pro Max 1024Gb NanoSIM+eSIM оранжевый,Apple,1024575,iSeller,04.10.2026 | 18:21:48,https://kaspi.kz/shop/p/apple-iphone-17-pro-max-1024gb-nanosim-esim-oranzhevyi-145468223/?c=750000000
148426392,Apple iPhone 17 Pro Max 512Gb Dual eSim темно-синий,Apple,809624,MIMISTORE,04.10.2026 | 18:21:48,https://kaspi.kz/shop/p/apple-iphone-17-pro-max-512gb-dual-esim-temno-sinii-148426392/?c=750000000
146819175,Смартфон Apple iPhone 17 256Gb Dual eSim белый,Apple,541844,FONIQ,04.10.2026 | 18:21:48,https://kaspi.kz/shop/p/apple-iphone-17-256gb-dual-esim-belyi-146819175/?c=750000000
106363265,Apple iPhone 14 Pro 256Gb NanoSIM+eSIM черный,Apple,857777,CN-MARKET,04.10.2026 | 18:21:48,https://kaspi.kz/shop/p/apple-iphone-14-pro-256gb-nanosim-esim-chernyi-106363265/?c=750000000
123730579,Apple iPhone 16 256Gb NanoSIM+eSIM белый,Apple,657887,ZAKSTOR,04.10.2026 | 18:21:48,https://kaspi.kz/shop/p/apple-iphone-16-256gb-nanosim-esim-belyi-123730579/?c=750000000
123730867,Смартфон Apple iPhone 16 256Gb NanoSIM+eSIM розовый,Apple,644034,1Bay,04.10.2026 | 18:21:48,https://kaspi.kz/shop/p/apple-iphone-16-256gb-nanosim-esim-rozovyi-123730867/?c=750000000
148426301,Apple iPhone 17 Pro Max 512Gb Dual eSim серебристый,Apple,816868,TEHNOBOSS,04.10.2026 | 18:21:48,https://kaspi.kz/shop/p/apple-iphone-17-pro-max-512gb-dual-esim-serebristyi-148426301/?c=750000000
145466867,Смартфон Apple iPhone 17 256Gb NanoSIM+eSIM зеленый,Apple,538899,ArrowXKZ,04.10.2026 | 18:21:48,https://kaspi.kz/shop/p/apple-iphone-17-256gb-nanosim-esim-zelenyi-145466867/?c=750000000
145468625,Apple iPhone Air 256Gb черный,Apple,519454,ALPHA,04.10.2026 | 18:21:48,https://kaspi.kz/shop/p/apple-iphone-air-256gb-chernyi-145468625/?c=750000000
145467425,Apple iPhone 17 Pro 512Gb NanoSIM+eSIM темно-синий,Apple,849729,WORLD  Верифицированных IMEI,04.10.2026 | 18:21:48,https://kaspi.kz/shop/p/apple-iphone-17-pro-512gb-nanosim-esim-temno-sinii-145467425/?c=750000000
123890752,Apple iPhone 16 Pro Max 256Gb NanoSIM+eSIM серебристый,Apple,810348,WORLD  Верифицированных IMEI,04.10.2026 | 18:21:48,https://kaspi.kz/shop/p/apple-iphone-16-pro-max-256gb-nanosim-esim-serebristyi-123890752/?c=750000000
148425447,Apple iPhone 17 Pro 512Gb Dual eSim оранжевый,Apple,750494,ALPHA,04.10.2026 | 18:21:48,https://kaspi.kz/shop/p/apple-iphone-17-pro-512gb-dual-esim-oranzhevyi-148425447/?c=750000000
148426561,Apple iPhone 17 Pro Max 1024Gb Dual eSim оранжевый,Apple,890274,ALPHA,04.10.2026 | 18:21:57,https://kaspi.kz/shop/p/apple-iphone-17-pro-max-1024gb-dual-esim-oranzhevyi-148426561/?c=750000000
145468065,Смартфон Apple iPhone 17 Pro Max 1024Gb NanoSIM+eSIM темно-синий,Apple,1009990,Express_Market,04.10.2026 | 18:21:57,https://kaspi.kz/shop/p/apple-iphone-17-pro-max-1024gb-nanosim-esim-temno-sinii-145468065/?c=750000000
113137951,Apple iPhone 15 256Gb NanoSIM+eSIM розовый,Apple,489770,Мобитайм,04.10.2026 | 18:21:57,https://kaspi.kz/shop/p/apple-iphone-15-256gb-nanosim-esim-rozovyi-113137951/?c=750000000
145468171,Смартфон Apple iPhone 17 Pro Max 1024Gb NanoSIM+eSIM серебристый,Apple,1104990,Express_Market,04.10.2026 | 18:21:57,https://kaspi.kz/shop/p/apple-iphone-17-pro-max-1024gb-nanosim-esim-serebristyi-145468171/?c=750000000
148426774,Смартфон Apple iPhone 17 Pro Max 1024Gb Dual eSim темно-синий,Apple,906993,Dora,04.10.2026 | 18:21:57,https://kaspi.kz/shop/p/apple-iphone-17-pro-max-1024gb-dual-esim-temno-sinii-148426774/?c=750000000
106363150,Apple iPhone 14 128Gb NanoSIM+eSIM голубой,Apple,385936,PREMIUM GADGET,04.10.2026 | 18:21:57,https://kaspi.kz/shop/p/apple-iphone-14-128gb-nanosim-esim-goluboi-106363150/?c=750000000
148425333,Apple iPhone 17 Pro 512Gb Dual eSim серебристый,Apple,789984,VerifyTech - верифицированный,04.10.2026 | 18:21:57,https://kaspi.kz/shop/p/apple-iphone-17-pro-512gb-dual-esim-serebristyi-148425333/?c=750000000
148444173,Apple iPhone 17 256Gb Dual eSim голубой,Apple,519997,ALPHA,04.10.2026 | 18:21:57,https://kaspi.kz/shop/p/apple-iphone-17-256gb-dual-esim-goluboi-148444173/?c=750000000
123888919,Смартфон Apple iPhone 16 Pro 128Gb NanoSIM+eSIM золотистый,Apple,706800,UMMAH STORE,04.10.2026 | 18:21:57,https://kaspi.kz/shop/p/apple-iphone-16-pro-128gb-nanosim-esim-zolotistyi-123888919/?c=750000000
148426624,Смартфон Apple iPhone 17 Pro Max 1024Gb Dual eSim серебристый,Apple,935597,Express_Market,04.10.2026 | 18:21:57,https://kaspi.kz/shop/p/apple-iphone-17-pro-max-1024gb-dual-esim-serebristyi-148426624/?c=750000000
135186486,Apple iPhone 16e 128Gb NanoSIM+eSIM черный,Apple,406999,TEXNO MARKET,04.10.2026 | 18:21:58,https://kaspi.kz/shop/p/apple-iphone-16e-128gb-nanosim-esim-chernyi-135186486/?c=750000000
135185112,Смартфон Apple iPhone 16e 128Gb NanoSIM+eSIM белый,Apple,369500,NOVKAZ,04.10.2026 | 18:21:58,https://kaspi.kz/shop/p/apple-iphone-16e-128gb-nanosim-esim-belyi-135185112/?c=750000000
106363245,Apple iPhone 14 Pro 128Gb NanoSIM+eSIM черный,Apple,579900,Khan Grоup,04.10.2026 | 18:22:07,https://kaspi.kz/shop/p/apple-iphone-14-pro-128gb-nanosim-esim-chernyi-106363245/?c=750000000
160189080,Apple iPhone 17e 256Gb NanoSIM+eSIM черный,Apple,475936,Мобитайм,04.10.2026 | 18:22:07,https://kaspi.kz/shop/p/apple-iphone-17e-256gb-nanosim-esim-chernyi-160189080/?c=750000000
145468540,Apple iPhone Air 256Gb золотистый,Apple,544179,PhoneTech,04.10.2026 | 18:22:07,https://kaspi.kz/shop/p/apple-iphone-air-256gb-zolotistyi-145468540/?c=750000000
113138213,Смартфон Apple iPhone 15 Pro 256Gb NanoSIM+eSIM серый,Apple,748000,UMMAH STORE,04.10.2026 | 18:22:07,https://kaspi.kz/shop/p/apple-iphone-15-pro-256gb-nanosim-esim-seryi-113138213/?c=750000000
131015547,Apple iPhone 16 Pro 128Gb Dual Sim серебристый,Apple,669990,PhoneKZ,04.10.2026 | 18:22:07,https://kaspi.kz/shop/p/apple-iphone-16-pro-128gb-dual-sim-serebristyi-131015547/?c=750000000
123890593,Apple iPhone 16 Pro Max 512Gb NanoSIM+eSIM золотистый,Apple,800156,"ТОО ""BI TRADE""",04.10.2026 | 18:22:07,https://kaspi.kz/shop/p/apple-iphone-16-pro-max-512gb-nanosim-esim-zolotistyi-123890593/?c=750000000
102298364,Apple iPhone 13 128Gb NanoSIM+eSIM синий,Apple,529990,Mobile_Shop,04.10.2026 | 18:22:07,https://kaspi.kz/shop/p/apple-iphone-13-128gb-nanosim-esim-sinii-102298364/?c=750000000
140898230,Смартфон Apple iPhone 16 Pro 128Gb Dual Sim золотистый,Apple,629999,Apple-Plus,04.10.2026 | 18:22:07,https://kaspi.kz/shop/p/apple-iphone-16-pro-128gb-dual-sim-zolotistyi-140898230/?c=750000000
140287393,Смартфон Apple iPhone 16 Pro 128Gb Dual Sim белый,Apple,619660,"ТОО ""RADAMI""",04.10.2026 | 18:22:07,https://kaspi.kz/shop/p/apple-iphone-16-pro-128gb-dual-sim-belyi-140287393/?c=750000000
145468501,Apple iPhone Air 256Gb белый,Apple,524244,PhoneTech,04.10.2026 | 18:22:07,https://kaspi.kz/shop/p/apple-iphone-air-256gb-belyi-145468501/?c=750000000
145467476,Apple iPhone 17 Pro 1024Gb NanoSIM+eSIM серебристый,Apple,988573,ЭКОSALE,04.10.2026 | 18:22:07,https://kaspi.kz/shop/p/apple-iphone-17-pro-1024gb-nanosim-esim-serebristyi-145467476/?c=750000000
148442339,Смартфон Apple iPhone 17 256Gb Dual eSim зеленый,Apple,518427,iPlus Store,04.10.2026 | 18:22:07,https://kaspi.kz/shop/p/apple-iphone-17-256gb-dual-esim-zelenyi-148442339/?c=750000000
145468211,Apple iPhone 17 Pro Max 2Tb NanoSIM+eSIM оранжевый,Apple,1220709,PhoneKZ,04.10.2026 | 18:22:16,https://kaspi.kz/shop/p/apple-iphone-17-pro-max-2tb-nanosim-esim-oranzhevyi-145468211/?c=750000000
145467430,Apple iPhone 17 Pro 1024Gb NanoSIM+eSIM темно-синий,Apple,929474,1Bay,04.10.2026 | 18:22:16,https://kaspi.kz/shop/p/apple-iphone-17-pro-1024gb-nanosim-esim-temno-sinii-145467430/?c=750000000
121691395,Смартфон Apple iPhone 15 128Gb Dual eSim черный,Apple,421940,Apple-Plus,04.10.2026 | 18:22:16,https://kaspi.kz/shop/p/apple-iphone-15-128gb-dual-esim-chernyi-121691395/?c=750000000
124338499,Apple iPhone 16 Pro Max 256Gb Dual eSim золотистый,Apple,714255,TOP_DEVICE,04.10.2026 | 18:22:16,https://kaspi.kz/shop/p/apple-iphone-16-pro-max-256gb-dual-esim-zolotistyi-124338499/?c=750000000
145468192,Apple iPhone 17 Pro Max 2Tb NanoSIM+eSIM серебристый,Apple,1268815,TOP_DEVICE,04.10.2026 | 18:22:16,https://kaspi.kz/shop/p/apple-iphone-17-pro-max-2tb-nanosim-esim-serebristyi-145468192/?c=750000000
123731287,Apple iPhone 16 256Gb NanoSIM+eSIM зеленый,Apple,547925,VerifyTech - верифицированный,04.10.2026 | 18:22:16,https://kaspi.kz/shop/p/apple-iphone-16-256gb-nanosim-esim-zelenyi-123731287/?c=750000000
148425512,Смартфон Apple iPhone 17 Pro 1024Gb Dual eSim оранжевый,Apple,847570,Express_Market,04.10.2026 | 18:22:16,https://kaspi.kz/shop/p/apple-iphone-17-pro-1024gb-dual-esim-oranzhevyi-148425512/?c=750000000
123890421,Apple iPhone 16 Pro Max 256Gb NanoSIM+eSIM белый,Apple,889911,Click Tech,04.10.2026 | 18:22:16,https://kaspi.kz/shop/p/apple-iphone-16-pro-max-256gb-nanosim-esim-belyi-123890421/?c=750000000
160188663,iPhone 17e 256GB (Soft Pink),Apple,447990,Top-Sale,04.10.2026 | 18:22:16,https://kaspi.kz/shop/p/apple-iphone-17e-256gb-nanosim-esim-rozovyi-160188663/?c=750000000
123890344,Apple iPhone 16 Pro Max 512Gb NanoSIM+eSIM черный,Apple,839868,"ТОО ""BI TRADE""",04.10.2026 | 18:22:16,https://kaspi.kz/shop/p/apple-iphone-16-pro-max-512gb-nanosim-esim-chernyi-123890344/?c=750000000
106363283,Apple iPhone 14 Pro 128Gb NanoSIM+eSIM фиолетовый,Apple,579900,Khan Grоup,04.10.2026 | 18:22:16,https://kaspi.kz/shop/p/apple-iphone-14-pro-128gb-nanosim-esim-fioletovyi-106363283/?c=750000000
160188852,Apple iPhone 17e 256Gb белый,Apple,442099,ALPHA,04.10.2026 | 18:22:16,https://kaspi.kz/shop/p/apple-iphone-17e-256gb-nanosim-esim-belyi-160188852/?c=750000000
113138191,Apple iPhone 15 Pro 256Gb NanoSIM+eSIM черный,Apple,797777,CN-MARKET,04.10.2026 | 18:22:25,https://kaspi.kz/shop/p/apple-iphone-15-pro-256gb-nanosim-esim-chernyi-113138191/?c=750000000
123744028,Смартфон Apple iPhone 16 Plus 128Gb NanoSIM+eSIM черный,Apple,540522,AG shop,04.10.2026 | 18:22:25,https://kaspi.kz/shop/p/apple-iphone-16-plus-128gb-nanosim-esim-chernyi-123744028/?c=750000000
106363267,Смартфон Apple iPhone 14 Pro 512Gb NanoSIM+eSIM черный,Apple,790000,1Bay,04.10.2026 | 18:22:25,https://kaspi.kz/shop/p/apple-iphone-14-pro-512gb-nanosim-esim-chernyi-106363267/?c=750000000
145466822,Смартфон Apple iPhone 17 512Gb NanoSIM+eSIM белый,Apple,734600,UMMAH STORE 2,04.10.2026 | 18:22:25,https://kaspi.kz/shop/p/apple-iphone-17-512gb-nanosim-esim-belyi-145466822/?c=750000000
143579622,Apple iPhone 15 128Gb NanoSIM+eSIM черный + подарок,Apple,419843,PhoneKZ,04.10.2026 | 18:22:25,https://kaspi.kz/shop/p/apple-iphone-15-128gb-nanosim-esim-chernyi-podarok-143579622/?c=750000000
145468626,Apple iPhone Air 512Gb черный,Apple,600556,BERLIN,04.10.2026 | 18:22:25,https://kaspi.kz/shop/p/apple-iphone-air-512gb-chernyi-145468626/?c=750000000
148425564,Смартфон Apple iPhone 17 Pro 1024Gb Dual eSim серебристый,Apple,887000,MOBILNIK.KZ,04.10.2026 | 18:22:25,https://kaspi.kz/shop/p/apple-iphone-17-pro-1024gb-dual-esim-serebristyi-148425564/?c=750000000
123731034,Apple iPhone 16 256Gb NanoSIM+eSIM фиолетовый,Apple,579920,KHAN MOBILE,04.10.2026 | 18:22:25,https://kaspi.kz/shop/p/apple-iphone-16-256gb-nanosim-esim-fioletovyi-123731034/?c=750000000
145466664,Apple iPhone 17 512Gb NanoSIM+eSIM фиолетовый,Apple,743815,Мобитайм,04.10.2026 | 18:22:25,https://kaspi.kz/shop/p/apple-iphone-17-512gb-nanosim-esim-fioletovyi-145466664/?c=750000000
145468104,Смартфон Apple iPhone 17 Pro Max 2Tb темно-синий,Apple,1198913,APG техникс,04.10.2026 | 18:22:25,https://kaspi.kz/shop/p/apple-iphone-17-pro-max-2tb-nanosim-esim-temno-sinii-145468104/?c=750000000
148425635,Apple iPhone 17 Pro 1024Gb Dual eSim темно-синий,Apple,878993,CN-MARKET,04.10.2026 | 18:22:25,https://kaspi.kz/shop/p/apple-iphone-17-pro-1024gb-dual-esim-temno-sinii-148425635/?c=750000000
148426912,Apple iPhone 17 Pro Max 2Tb Dual eSim оранжевый,Apple,1142438,Sirius,04.10.2026 | 18:22:25,https://kaspi.kz/shop/p/apple-iphone-17-pro-max-2tb-dual-esim-oranzhevyi-148426912/?c=750000000
106363155,Apple iPhone 14 256Gb NanoSIM+eSIM голубой,Apple,529990,Mobile_Shop,04.10.2026 | 18:22:34,https://kaspi.kz/shop/p/apple-iphone-14-256gb-nanosim-esim-goluboi-106363155/?c=750000000
145468595,Apple iPhone Air 512Gb голубой,Apple,595661,MIMISTORE,04.10.2026 | 18:22:34,https://kaspi.kz/shop/p/apple-iphone-air-512gb-goluboi-145468595/?c=750000000
122033448,Apple iPhone 14 128Gb Dual eSim черный,Apple,468999,Tech.kz,04.10.2026 | 18:22:34,https://kaspi.kz/shop/p/apple-iphone-14-128gb-dual-esim-chernyi-122033448/?c=750000000
169542919,Apple iPhone 17 Pro 256 APPLE4_GIFT_A20W DeepBlue,Apple,731292,NOVAMART,04.10.2026 | 18:22:34,https://kaspi.kz/shop/p/apple-iphone-17-pro-12-gb-256-gb-temno-sinii-adapter-20vt-usb-c-169542919/?c=750000000
123890467,Apple iPhone 16 Pro Max 512Gb NanoSIM+eSIM белый,Apple,828717,"ТОО ""BI TRADE""",04.10.2026 | 18:22:34,https://kaspi.kz/shop/p/apple-iphone-16-pro-max-512gb-nanosim-esim-belyi-123890467/?c=750000000
177317967,Смартфон iPhone 18 Pro 256GB Black MJRP4AF/A,Apple,849990,Evrika,04.10.2026 | 18:22:34,https://kaspi.kz/shop/p/apple-iphone-18-pro-256gb-nanosim-esim-chernyi-177317967/?c=750000000
169542974,Смартфон Apple iPhone 17 Pro 12 ГБ/256 ГБ серебристый + Адаптер 20Вт USB-C,Apple,733000,ИП МАРАЛОВА Л.М.,04.10.2026 | 18:22:34,https://kaspi.kz/shop/p/apple-iphone-17-pro-12-gb-256-gb-serebristyi-adapter-20vt-usb-c-169542974/?c=750000000
113138222,Apple iPhone 15 Pro 128Gb NanoSIM+eSIM синий,Apple,837777,CN-MARKET,04.10.2026 | 18:22:34,https://kaspi.kz/shop/p/apple-iphone-15-pro-128gb-nanosim-esim-sinii-113138222/?c=750000000
113138363,Apple iPhone 15 Pro Max 256Gb NanoSIM+eSIM черный,Apple,735087,Мобитайм,04.10.2026 | 18:22:34,https://kaspi.kz/shop/p/apple-iphone-15-pro-max-256gb-nanosim-esim-chernyi-113138363/?c=750000000
145466522,Смартфон Apple iPhone 17 512Gb NanoSIM+eSIM голубой,Apple,690000,SMART TRADE,04.10.2026 | 18:22:34,https://kaspi.kz/shop/p/apple-iphone-17-512gb-nanosim-esim-goluboi-145466522/?c=750000000
177318388,iPhone 18 Pro 256GB Glacier,Apple,849990,iSpace Apple Premium Partner,04.10.2026 | 18:22:34,https://kaspi.kz/shop/p/apple-iphone-18-pro-256gb-nanosim-esim-goluboi-177318388/?c=750000000
145466872,Apple iPhone 17 512Gb NanoSIM+eSIM зеленый,Apple,687104,GadgetON,04.10.2026 | 18:22:34,https://kaspi.kz/shop/p/apple-iphone-17-512gb-nanosim-esim-zelenyi-145466872/?c=750000000
169542929,Apple iPhone 17 Pro 256 APPLE4_GIFT_A20W CosmicOrange,Apple,732662,NOVAMART,04.10.2026 | 18:22:43,https://kaspi.kz/shop/p/apple-iphone-17-pro-12-gb-256-gb-oranzhevyi-adapter-20vt-usb-c-169542929/?c=750000000
169543024,Apple iPhone 17 Pro Max 12 ГБ/256 ГБ темно-синий + Адаптер 20Вт USB-C,Apple,754465,Region верифицированный,04.10.2026 | 18:22:43,https://kaspi.kz/shop/p/apple-iphone-17-pro-max-12-gb-256-gb-temno-sinii-adapter-20vt-usb-c-169543024/?c=750000000
143567625,Apple iPhone 16 128Gb NanoSIM+eSIM черный + подарок,Apple,474000,UMMAH STORE,04.10.2026 | 18:22:43,https://kaspi.kz/shop/p/apple-iphone-16-128gb-nanosim-esim-chernyi-podarok-143567625/?c=750000000
143580585,Apple iPhone 15 128Gb NanoSIM+eSIM синий + подарок,Apple,403876,Amir.ON,04.10.2026 | 18:22:43,https://kaspi.kz/shop/p/apple-iphone-15-128gb-nanosim-esim-sinii-podarok-143580585/?c=750000000
113587942,Apple iPhone 15 Pro Max 256Gb Dual Sim серый,Apple,849990,Mobile_Shop,04.10.2026 | 18:22:43,https://kaspi.kz/shop/p/apple-iphone-15-pro-max-256gb-dual-sim-seryi-113587942/?c=750000000
169543039,Apple iPhone 17 Pro Max 256 APPLE4_GIFT_A20W Silver,Apple,783942,NOVAMART,04.10.2026 | 18:22:43,https://kaspi.kz/shop/p/apple-iphone-17-pro-max-12-gb-256-gb-serebristyi-adapter-20vt-usb-c-169543039/?c=750000000
128746228,Смартфон Apple iPhone 16 Pro Max 256Gb Dual Sim черный,Apple,699990,OZEN,04.10.2026 | 18:22:43,https://kaspi.kz/shop/p/apple-iphone-16-pro-max-256gb-dual-sim-chernyi-128746228/?c=750000000
169542995,Смартфон Apple iPhone 17 Pro Max 12 ГБ/256 ГБ оранжевый + Адаптер 20Вт USB-C,Apple,732990,Technology,04.10.2026 | 18:22:43,https://kaspi.kz/shop/p/apple-iphone-17-pro-max-12-gb-256-gb-oranzhevyi-adapter-20vt-usb-c-169542995/?c=750000000
113138396,Apple iPhone 15 Pro Max 512Gb NanoSIM+eSIM черный,Apple,810777,CN-MARKET,04.10.2026 | 18:22:43,https://kaspi.kz/shop/p/apple-iphone-15-pro-max-512gb-nanosim-esim-chernyi-113138396/?c=750000000
123775652,Apple iPhone 16 Plus 256Gb NanoSIM+eSIM белый,Apple,547649,TOP_DEVICE,04.10.2026 | 18:22:43,https://kaspi.kz/shop/p/apple-iphone-16-plus-256gb-nanosim-esim-belyi-123775652/?c=750000000
148427416,Apple iPhone 17 Pro Max 2Tb Dual eSim темно-синий,Apple,1119795,Sirius,04.10.2026 | 18:22:43,https://kaspi.kz/shop/p/apple-iphone-17-pro-max-2tb-dual-esim-temno-sinii-148427416/?c=750000000
169542849,Смартфон Apple iPhone 17 8 ГБ/256 ГБ черный + Адаптер 20Вт USB-C,Apple,559509,ArrowXKZ,04.10.2026 | 18:22:43,https://kaspi.kz/shop/p/apple-iphone-17-8-gb-256-gb-chernyi-adapter-20vt-usb-c-169542849/?c=750000000
106363156,Apple iPhone 14 512Gb NanoSIM+eSIM голубой,Apple,474999,NIKA SHOP,04.10.2026 | 18:22:52,https://kaspi.kz/shop/p/apple-iphone-14-512gb-nanosim-esim-goluboi-106363156/?c=750000000
124338452,Apple iPhone 16 Pro Max 256Gb Dual eSim белый,Apple,727715,TOP_DEVICE,04.10.2026 | 18:22:52,https://kaspi.kz/shop/p/apple-iphone-16-pro-max-256gb-dual-esim-belyi-124338452/?c=750000000
148444285,Apple iPhone 17 512Gb Dual eSim белый,Apple,636606,Click Tech,04.10.2026 | 18:22:52,https://kaspi.kz/shop/p/apple-iphone-17-512gb-dual-esim-belyi-148444285/?c=750000000
123890803,Apple iPhone 16 Pro Max 512Gb NanoSIM+eSIM серебристый,Apple,834327,"ТОО ""BI TRADE""",04.10.2026 | 18:22:53,https://kaspi.kz/shop/p/apple-iphone-16-pro-max-512gb-nanosim-esim-serebristyi-123890803/?c=750000000
151761043,Смартфон Apple iPhone 17 Pro 256Gb Dual eSim оранжевый + подарок,Apple,733981,MOBILS,04.10.2026 | 18:22:53,https://kaspi.kz/shop/p/apple-iphone-17-pro-256gb-dual-esim-oranzhevyi-podarok-151761043/?c=750000000
123745196,Apple iPhone 16 Plus 256Gb NanoSIM+eSIM черный,Apple,547766,Мобитайм,04.10.2026 | 18:22:53,https://kaspi.kz/shop/p/apple-iphone-16-plus-256gb-nanosim-esim-chernyi-123745196/?c=750000000
152720530,Apple iPhone 17 Pro Max 256 APPLE_GIFT_YA24 CosmicOrange,Apple,788899,NOVAMART,04.10.2026 | 18:22:53,https://kaspi.kz/shop/p/apple-iphone-17-pro-max-256gb-nanosim-esim-oranzhevyi-podarok-152720530/?c=750000000
113138184,Apple iPhone 15 Pro 128Gb NanoSIM+eSIM серый,Apple,693932,Мобитайм,04.10.2026 | 18:22:53,https://kaspi.kz/shop/p/apple-iphone-15-pro-128gb-nanosim-esim-seryi-113138184/?c=750000000
121703209,Смартфон Apple iPhone 15 Pro Max 256Gb Dual eSim серый,Apple,679999,Apple-Plus,04.10.2026 | 18:22:53,https://kaspi.kz/shop/p/apple-iphone-15-pro-max-256gb-dual-esim-seryi-121703209/?c=750000000
106363195,Apple iPhone 14 Plus 256Gb NanoSIM+eSIM черный,Apple,435741,GOLDEN_KZ,04.10.2026 | 18:22:53,https://kaspi.kz/shop/p/apple-iphone-14-plus-256gb-nanosim-esim-chernyi-106363195/?c=750000000
113138605,Apple iPhone 15 Pro Max 512Gb белый,Apple,719669,Best Tech,04.10.2026 | 18:22:53,https://kaspi.kz/shop/p/apple-iphone-15-pro-max-512gb-nanosim-esim-belyi-113138605/?c=750000000
145438023,Apple iPhone Air 512Gb белый,Apple,604997,ALPHA,04.10.2026 | 18:22:53,https://kaspi.kz/shop/p/apple-iphone-air-512gb-belyi-145438023/?c=750000000
113137974,Apple iPhone 15 128Gb NanoSIM+eSIM зеленый,Apple,600000,Mobile_Shop,04.10.2026 | 18:23:02,https://kaspi.kz/shop/p/apple-iphone-15-128gb-nanosim-esim-zelenyi-113137974/?c=750000000
106363222,Apple iPhone 14 Plus 256Gb NanoSIM+eSIM сиреневый,Apple,540630,Мобитайм,04.10.2026 | 18:23:02,https://kaspi.kz/shop/p/apple-iphone-14-plus-256gb-nanosim-esim-sirenevyi-106363222/?c=750000000
146090795,Apple iPhone 17 8 ГБ/256 ГБ голубой + подарок,Apple,588754,Мобитайм,04.10.2026 | 18:23:02,https://kaspi.kz/shop/p/apple-iphone-17-8-gb-256-gb-goluboi-podarok-146090795/?c=750000000
131880206,Apple iPhone 16 128Gb Dual Sim черный,Apple,489000,UMMAH STORE,04.10.2026 | 18:23:02,https://kaspi.kz/shop/p/apple-iphone-16-128gb-dual-sim-chernyi-131880206/?c=750000000
124337961,Apple iPhone 16 128Gb Dual eSim белый,Apple,493798,Galaxy Mobile,04.10.2026 | 18:23:02,https://kaspi.kz/shop/p/apple-iphone-16-128gb-dual-esim-belyi-124337961/?c=750000000
143567479,Apple iPhone 16 128Gb NanoSIM+eSIM белый + подарок,Apple,473600,UMMAH STORE,04.10.2026 | 18:23:02,https://kaspi.kz/shop/p/apple-iphone-16-128gb-nanosim-esim-belyi-podarok-143567479/?c=750000000
152024370,Смартфон Apple iPhone 17 Pro Max 256Gb Dual eSim синий + подарок,Apple,767122,MOBILS,04.10.2026 | 18:23:02,https://kaspi.kz/shop/p/apple-iphone-17-pro-max-256gb-dual-esim-sinii-podarok-152024370/?c=750000000
106363209,Apple iPhone 14 Plus 128Gb NanoSIM+eSIM бежевый,Apple,521777,Мобитайм,04.10.2026 | 18:23:02,https://kaspi.kz/shop/p/apple-iphone-14-plus-128gb-nanosim-esim-bezhevyi-106363209/?c=750000000
152720870,Смартфон Apple iPhone 17 Pro Max 256Gb NanoSIM+eSIM темно-синий + подарок,Apple,811941,MOBILS,04.10.2026 | 18:23:02,https://kaspi.kz/shop/p/apple-iphone-17-pro-max-256gb-nanosim-esim-temno-sinii-podarok-152720870/?c=750000000
113138285,Смартфон Apple iPhone 15 Pro 256Gb NanoSIM+eSIM белый,Apple,689998,VerifyTech - верифицированный,04.10.2026 | 18:23:02,https://kaspi.kz/shop/p/apple-iphone-15-pro-256gb-nanosim-esim-belyi-113138285/?c=750000000
152721148,Apple iPhone 17 Pro 256 APPLE_GIFT_YA24 Silver,Apple,753296,NOVAMART,04.10.2026 | 18:23:02,https://kaspi.kz/shop/p/apple-iphone-17-pro-256gb-nanosim-esim-serebristyi-podarok-152721148/?c=750000000
148445009,Apple iPhone 17 512Gb Dual eSim фиолетовый,Apple,679993,MEGAPHONE,04.10.2026 | 18:23:02,https://kaspi.kz/shop/p/apple-iphone-17-512gb-dual-esim-fioletovyi-148445009/?c=750000000
123890646,Apple iPhone 16 Pro Max 1Tb золотистый,Apple,804902,Mobile Land,04.10.2026 | 18:23:40,https://kaspi.kz/shop/p/apple-iphone-16-pro-max-1tb-nanosim-esim-zolotistyi-123890646/?c=750000000
152720326,Apple iPhone 17 256Gb черный + подарок (Яндекс Плюс 24 месяцев),Apple,559900,Sirius,04.10.2026 | 18:23:40,https://kaspi.kz/shop/p/apple-iphone-17-256gb-nanosim-esim-chernyi-podarok-152720326/?c=750000000
106363312,Apple iPhone 14 Pro 256Gb золотистый,Apple,857777,CN-MARKET,04.10.2026 | 18:23:40,https://kaspi.kz/shop/p/apple-iphone-14-pro-256gb-nanosim-esim-zolotistyi-106363312/?c=750000000
152720736,Смартфон Apple iPhone 17 Pro Max 256Gb NanoSIM+eSIM серебристый + подарок,Apple,811616,MOBILS,04.10.2026 | 18:23:40,https://kaspi.kz/shop/p/apple-iphone-17-pro-max-256gb-nanosim-esim-serebristyi-podarok-152720736/?c=750000000
114790867,Смартфон Apple iPhone 15 Pro 256Gb Dual Sim белый,Apple,629998,iStore KZ,04.10.2026 | 18:23:40,https://kaspi.kz/shop/p/apple-iphone-15-pro-256gb-dual-sim-belyi-114790867/?c=750000000
113587997,Apple iPhone 15 Pro Max 256Gb Dual Sim черный,Apple,649978,PhoneKZ,04.10.2026 | 18:23:40,https://kaspi.kz/shop/p/apple-iphone-15-pro-max-256gb-dual-sim-chernyi-113587997/?c=750000000
145468558,Смартфон Apple iPhone Air 1024Gb золотистый,Apple,774997,iPlus Store,04.10.2026 | 18:23:40,https://kaspi.kz/shop/p/apple-iphone-air-1024gb-zolotistyi-145468558/?c=750000000
113587925,Apple iPhone 15 Pro Max 512Gb Dual Sim серый,Apple,744831,PhoneKZ,04.10.2026 | 18:23:40,https://kaspi.kz/shop/p/apple-iphone-15-pro-max-512gb-dual-sim-seryi-113587925/?c=750000000
113589021,Смартфон Apple iPhone 15 Pro 256Gb Dual Sim серый,Apple,669999,OZEN,04.10.2026 | 18:23:40,https://kaspi.kz/shop/p/apple-iphone-15-pro-256gb-dual-sim-seryi-113589021/?c=750000000
152721139,Смартфон Apple iPhone 17 Pro 256Gb NanoSIM+eSIM оранжевый + подарок,Apple,726788,CN-MARKET,04.10.2026 | 18:23:40,https://kaspi.kz/shop/p/apple-iphone-17-pro-256gb-nanosim-esim-oranzhevyi-podarok-152721139/?c=750000000
123776337,Apple iPhone 16 Plus 128Gb синий,Apple,537000,SMART TRADE,04.10.2026 | 18:23:40,https://kaspi.kz/shop/p/apple-iphone-16-plus-128gb-nanosim-esim-sinii-123776337/?c=750000000
106363141,Смартфон Apple iPhone 14 256Gb NanoSIM+eSIM сиреневый,Apple,440800,UMMAH STORE,04.10.2026 | 18:23:40,https://kaspi.kz/shop/p/apple-iphone-14-256gb-nanosim-esim-sirenevyi-106363141/?c=750000000
163961550,Apple iPhone 17 256Gb черный + подарок,Apple,597260,Мобитайм,04.10.2026 | 18:23:50,https://kaspi.kz/shop/p/apple-iphone-17-256gb-chernyi-podarok-163961550/?c=750000000
124337999,Apple iPhone 16 128Gb Dual eSim розовый,Apple,498000,UMMAH STORE,04.10.2026 | 18:23:50,https://kaspi.kz/shop/p/apple-iphone-16-128gb-dual-esim-rozovyi-124337999/?c=750000000
167231531,Смартфон Apple iPhone 17 8 ГБ/256 ГБ черный + подарок,Apple,592776,MOBILS,04.10.2026 | 18:23:50,https://kaspi.kz/shop/p/apple-iphone-17-8-gb-256-gb-chernyi-podarok-167231531/?c=750000000
143577616,Apple iPhone 15 256Gb черный + подарок,Apple,510000,UMMAH STORE,04.10.2026 | 18:23:50,https://kaspi.kz/shop/p/apple-iphone-15-256gb-nanosim-esim-chernyi-podarok-143577616/?c=750000000
113137983,Apple iPhone 15 256Gb NanoSIM+eSIM зеленый,Apple,507974,GadgetON,04.10.2026 | 18:23:50,https://kaspi.kz/shop/p/apple-iphone-15-256gb-nanosim-esim-zelenyi-113137983/?c=750000000
106363236,Смартфон Apple iPhone 14 Plus 512Gb NanoSIM+eSIM бежевый,Apple,548954,MOBILS,04.10.2026 | 18:23:50,https://kaspi.kz/shop/p/apple-iphone-14-plus-512gb-nanosim-esim-bezhevyi-106363236/?c=750000000
145468628,Смартфон Apple iPhone Air 1024Gb черный,Apple,711200,UMMAH STORE 2,04.10.2026 | 18:23:50,https://kaspi.kz/shop/p/apple-iphone-air-1024gb-chernyi-145468628/?c=750000000
113587969,Apple iPhone 15 Pro Max 512Gb Dual Sim черный,Apple,679979,PhoneKZ,04.10.2026 | 18:23:50,https://kaspi.kz/shop/p/apple-iphone-15-pro-max-512gb-dual-sim-chernyi-113587969/?c=750000000
113933974,Apple iPhone 15 128Gb Dual Sim синий,Apple,447000,SMART TRADE,04.10.2026 | 18:23:50,https://kaspi.kz/shop/p/apple-iphone-15-128gb-dual-sim-sinii-113933974/?c=750000000
168156615,Смартфон Apple iPhone 15 128Gb черный + подарок,Apple,444992,MOBILS,04.10.2026 | 18:23:50,https://kaspi.kz/shop/p/apple-iphone-15-128gb-chernyi-podarok-168156615/?c=750000000
148444404,Apple iPhone 17 512Gb Dual eSim зеленый,Apple,619668,ALPHA,04.10.2026 | 18:23:50,https://kaspi.kz/shop/p/apple-iphone-17-512gb-dual-esim-zelenyi-148444404/?c=750000000
147534417,Apple iPhone Air 256Gb черный + подарок,Apple,588141,Мобитайм,04.10.2026 | 18:23:50,https://kaspi.kz/shop/p/apple-iphone-air-256gb-chernyi-podarok-147534417/?c=750000000
152720206,Apple iPhone 17 256Gb голубой + подарок (Яндекс Плюс 24 месяцев),Apple,559900,Sirius,04.10.2026 | 18:23:59,https://kaspi.kz/shop/p/apple-iphone-17-256gb-nanosim-esim-goluboi-podarok-152720206/?c=750000000
154660564,Apple iPhone 17 256Gb черный + подарок (Яндекс Плюс 12 месяцев),Apple,559900,Sirius,04.10.2026 | 18:23:59,https://kaspi.kz/shop/p/apple-iphone-17-256gb-nanosim-esim-chernyi-podarok-154660564/?c=750000000
167231243,Apple iPhone 17 256Gb белый +подарок(Apple EarPods USB-C+Apple Power Adapter 20W+Яндекс 12 месяцев),Apple,583910,Artis Optima,04.10.2026 | 18:23:59,https://kaspi.kz/shop/p/apple-iphone-17-8-gb-256-gb-belyi-podarok-167231243/?c=750000000
113587645,Apple iPhone 15 Pro Max 256Gb Dual Sim белый,Apple,647295,PhoneKZ,04.10.2026 | 18:23:59,https://kaspi.kz/shop/p/apple-iphone-15-pro-max-256gb-dual-sim-belyi-113587645/?c=750000000
143567720,Смартфон Apple iPhone 16 256Gb NanoSIM+eSIM розовый + розовый,Apple,650000,MOBILS,04.10.2026 | 18:23:59,https://kaspi.kz/shop/p/apple-iphone-16-256gb-nanosim-esim-rozovyi-rozovyi-143567720/?c=750000000
131734933,Apple iPhone 16 128Gb Dual Sim белый,Apple,493900,Galaxy Mobile,04.10.2026 | 18:23:59,https://kaspi.kz/shop/p/apple-iphone-16-128gb-dual-sim-belyi-131734933/?c=750000000
102298395,Смартфон Apple iPhone 13 512Gb NanoSIM+eSIM синий,Apple,500000,ProUnit,04.10.2026 | 18:23:59,https://kaspi.kz/shop/p/apple-iphone-13-512gb-nanosim-esim-sinii-102298395/?c=750000000
123776191,Apple iPhone 16 Plus 256Gb NanoSIM+eSIM розовый,Apple,553957,Мобитайм,04.10.2026 | 18:23:59,https://kaspi.kz/shop/p/apple-iphone-16-plus-256gb-nanosim-esim-rozovyi-123776191/?c=750000000
121703275,Смартфон Apple iPhone 15 Pro Max 256Gb Dual eSim белый,Apple,660000,Apple-Plus,04.10.2026 | 18:23:59,https://kaspi.kz/shop/p/apple-iphone-15-pro-max-256gb-dual-esim-belyi-121703275/?c=750000000
102298980,Смартфон Apple iPhone 13 Pro Max 512Gb NanoSIM+eSIM серый,Apple,619999,OZEN,04.10.2026 | 18:23:59,https://kaspi.kz/shop/p/apple-iphone-13-pro-max-512gb-nanosim-esim-seryi-102298980/?c=750000000
152721159,Apple iPhone 17 Pro 256 APPLE_GIFT_YA24 DeepBlue,Apple,729701,NOVAMART,04.10.2026 | 18:23:59,https://kaspi.kz/shop/p/apple-iphone-17-pro-256gb-nanosim-esim-temno-sinii-podarok-152721159/?c=750000000
177319302,iPhone 18 Pro Max 256GB Silver,Apple,909990,iSpace Apple Premium Partner,04.10.2026 | 18:23:59,https://kaspi.kz/shop/p/apple-iphone-18-pro-max-256gb-nanosim-esim-serebristyi-177319302/?c=750000000
102298986,Смартфон Apple iPhone 13 Pro Max 1Tb NanoSIM+eSIM серый,Apple,649999,OZEN,04.10.2026 | 18:24:11,https://kaspi.kz/shop/p/apple-iphone-13-pro-max-1tb-nanosim-esim-seryi-102298986/?c=750000000
124337614,Apple iPhone 16 128Gb Dual eSim фиолетовый,Apple,489000,UMMAH STORE,04.10.2026 | 18:24:11,https://kaspi.kz/shop/p/apple-iphone-16-128gb-dual-esim-fioletovyi-124337614/?c=750000000
114963265,Apple iPhone 15 256Gb Dual Sim черный,Apple,529000,UMMAH STORE,04.10.2026 | 18:24:11,https://kaspi.kz/shop/p/apple-iphone-15-dual-sim-6-gb-256-gb-chernyi-114963265/?c=750000000
121692313,Apple iPhone 15 128Gb Dual eSim голубой,Apple,440000,UMMAH STORE,04.10.2026 | 18:24:11,https://kaspi.kz/shop/p/apple-iphone-15-128gb-dual-esim-goluboi-121692313/?c=750000000
143567514,Apple iPhone 16 128Gb NanoSIM+eSIM фиолетовый + подарок,Apple,475995,GadgetON,04.10.2026 | 18:24:11,https://kaspi.kz/shop/p/apple-iphone-16-128gb-nanosim-esim-fioletovyi-podarok-143567514/?c=750000000
113138015,Apple iPhone 15 Plus 128Gb NanoSIM+eSIM черный,Apple,540000,Мобитайм,04.10.2026 | 18:24:11,https://kaspi.kz/shop/p/apple-iphone-15-plus-128gb-nanosim-esim-chernyi-113138015/?c=750000000
168156670,Apple iPhone 15 256 APPLE2_GIFT_A20W_EAR Black,Apple,533477,NOVAMART,04.10.2026 | 18:24:11,https://kaspi.kz/shop/p/apple-iphone-15-256gb-chernyi-podarok-168156670/?c=750000000
168157098,Смартфон Apple iPhone 17 256Gb черный + подарок,Apple,654515,SmartDuken,04.10.2026 | 18:24:11,https://kaspi.kz/shop/p/apple-iphone-17-256gb-chernyi-podarok-168157098/?c=750000000
152720177,iPhone 17 256Gb NanoSIM+eSIM белый + подарок,Apple,559790,Lynx,04.10.2026 | 18:24:11,https://kaspi.kz/shop/p/apple-iphone-17-256gb-nanosim-esim-belyi-podarok-152720177/?c=750000000
124338514,Apple iPhone 16 Pro Max 512Gb Dual eSim золотистый,Apple,1000000,Mobile_Shop,04.10.2026 | 18:24:11,https://kaspi.kz/shop/p/apple-iphone-16-pro-max-512gb-dual-esim-zolotistyi-124338514/?c=750000000
143563956,Apple iPhone 16 128Gb NanoSIM+eSIM розовый + подарок,Apple,478000,UMMAH STORE,04.10.2026 | 18:24:11,https://kaspi.kz/shop/p/apple-iphone-16-128gb-nanosim-esim-rozovyi-podarok-143563956/?c=750000000
113138062,Apple iPhone 15 Plus 128Gb NanoSIM+eSIM зеленый,Apple,489950,GadgetON,04.10.2026 | 18:24:11,https://kaspi.kz/shop/p/apple-iphone-15-plus-128gb-nanosim-esim-zelenyi-113138062/?c=750000000
106363323,Apple iPhone 14 Pro 1Tb фиолетовый,Apple,777777,CN-MARKET,04.10.2026 | 18:24:20,https://kaspi.kz/shop/p/apple-iphone-14-pro-1tb-nanosim-esim-fioletovyi-106363323/?c=750000000
168157632,Смартфон Apple iPhone 17256Gb фиолетовый + подарок,Apple,613195,SmartDuken,04.10.2026 | 18:24:20,https://kaspi.kz/shop/p/apple-iphone-17256gb-fioletovyi-podarok-168157632/?c=750000000
128138782,Apple iPhone 16 Pro Max 256Gb Dual Sim золотистый,Apple,838000,SMART TRADE,04.10.2026 | 18:24:20,https://kaspi.kz/shop/p/apple-iphone-16-pro-max-256gb-dual-sim-zolotistyi-128138782/?c=750000000
169699857,Смартфон Apple iPhone 17 Pro Max 12/256GB Cosmic Orange Чехол Apple для iPhone 17 Pro Max Clear Case with MagSafe MGFW4ZM/A,Apple,778980,Sulpаk,04.10.2026 | 18:24:20,https://kaspi.kz/shop/p/apple-iphone-17-pro-max-12-gb-256-gb-oranzhevyi-podarok-169699857/?c=750000000
167390672,Apple iPhone 17 Pro 256 APPLE1_GIFT_A20W_EAR_YA12 Silver,Apple,778990,NOVAMART,04.10.2026 | 18:24:20,https://kaspi.kz/shop/p/apple-iphone-17-pro-256gb-serebristyi-podarok-167390672/?c=750000000
123890508,Apple iPhone 16 Pro Max 1Tb NanoSIM+eSIM белый,Apple,808215,BERLIN,04.10.2026 | 18:24:20,https://kaspi.kz/shop/p/apple-iphone-16-pro-max-1tb-nanosim-esim-belyi-123890508/?c=750000000
134454675,Смартфон Apple iPhone 16 128Gb Dual Sim розовый,Apple,489000,UMMAH STORE,04.10.2026 | 18:24:20,https://kaspi.kz/shop/p/apple-iphone-16-128gb-dual-sim-rozovyi-134454675/?c=750000000
168155811,Apple iPhone 16 128 APPLE2_GIFT_A20W_EAR Black,Apple,518194,NOVAMART,04.10.2026 | 18:24:20,https://kaspi.kz/shop/p/apple-iphone-16-128gb-chernyi-podarok-168155811/?c=750000000
145468579,Apple iPhone Air 1024Gb голубой,Apple,739887,Dora,04.10.2026 | 18:24:20,https://kaspi.kz/shop/p/apple-iphone-air-1024gb-goluboi-145468579/?c=750000000
152720245,Apple iPhone 17 256Gb NanoSIM+eSIM фиолетовый + подарок,Apple,598979,Lynx,04.10.2026 | 18:24:20,https://kaspi.kz/shop/p/apple-iphone-17-256gb-nanosim-esim-fioletovyi-podarok-152720245/?c=750000000
169699246,Apple iPhone 17 8 ГБ/256 ГБ черный + подарок,Apple,618544,Мобитайм,04.10.2026 | 18:24:20,https://kaspi.kz/shop/p/apple-iphone-17-8-gb-256-gb-chernyi-podarok-169699246/?c=750000000
113137957,Apple iPhone 15 128Gb NanoSIM+eSIM желтый,Apple,466459,ASR Market,04.10.2026 | 18:24:20,https://kaspi.kz/shop/p/apple-iphone-15-128gb-nanosim-esim-zheltyi-113137957/?c=750000000
168157656,Apple iPhone 17 256Gb черный + подарок (Apple EarPods USB-C White + Apple Power Adapter 20w),Apple,574897,Sirius,04.10.2026 | 18:24:29,https://kaspi.kz/shop/p/apple-iphone-17-256gb-chernyi-podarok-168157656/?c=750000000
142747406,Смартфон Apple iPhone 16 Pro Max 512Gb Dual Sim черный,Apple,799998,iStore KZ,04.10.2026 | 18:24:29,https://kaspi.kz/shop/p/apple-iphone-16-pro-max-512gb-dual-sim-chernyi-142747406/?c=750000000
152721170,Смартфон Apple iPhone 17 Pro 512Gb NanoSIM+eSIM оранжевый + подарок,Apple,876020,MOBILS,04.10.2026 | 18:24:29,https://kaspi.kz/shop/p/apple-iphone-17-pro-512gb-nanosim-esim-oranzhevyi-podarok-152721170/?c=750000000
167231254,Смартфон Apple iPhone 17 8 ГБ/256 ГБ черный + подарок,Apple,671244,SmartDuken,04.10.2026 | 18:24:29,https://kaspi.kz/shop/p/apple-iphone-17-8-gb-256-gb-chernyi-podarok-167231254/?c=750000000
152005911,Apple iPhone 17 256Gb Dual eSim черный + подарок,Apple,648960,Lynx,04.10.2026 | 18:24:29,https://kaspi.kz/shop/p/apple-iphone-17-256gb-dual-esim-chernyi-podarok-152005911/?c=750000000
167487345,Смартфон Apple iPhone 17 Pro Max 256Gb темно-синий + подарок,Apple,847981,MOBILS,04.10.2026 | 18:24:29,https://kaspi.kz/shop/p/apple-iphone-17-pro-max-256gb-temno-sinii-podarok-167487345/?c=750000000
167390793,Apple iPhone 17 Pro 256 APPLE1_GIFT_A20W_EAR_YA12 CosmicOrange,Apple,778999,NOVAMART,04.10.2026 | 18:24:29,https://kaspi.kz/shop/p/apple-iphone-17-pro-256gb-oranzhevyi-podarok-167390793/?c=750000000
168155747,,Apple,522978,MOBILS,04.10.2026 | 18:24:29,https://kaspi.kz/shop/p/apple-iphone-16-128gb-belyi-podarok-168155747/?c=750000000
168157082,Смартфон Apple iPhone 17 256Gb фиолетовый + подарок,Apple,652938,SmartDuken,04.10.2026 | 18:24:29,https://kaspi.kz/shop/p/apple-iphone-17-256gb-fioletovyi-podarok-168157082/?c=750000000
167487379,Смартфон Apple iPhone 17 Pro Max 256Gb оранжевый + подарок,Apple,839695,CN-MARKET,04.10.2026 | 18:24:29,https://kaspi.kz/shop/p/apple-iphone-17-pro-max-256gb-oranzhevyi-podarok-167487379/?c=750000000
152030166,Apple iPhone Air 256 APPLE_GIFT_YA24 SpaceBlack,Apple,599989,NOVAMART,04.10.2026 | 18:24:29,https://kaspi.kz/shop/p/apple-iphone-air-256gb-chernyi-podarok-152030166/?c=750000000
143567273,Apple iPhone 16 128Gb NanoSIM+eSIM зеленый + подарок,Apple,476999,GadgetON,04.10.2026 | 18:24:29,https://kaspi.kz/shop/p/apple-iphone-16-128gb-nanosim-esim-zelenyi-podarok-143567273/?c=750000000
167281247,Смартфон Apple iPhone 16 128Gb черный + подарок,Apple,502893,MOBILS,04.10.2026 | 18:24:38,https://kaspi.kz/shop/p/apple-iphone-16-128gb-chernyi-podarok-167281247/?c=750000000
113137952,Apple iPhone 15 512Gb NanoSIM+eSIM розовый,Apple,514805,TOP_DEVICE,04.10.2026 | 18:24:38,https://kaspi.kz/shop/p/apple-iphone-15-512gb-nanosim-esim-rozovyi-113137952/?c=750000000
168860534,Apple iPhone 17 Pro 256 APPLE2_GIFT_A20W_EAR Silver,Apple,770484,NOVAMART,04.10.2026 | 18:24:38,https://kaspi.kz/shop/p/apple-iphone-17-pro-256gb-serebristyi-podarok-168860534/?c=750000000
133017964,Apple iPhone 16 128Gb Dual Sim фиолетовый,Apple,497000,SMART TRADE,04.10.2026 | 18:24:38,https://kaspi.kz/shop/p/apple-iphone-16-128gb-dual-sim-fioletovyi-133017964/?c=750000000
102298904,Смартфон Apple iPhone 13 Pro Max 512Gb NanoSIM+eSIM серебристый,Apple,619999,OZEN,04.10.2026 | 18:24:38,https://kaspi.kz/shop/p/apple-iphone-13-pro-max-512gb-nanosim-esim-serebristyi-102298904/?c=750000000
143568128,Apple iPhone 16 Pro Max 256Gb NanoSIM+eSIM золотистый + подарок,Apple,699000,Мобитайм,04.10.2026 | 18:24:38,https://kaspi.kz/shop/p/apple-iphone-16-pro-max-256gb-nanosim-esim-zolotistyi-podarok-143568128/?c=750000000
168860507,Apple iPhone 17 Pro 256 APPLE2_GIFT_A20W_PODS Silver,Apple,835499,NOVAMART,04.10.2026 | 18:24:38,https://kaspi.kz/shop/p/apple-iphone-17-pro-256gb-serebristyi-podarok-168860507/?c=750000000
113138043,Apple iPhone 15 Plus 128Gb NanoSIM+eSIM голубой,Apple,613599,Мобитайм,04.10.2026 | 18:24:38,https://kaspi.kz/shop/p/apple-iphone-15-plus-128gb-nanosim-esim-goluboi-113138043/?c=750000000
152721002,Смартфон Apple iPhone 17 Pro Max 512Gb NanoSIM+eSIM темно-синий + подарок,Apple,960895,MOBILS,04.10.2026 | 18:24:38,https://kaspi.kz/shop/p/apple-iphone-17-pro-max-512gb-nanosim-esim-temno-sinii-podarok-152721002/?c=750000000
124338427,Apple iPhone 16 Pro Max 512Gb Dual eSim черный,Apple,1000000,Mobile_Shop,04.10.2026 | 18:24:38,https://kaspi.kz/shop/p/apple-iphone-16-pro-max-512gb-dual-esim-chernyi-124338427/?c=750000000
147534261,Смартфон Apple iPhone Air 256Gb белый + подарок,Apple,608999,SmartDuken,04.10.2026 | 18:24:38,https://kaspi.kz/shop/p/apple-iphone-air-256gb-belyi-podarok-147534261/?c=750000000
113138194,Apple iPhone 15 Pro 512Gb NanoSIM+eSIM черный,Apple,807546,CN-MARKET,04.10.2026 | 18:24:38,https://kaspi.kz/shop/p/apple-iphone-15-pro-512gb-nanosim-esim-chernyi-113138194/?c=750000000
168641939,Смартфон Apple iPhone 17 Pro Max 256Gb синий + подарок,Apple,884349,NewTechno верифицированный,04.10.2026 | 18:24:46,https://kaspi.kz/shop/p/apple-iphone-17-pro-max-256gb-sinii-podarok-168641939/?c=750000000
113587585,Apple iPhone 15 Pro Max 512Gb Dual Sim белый,Apple,736815,TOP_DEVICE,04.10.2026 | 18:24:46,https://kaspi.kz/shop/p/apple-iphone-15-pro-max-512gb-dual-sim-belyi-113587585/?c=750000000
154660597,Смартфон Apple iPhone 17 256Gb NanoSIM+eSIM фиолетовый + подарок,Apple,637511,MOBILS,04.10.2026 | 18:24:46,https://kaspi.kz/shop/p/apple-iphone-17-256gb-nanosim-esim-fioletovyi-podarok-154660597/?c=750000000
168641912,Смартфон Apple iPhone 17 Pro Max 256Gb серебристый + подарок,Apple,888024,MOBILS,04.10.2026 | 18:24:46,https://kaspi.kz/shop/p/apple-iphone-17-pro-max-256gb-serebristyi-podarok-168641912/?c=750000000
124338365,Apple iPhone 16 Pro 128Gb Dual eSim серебристый,Apple,698000,UMMAH STORE,04.10.2026 | 18:24:46,https://kaspi.kz/shop/p/apple-iphone-16-pro-128gb-dual-esim-serebristyi-124338365/?c=750000000
147262004,Смартфон Apple iPhone 15 128Gb NanoSIM+eSIM черный + подарок,Apple,469997,SmartDuken,04.10.2026 | 18:24:46,https://kaspi.kz/shop/p/apple-iphone-15-128gb-nanosim-esim-chernyi-podarok-147262004/?c=750000000
121692452,Apple iPhone 15 256Gb Dual eSim голубой,Apple,528000,UMMAH STORE,04.10.2026 | 18:24:46,https://kaspi.kz/shop/p/apple-iphone-15-256gb-dual-esim-goluboi-121692452/?c=750000000
152721064,Смартфон Apple iPhone 17 Pro Max 1024Gb NanoSIM+eSIM темно-синий + подарок,Apple,1152989,SmartDuken,04.10.2026 | 18:24:46,https://kaspi.kz/shop/p/apple-iphone-17-pro-max-1024gb-nanosim-esim-temno-sinii-podarok-152721064/?c=750000000
152721025,Смартфон Apple iPhone 17 Pro Max 1024Gb NanoSIM+eSIM оранжевый + подарок,Apple,1158899,SmartDuken,04.10.2026 | 18:24:46,https://kaspi.kz/shop/p/apple-iphone-17-pro-max-1024gb-nanosim-esim-oranzhevyi-podarok-152721025/?c=750000000
124338439,Смартфон Apple iPhone 16 Pro Max 1Tb Dual eSim черный,Apple,803360,VerifyTech - верифицированный,04.10.2026 | 18:24:46,https://kaspi.kz/shop/p/apple-iphone-16-pro-max-1tb-dual-esim-chernyi-124338439/?c=750000000
152720974,Apple iPhone 17 Pro Max 512Gb NanoSIM+eSIM серебристый + подарок,Apple,1020355,Lynx,04.10.2026 | 18:24:46,https://kaspi.kz/shop/p/apple-iphone-17-pro-max-512gb-nanosim-esim-serebristyi-podarok-152720974/?c=750000000
171183193,Apple iPhone 17e 256Gb dual eSIM белый,Apple,475009,ZAKSTOR,04.10.2026 | 18:24:46,https://kaspi.kz/shop/p/apple-iphone-17e-256gb-dual-esim-belyi-171183193/?c=750000000
147534458,Смартфон Apple iPhone Air 256Gb голубой + подарок,Apple,609166,AG shop,04.10.2026 | 18:24:56,https://kaspi.kz/shop/p/apple-iphone-air-256gb-goluboi-podarok-147534458/?c=750000000
152720932,Apple iPhone 17 Pro Max 512Gb NanoSIM+eSIM оранжевый + подарок,Apple,961152,PhoneKZ,04.10.2026 | 18:24:56,https://kaspi.kz/shop/p/apple-iphone-17-pro-max-512gb-nanosim-esim-oranzhevyi-podarok-152720932/?c=750000000
102298435,Apple iPhone 13 512Gb NanoSIM+eSIM красный,Apple,529990,Mobile_Shop,04.10.2026 | 18:24:56,https://kaspi.kz/shop/p/apple-iphone-13-512gb-nanosim-esim-krasnyi-102298435/?c=750000000
109339995,Смартфон Apple iPhone 14 128Gb NanoSIM+eSIM желтый,Apple,488467,ProUnit,04.10.2026 | 18:24:56,https://kaspi.kz/shop/p/apple-iphone-14-128gb-nanosim-esim-zheltyi-109339995/?c=750000000
168860560,Apple iPhone 17 Pro 256 APPLE2_GIFT_A20W_EAR CosmicOrange,Apple,759997,NOVAMART,04.10.2026 | 18:24:56,https://kaspi.kz/shop/p/apple-iphone-17-pro-256gb-oranzhevyi-podarok-168860560/?c=750000000
168035175,Смартфон Apple iPhone 17 Pro 512Gb оранжевый + подарок,Apple,1066221,MOBILS,04.10.2026 | 18:24:56,https://kaspi.kz/shop/p/apple-iphone-17-pro-512gb-oranzhevyi-podarok-168035175/?c=750000000
167231462,Смартфон Apple iPhone 17 8 ГБ/256 ГБ фиолетовый + подарок,Apple,599988,MOBILS,04.10.2026 | 18:24:56,https://kaspi.kz/shop/p/apple-iphone-17-8-gb-256-gb-fioletovyi-podarok-167231462/?c=750000000
113138463,Apple iPhone 15 Pro Max 1Tb NanoSIM+eSIM серый,Apple,789030,GOLDEN_KZ,04.10.2026 | 18:24:56,https://kaspi.kz/shop/p/apple-iphone-15-pro-max-1tb-nanosim-esim-seryi-113138463/?c=750000000
168035607,Apple iPhone 17 Pro 256Gb темно-синий + подарок,Apple,967548,Мобитайм,04.10.2026 | 18:24:56,https://kaspi.kz/shop/p/apple-iphone-17-pro-256gb-temno-sinii-podarok-168035607/?c=750000000
121703122,Смартфон Apple iPhone 15 Pro Max 256Gb Dual eSim черный,Apple,669999,Apple-Plus,04.10.2026 | 18:24:56,https://kaspi.kz/shop/p/apple-iphone-15-pro-max-256gb-dual-esim-chernyi-121703122/?c=750000000
145468523,Смартфон Apple iPhone Air 1024Gb белый,Apple,749271,iPlus Store,04.10.2026 | 18:24:56,https://kaspi.kz/shop/p/apple-iphone-air-1024gb-belyi-145468523/?c=750000000
168860538,Apple iPhone 17 Pro 256 APPLE2_GIFT_A20W_PODS DeepBlue,Apple,838025,NOVAMART,04.10.2026 | 18:24:56,https://kaspi.kz/shop/p/apple-iphone-17-pro-256gb-sinii-podarok-168860538/?c=750000000
107195822,Apple iPhone 13 128Gb Dual Sim синий,Apple,529990,Mobile_Shop,04.10.2026 | 18:25:08,https://kaspi.kz/shop/p/apple-iphone-13-128gb-dual-sim-sinii-107195822/?c=750000000
168157401,Apple iPhone 17 256Gb голубой + подарок (Apple EarPods USB-C White + Apple Power Adapter 20w),Apple,569897,Sirius,04.10.2026 | 18:25:08,https://kaspi.kz/shop/p/apple-iphone-17-256gb-goluboi-podarok-168157401/?c=750000000
167455186,Смартфон Apple iPhone 17 Pro Max 512Gb серебристый + подарок,Apple,1108329,SmartDuken,04.10.2026 | 18:25:08,https://kaspi.kz/shop/p/apple-iphone-17-pro-max-512gb-serebristyi-podarok-167455186/?c=750000000
147261963,Смартфон Apple iPhone 15 128Gb NanoSIM+eSIM синий + подарок (Яндекс Плюс 24 месяца),Apple,409900,Sirius,04.10.2026 | 18:25:08,https://kaspi.kz/shop/p/apple-iphone-15-128gb-nanosim-esim-sinii-podarok-147261963/?c=750000000
121702321,Смартфон Apple iPhone 15 Pro 256Gb Dual eSim серый,Apple,748800,UMMAH STORE 2,04.10.2026 | 18:25:08,https://kaspi.kz/shop/p/apple-iphone-15-pro-256gb-dual-esim-seryi-121702321/?c=750000000
171515231,Apple iPhone 17 Pro 256 APPLE5_GIFT_A20W_YA36 CosmicOrange,Apple,763994,NOVAMART,04.10.2026 | 18:25:08,https://kaspi.kz/shop/p/apple-iphone-17-pro-256-gb-oranzhevyi-podarok-171515231/?c=750000000
167231272,Смартфон Apple iPhone 17 8 ГБ/256 ГБ голубой + подарок,Apple,584012,MOBILS,04.10.2026 | 18:25:08,https://kaspi.kz/shop/p/apple-iphone-17-8-gb-256-gb-goluboi-podarok-167231272/?c=750000000
169699812,Apple iPhone 17 Pro Max 256 APPLE4_GIFT_17PMCLE Silver,Apple,808943,NOVAMART,04.10.2026 | 18:25:08,https://kaspi.kz/shop/p/apple-iphone-17-pro-max-12-gb-256-gb-serebristyi-podarok-169699812/?c=750000000
168155140,Apple iPhone 16 128 APPLE2_GIFT_A20W_PODS Black,Apple,579631,NOVAMART,04.10.2026 | 18:25:08,https://kaspi.kz/shop/p/apple-iphone-16-128gb-chernyi-podarok-168155140/?c=750000000
169699467,Смартфон Apple iPhone 17 Pro 12/256GB Cosmic Orange Чехол Apple для iPhone 17 Pro Clear Case with MagSafe MGFT4ZM/A,Apple,743980,Sulpаk,04.10.2026 | 18:25:08,https://kaspi.kz/shop/p/apple-iphone-17-pro-12-gb-256-gb-oranzhevyi-podarok-169699467/?c=750000000
167456115,Apple iPhone 17 Pro Max 512 APPLE1_GIFT_A20W_EAR_YA12 CosmicOrange,Apple,983710,NOVAMART,04.10.2026 | 18:25:08,https://kaspi.kz/shop/p/apple-iphone-17-pro-max-512gb-oranzhevyi-podarok-167456115/?c=750000000
168036327,Смартфон Apple iPhone 17 Pro Max 256Gb серебристый + подарок,Apple,1036860,MOBILS,04.10.2026 | 18:25:08,https://kaspi.kz/shop/p/apple-iphone-17-pro-max-256gb-serebristyi-podarok-168036327/?c=750000000
146090717,Apple iPhone Air 12 ГБ/256 ГБ голубой + подарок,Apple,679590,Мобитайм,04.10.2026 | 18:25:17,https://kaspi.kz/shop/p/apple-iphone-air-12-gb-256-gb-goluboi-podarok-146090717/?c=750000000
168860553,Apple iPhone 17 Pro 256 APPLE2_GIFT_A20W_PODS CosmicOrange,Apple,837995,NOVAMART,04.10.2026 | 18:25:17,https://kaspi.kz/shop/p/apple-iphone-17-pro-256gb-oranzhevyi-podarok-168860553/?c=750000000
170829111,Apple iPhone 17 8 ГБ/256 ГБ белый  + Адаптер 20Вт USB-C,Apple,556479,Sirius,04.10.2026 | 18:25:17,https://kaspi.kz/shop/p/apple-iphone-17-256gb-belyi-podarok-170829111/?c=750000000
106363117,Смартфон Apple iPhone 14 128Gb NanoSIM+eSIM сиреневый,Apple,474000,UMMAH STORE,04.10.2026 | 18:25:17,https://kaspi.kz/shop/p/apple-iphone-14-128gb-nanosim-esim-sirenevyi-106363117/?c=750000000
169618122,Apple iPhone 17 Pro 256 APPLE4_GIFT_A20W_17PBLA DeepBlue,Apple,753459,NOVAMART,04.10.2026 | 18:25:17,https://kaspi.kz/shop/p/apple-iphone-17-pro-12-gb-256-gb-temno-sinii-podarok-169618122/?c=750000000
134234081,Apple iPhone 16 128 APPLE_GIFT_YA06 Black,Apple,505999,NOVAMART,04.10.2026 | 18:25:17,https://kaspi.kz/shop/p/apple-iphone-16-128gb-nanosim-esim-chernyi-podarok-134234081/?c=750000000
123776418,Apple iPhone 16 Plus 256Gb NanoSIM+eSIM синий,Apple,554965,"ТОО ""BI TRADE""",04.10.2026 | 18:25:17,https://kaspi.kz/shop/p/apple-iphone-16-plus-256gb-nanosim-esim-sinii-123776418/?c=750000000
106363198,Смартфон Apple iPhone 14 Plus 512Gb NanoSIM+eSIM черный,Apple,650000,MOBILS,04.10.2026 | 18:25:17,https://kaspi.kz/shop/p/apple-iphone-14-plus-512gb-nanosim-esim-chernyi-106363198/?c=750000000
168641970,Apple iPhone 17 Pro Max 256 APPLE2_GIFT_A20W_EAR Silver,Apple,817189,NOVAMART,04.10.2026 | 18:25:17,https://kaspi.kz/shop/p/apple-iphone-17-pro-max-256gb-serebristyi-podarok-168641970/?c=750000000
167728962,Apple iPhone 17 256Gb белый + подарок,Apple,872737,Мобитайм,04.10.2026 | 18:25:17,https://kaspi.kz/shop/p/apple-iphone-17-256gb-belyi-podarok-167728962/?c=750000000
167239490,Смартфон Apple iPhone 15 128Gb черный + подарок,Apple,456209,SmartDuken,04.10.2026 | 18:25:17,https://kaspi.kz/shop/p/apple-iphone-15-128gb-chernyi-podarok-167239490/?c=750000000
167643900,Смартфон Apple iPhone Air 256Gb черный + подарок,Apple,821306,AG shop,04.10.2026 | 18:25:17,https://kaspi.kz/shop/p/apple-iphone-air-256gb-chernyi-podarok-167643900/?c=750000000
168154894,Apple iPhone 16 128Gb белый + подарок,Apple,629998,Mobile_Shop,04.10.2026 | 18:25:26,https://kaspi.kz/shop/p/apple-iphone-16-128gb-belyi-podarok-168154894/?c=750000000
167487307,Смартфон Apple iPhone 17 Pro Max 256Gb серебристый + подарок,Apple,834523,MOBILS,04.10.2026 | 18:25:26,https://kaspi.kz/shop/p/apple-iphone-17-pro-max-256gb-serebristyi-podarok-167487307/?c=750000000
169699262,Смартфон Apple iPhone 17 Pro Max 12/256GB Cosmic Orange Чехол Apple для iPhone 17 Pro Max Silicone Case with MagSafe – Black MGFR4ZM/A,Apple,759980,Sulpаk,04.10.2026 | 18:25:26,https://kaspi.kz/shop/p/apple-iphone-17-pro-max-12-gb-256-gb-oranzhevyi-podarok-169699262/?c=750000000
168641955,Смартфон Apple iPhone 17 Pro Max 256Gb оранжевый + подарок,Apple,904515,MOBILS,04.10.2026 | 18:25:26,https://kaspi.kz/shop/p/apple-iphone-17-pro-max-256gb-oranzhevyi-podarok-168641955/?c=750000000
168157033,Смартфон Apple iPhone 17 256Gb голубой + подарок,Apple,741338,SmartDuken,04.10.2026 | 18:25:26,https://kaspi.kz/shop/p/apple-iphone-17-256gb-goluboi-podarok-168157033/?c=750000000
169618552,Apple iPhone 17 Pro 256 APPLE4_GIFT_A20W_17PBLA Silver,Apple,762990,NOVAMART,04.10.2026 | 18:25:26,https://kaspi.kz/shop/p/apple-iphone-17-pro-12-gb-256-gb-serebristyi-podarok-169618552/?c=750000000
168036518,Apple iPhone 17 Pro Max 256 APPLE2_GIFT_A20W_PODS_SE3S CosmicOrange,Apple,1033955,NOVAMART,04.10.2026 | 18:25:26,https://kaspi.kz/shop/p/apple-iphone-17-pro-max-256gb-oranzhevyi-podarok-168036518/?c=750000000
167389947,Смартфон Apple iPhone 17 Pro 512Gb темно-синий + подарок,Apple,1050045,SmartDuken,04.10.2026 | 18:25:26,https://kaspi.kz/shop/p/apple-iphone-17-pro-512gb-temno-sinii-podarok-167389947/?c=750000000
167390741,Apple iPhone 17 Pro 256 APPLE1_GIFT_A20W_EAR_YA12 DeepBlue,Apple,778897,NOVAMART,04.10.2026 | 18:25:26,https://kaspi.kz/shop/p/apple-iphone-17-pro-256gb-temno-sinii-podarok-167390741/?c=750000000
168642047,Смартфон Apple iPhone 17 Pro Max 256Gb оранжевый + подарок,Apple,837502,MOBILS,04.10.2026 | 18:25:26,https://kaspi.kz/shop/p/apple-iphone-17-pro-max-256gb-oranzhevyi-podarok-168642047/?c=750000000
167231129,,Apple,715042,SmartDuken,04.10.2026 | 18:25:26,https://kaspi.kz/shop/p/apple-iphone-17-8-gb-256-gb-belyi-podarok-167231129/?c=750000000
167231190,Смартфон Apple iPhone 17 8 ГБ/256 ГБ голубой + подарок,Apple,701701,SmartDuken,04.10.2026 | 18:25:26,https://kaspi.kz/shop/p/apple-iphone-17-8-gb-256-gb-goluboi-podarok-167231190/?c=750000000
169699287,Apple iPhone 17 Pro 256 APPLE4_GIFT_17PBLA CosmicOrange,Apple,738979,NOVAMART,04.10.2026 | 18:25:35,https://kaspi.kz/shop/p/apple-iphone-17-pro-12-gb-256-gb-oranzhevyi-podarok-169699287/?c=750000000
168035663,Смартфон Apple iPhone 17 Pro 256Gb оранжевый + подарок,Apple,920998,FONIQ,04.10.2026 | 18:25:35,https://kaspi.kz/shop/p/apple-iphone-17-pro-256gb-oranzhevyi-podarok-168035663/?c=750000000
171577783,Apple iPhone 17e 256Gb dual eSIM розовый,Apple,477999,ZAKSTOR,04.10.2026 | 18:25:35,https://kaspi.kz/shop/p/apple-iphone-17e-256gb-dual-esim-rozovyi-171577783/?c=750000000
177318857,Смартфон Apple iPhone 18 Pro Max 512Gb NanoSIM+eSIM голубой,Apple,1400000,SMART ELECTRONICS,04.10.2026 | 18:25:35,https://kaspi.kz/shop/p/apple-iphone-18-pro-max-512gb-nanosim-esim-goluboi-177318857/?c=750000000
152025988,Смартфон Apple iPhone 17 Pro Max 512Gb Dual eSim серебристый + подарок,Apple,946678,SmartDuken,04.10.2026 | 18:25:35,https://kaspi.kz/shop/p/apple-iphone-17-pro-max-512gb-dual-esim-serebristyi-podarok-152025988/?c=750000000
147534302,Apple iPhone Air 512Gb черный + подарок,Apple,719960,Мобитайм,04.10.2026 | 18:25:35,https://kaspi.kz/shop/p/apple-iphone-air-512gb-chernyi-podarok-147534302/?c=750000000
169699714,Смартфон Apple iPhone 17 Pro 12 ГБ/256 ГБ темно-синий + подарок,Apple,743164,Aslan Tel,04.10.2026 | 18:25:35,https://kaspi.kz/shop/p/apple-iphone-17-pro-12-gb-256-gb-temno-sinii-podarok-169699714/?c=750000000
152721187,Смартфон Apple iPhone 17 Pro 512Gb NanoSIM+eSIM серебристый + подарок,Apple,893957,MOBILS,04.10.2026 | 18:25:35,https://kaspi.kz/shop/p/apple-iphone-17-pro-512gb-nanosim-esim-serebristyi-podarok-152721187/?c=750000000
169618292,Apple iPhone 17 Pro 256 APPLE4_GIFT_A20W_17PCLE Silver,Apple,770999,NOVAMART,04.10.2026 | 18:25:35,https://kaspi.kz/shop/p/apple-iphone-17-pro-12-gb-256-gb-serebristyi-podarok-169618292/?c=750000000
169617748,Apple iPhone 17 8 ГБ/256 ГБ черный + подарок,Apple,644000,UMMAH STORE,04.10.2026 | 18:25:35,https://kaspi.kz/shop/p/apple-iphone-17-8-gb-256-gb-chernyi-podarok-169617748/?c=750000000
168155798,Apple iPhone 16 128Gb розовый + подарок,Apple,510984,MEGAPHONE,04.10.2026 | 18:25:35,https://kaspi.kz/shop/p/apple-iphone-16-128gb-rozovyi-podarok-168155798/?c=750000000
154660692,Apple iPhone 17 256Gb белый + подарок (Яндекс Плюс 12 месяцев),Apple,559795,Sirius,04.10.2026 | 18:25:35,https://kaspi.kz/shop/p/apple-iphone-17-256gb-nanosim-esim-belyi-podarok-154660692/?c=750000000
167281226,Смартфон Apple iPhone 16 128Gb белый + подарок,Apple,542000,UMMAH STORE,04.10.2026 | 18:25:44,https://kaspi.kz/shop/p/apple-iphone-16-128gb-belyi-podarok-167281226/?c=750000000
157460510,Смартфон Apple iPhone 15 128Gb NanoSIM+eSIM черный + подарок,Apple,463997,SmartDuken,04.10.2026 | 18:25:44,https://kaspi.kz/shop/p/apple-iphone-15-128gb-nanosim-esim-chernyi-podarok-157460510/?c=750000000
167729176,Смартфон Apple iPhone 17 256Gb черный + подарок,Apple,804512,AG shop,04.10.2026 | 18:25:44,https://kaspi.kz/shop/p/apple-iphone-17-256gb-chernyi-podarok-167729176/?c=750000000
169619070,Apple iPhone 17 Pro Max 256 APPLE4_GIFT_A20W_17PMCLE Silver,Apple,822796,NOVAMART,04.10.2026 | 18:25:44,https://kaspi.kz/shop/p/apple-iphone-17-pro-max-12-gb-256-gb-serebristyi-podarok-169619070/?c=750000000
167487218,Смартфон Apple iPhone 17 Pro Max 256Gb темно-синий + подарок,Apple,974873,SmartDuken,04.10.2026 | 18:25:44,https://kaspi.kz/shop/p/apple-iphone-17-pro-max-256gb-temno-sinii-podarok-167487218/?c=750000000
168156587,Смартфон Apple iPhone 15 128Gb синий + подарок,Apple,462650,Amir.ON,04.10.2026 | 18:25:44,https://kaspi.kz/shop/p/apple-iphone-15-128gb-sinii-podarok-168156587/?c=750000000
168641628,Apple iPhone 17 Pro Max 512 APPLE2_GIFT_A20W_EAR CosmicOrange,Apple,969999,NOVAMART,04.10.2026 | 18:25:44,https://kaspi.kz/shop/p/apple-iphone-17-pro-max-512gb-oranzhevyi-podarok-168641628/?c=750000000
171515133,Apple iPhone 17 Pro 256 APPLE5_GIFT_A20W_YA36 DeepBlue,Apple,778990,NOVAMART,04.10.2026 | 18:25:44,https://kaspi.kz/shop/p/apple-iphone-17-pro-256-gb-temno-sinii-podarok-171515133/?c=750000000
168157386,Apple iPhone 17 256Gb зеленый + подарок (Apple EarPods USB-C White + Apple Power Adapter 20w),Apple,569897,Sirius,04.10.2026 | 18:25:44,https://kaspi.kz/shop/p/apple-iphone-17-256gb-zelenyi-podarok-168157386/?c=750000000
168157120,Apple iPhone 17 256Gb белый + подарок (Apple EarPods USB-C White + Apple Power Adapter 20w),Apple,569897,Sirius,04.10.2026 | 18:25:44,https://kaspi.kz/shop/p/apple-iphone-17-256gb-belyi-podarok-168157120/?c=750000000
169617939,Apple iPhone 17 8 ГБ/256 ГБ черный + подарок,Apple,631128,Мобитайм,04.10.2026 | 18:25:44,https://kaspi.kz/shop/p/apple-iphone-17-8-gb-256-gb-chernyi-podarok-169617939/?c=750000000
106363220,Смартфон Apple iPhone 14 Plus 128Gb NanoSIM+eSIM голубой,Apple,500000,FONIQ,04.10.2026 | 18:25:44,https://kaspi.kz/shop/p/apple-iphone-14-plus-128gb-nanosim-esim-goluboi-106363220/?c=750000000
177319164,Смартфон Apple iPhone 18 Pro Max 512Gb NanoSIM+eSIM черный,Apple,1450000,SMART ELECTRONICS,04.10.2026 | 18:25:53,https://kaspi.kz/shop/p/apple-iphone-18-pro-max-512gb-nanosim-esim-chernyi-177319164/?c=750000000
177318461,Смартфон Apple iPhone 18 Pro 2Tb NanoSIM+eSIM голубой,Apple,1750000,MaxPhoneStore,04.10.2026 | 18:25:53,https://kaspi.kz/shop/p/apple-iphone-18-pro-2tb-nanosim-esim-goluboi-177318461/?c=750000000
167231212,Смартфон Apple iPhone 17 8 ГБ/256 ГБ фиолетовый + подарок,Apple,704108,SmartDuken,04.10.2026 | 18:25:53,https://kaspi.kz/shop/p/apple-iphone-17-8-gb-256-gb-fioletovyi-podarok-167231212/?c=750000000
168036532,Apple iPhone 17 Pro Max 256Gb серебристый + подарок,Apple,1137990,Lynx,04.10.2026 | 18:25:53,https://kaspi.kz/shop/p/apple-iphone-17-pro-max-256gb-serebristyi-podarok-168036532/?c=750000000
106363233,Apple iPhone 14 Plus 256Gb NanoSIM+eSIM starlight,Apple,525000,Мобитайм,04.10.2026 | 18:25:53,https://kaspi.kz/shop/p/apple-iphone-14-plus-256gb-nanosim-esim-starlight-106363233/?c=750000000
154660631,Apple iPhone 17 256Gb зеленый + подарок (Яндекс Плюс 12 месяцев),Apple,559897,Sirius,04.10.2026 | 18:25:53,https://kaspi.kz/shop/p/apple-iphone-17-256gb-nanosim-esim-zelenyi-podarok-154660631/?c=750000000
143710755,Apple iPhone 16 Pro Max 256Gb NanoSIM+eSIM золотистый + подарок,Apple,754756,Zest Store,04.10.2026 | 18:25:53,https://kaspi.kz/shop/p/apple-iphone-16-pro-max-256gb-nanosim-esim-zolotistyi-podarok-143710755/?c=750000000
171515043,Apple iPhone 17 Pro Max 256 APPLE5_GIFT_A20W_YA36 CosmicOrange,Apple,845990,NOVAMART,04.10.2026 | 18:25:53,https://kaspi.kz/shop/p/apple-iphone-17-pro-max-256-gb-oranzhevyi-podarok-171515043/?c=750000000
147262278,Смартфон Apple iPhone 16 128Gb NanoSIM+eSIM белый + подарок,Apple,549000,UMMAH STORE,04.10.2026 | 18:25:53,https://kaspi.kz/shop/p/apple-iphone-16-128gb-nanosim-esim-belyi-podarok-147262278/?c=750000000
106363281,Apple iPhone 14 Pro 128Gb NanoSIM+eSIM золотистый,Apple,645777,CN-MARKET,04.10.2026 | 18:25:53,https://kaspi.kz/shop/p/apple-iphone-14-pro-128gb-nanosim-esim-zolotistyi-106363281/?c=750000000
167733871,Смартфон Apple iPhone 16 128Gb черный + подарок,Apple,729991,MOBILS,04.10.2026 | 18:25:53,https://kaspi.kz/shop/p/apple-iphone-16-128gb-chernyi-podarok-167733871/?c=750000000
124338528,Apple iPhone 16 Pro Max 1Tb Dual eSim золотистый,Apple,1029978,Mobile_Shop,04.10.2026 | 18:25:53,https://kaspi.kz/shop/p/apple-iphone-16-pro-max-1tb-dual-esim-zolotistyi-124338528/?c=750000000
171514840,Apple iPhone 17 256 GB черный + подарок (Яндекс Плюс 36 месяцев + Адаптер Apple 20W),Apple,579900,Sirius,04.10.2026 | 18:26:01,https://kaspi.kz/shop/p/apple-iphone-17-256-gb-chernyi-podarok-171514840/?c=750000000
167729069,Смартфон Apple iPhone 17 256Gb фиолетовый + подарок,Apple,855298,SmartDuken,04.10.2026 | 18:26:01,https://kaspi.kz/shop/p/apple-iphone-17-256gb-fioletovyi-podarok-167729069/?c=750000000
152004458,Смартфон Apple iPhone 17 256Gb Dual eSim голубой + подарок,Apple,619142,SmartDuken,04.10.2026 | 18:26:01,https://kaspi.kz/shop/p/apple-iphone-17-256gb-dual-esim-goluboi-podarok-152004458/?c=750000000
167239399,Смартфон Apple iPhone 15 128Gb синий + подарок,Apple,468992,MOBILS,04.10.2026 | 18:26:01,https://kaspi.kz/shop/p/apple-iphone-15-128gb-sinii-podarok-167239399/?c=750000000
167487184,Apple iPhone 17 Pro Max 256 APPLE1_GIFT_A20W_PODS_YA12 Silver,Apple,907753,NOVAMART,04.10.2026 | 18:26:01,https://kaspi.kz/shop/p/apple-iphone-17-pro-max-256gb-serebristyi-podarok-167487184/?c=750000000
169699834,Смартфон Apple iPhone 17 Pro Max 12/256GB Silver Чехол Apple для iPhone 17 Pro Max Silicone Case with MagSafe – Black MGFR4ZM/A,Apple,789980,Sulpаk,04.10.2026 | 18:26:01,https://kaspi.kz/shop/p/apple-iphone-17-pro-max-12-gb-256-gb-serebristyi-podarok-169699834/?c=750000000
171514590,Смартфон Apple iPhone 17 256 GB черный + подарок,Apple,678000,UMMAH STORE,04.10.2026 | 18:26:01,https://kaspi.kz/shop/p/apple-iphone-17-256-gb-chernyi-podarok-171514590/?c=750000000
167455469,Apple iPhone 17 Pro Max 512 APPLE1_GIFT_A20W_EAR_YA12 DeepBlue,Apple,959869,NOVAMART,04.10.2026 | 18:26:01,https://kaspi.kz/shop/p/apple-iphone-17-pro-max-512gb-temno-sinii-podarok-167455469/?c=750000000
113589030,Apple iPhone 15 Pro 128Gb Dual Sim серый,Apple,748000,UMMAH STORE,04.10.2026 | 18:26:01,https://kaspi.kz/shop/p/apple-iphone-15-pro-128gb-dual-sim-seryi-113589030/?c=750000000
124338649,Apple iPhone 16 Plus 256Gb Dual eSim белый,Apple,629606,ZAKSTOR,04.10.2026 | 18:26:01,https://kaspi.kz/shop/p/apple-iphone-16-plus-256gb-dual-esim-belyi-124338649/?c=750000000
169618192,Apple iPhone 17 Pro 256 APPLE4_GIFT_A20W_17PCLE CosmicOrange,Apple,758459,NOVAMART,04.10.2026 | 18:26:01,https://kaspi.kz/shop/p/apple-iphone-17-pro-12-gb-256-gb-oranzhevyi-podarok-169618192/?c=750000000
152720226,Apple iPhone 17 256Gb зеленый + подарок (Яндекс Плюс 24 месяцев),Apple,558995,Sirius,04.10.2026 | 18:26:01,https://kaspi.kz/shop/p/apple-iphone-17-256gb-nanosim-esim-zelenyi-podarok-152720226/?c=750000000
152032470,Смартфон Apple iPhone 17 Pro Max Dual eSim 2Tb ГБ серебристый + подарок,Apple,1397777,CN-MARKET,04.10.2026 | 18:26:17,https://kaspi.kz/shop/p/apple-iphone-17-pro-max-dual-esim-2tb-gb-serebristyi-podarok-152032470/?c=750000000
168642032,Смартфон Apple iPhone 17 Pro Max 256Gb синий + подарок,Apple,826407,MOBILS,04.10.2026 | 18:26:17,https://kaspi.kz/shop/p/apple-iphone-17-pro-max-256gb-sinii-podarok-168642032/?c=750000000
171515179,Apple iPhone 17 Pro 256 APPLE5_GIFT_A20W_YA36 Silver,Apple,778990,NOVAMART,04.10.2026 | 18:26:17,https://kaspi.kz/shop/p/apple-iphone-17-pro-256-gb-serebristyi-podarok-171515179/?c=750000000
168861154,Apple iPhone 17 Pro 1Tb APPLE2_GIFT_A20W_EAR CosmicOrange,Apple,999999,NOVAMART,04.10.2026 | 18:26:17,https://kaspi.kz/shop/p/apple-iphone-17-pro-1tb-oranzhevyi-podarok-168861154/?c=750000000
167487250,Apple iPhone 17 Pro Max 256 APPLE1_GIFT_A20W_PODS_YA12 CosmicOrange,Apple,898999,NOVAMART,04.10.2026 | 18:26:17,https://kaspi.kz/shop/p/apple-iphone-17-pro-max-256gb-oranzhevyi-podarok-167487250/?c=750000000
167231175,Смартфон Apple iPhone 17 8 ГБ/256 ГБ зеленый + подарок,Apple,720000,UMMAH STORE,04.10.2026 | 18:26:17,https://kaspi.kz/shop/p/apple-iphone-17-8-gb-256-gb-zelenyi-podarok-167231175/?c=750000000
169618818,Смартфон Apple iPhone 17 Pro Max 12/256GB Deep Blue Адаптер Apple 20W USB-C (MD3J4ZM/A) Чехол Apple для iPhone 17 Pro Max Clear Case with MagSafe MGFW4ZM/A,Apple,793460,Sulpаk,04.10.2026 | 18:26:17,https://kaspi.kz/shop/p/apple-iphone-17-pro-max-12-gb-256-gb-temno-sinii-podarok-169618818/?c=750000000
168664027,Смартфон Apple iPhone 17 Pro 512Gb серебристый + подарок,Apple,960978,Aslan Tel,04.10.2026 | 18:26:17,https://kaspi.kz/shop/p/apple-iphone-17-pro-512gb-serebristyi-podarok-168664027/?c=750000000
171515072,Apple iPhone 17 Pro 256 APPLE5_GIFT_A35WD_YA36 CosmicOrange,Apple,809990,NOVAMART,04.10.2026 | 18:26:17,https://kaspi.kz/shop/p/apple-iphone-17-pro-256-gb-oranzhevyi-podarok-171515072/?c=750000000
167237924,Apple iPhone Air 256 APPLE1_GIFT_A20W_PODS_YA12 SpaceBlack,Apple,708867,NOVAMART,04.10.2026 | 18:26:17,https://kaspi.kz/shop/p/apple-iphone-air-256gb-chernyi-podarok-167237924/?c=750000000
169618925,Смартфон Apple iPhone 17 Pro Max 12/256GB Deep Blue Адаптер Apple 20W USB-C (MD3J4ZM/A) Чехол Apple для iPhone 17 Pro Max Silicone Case with MagSafe – Black MGFR4ZM/A,Apple,774460,Sulpаk,04.10.2026 | 18:26:17,https://kaspi.kz/shop/p/apple-iphone-17-pro-max-12-gb-256-gb-temno-sinii-podarok-169618925/?c=750000000
168158338,Apple iPhone Air 256 APPLE2_GIFT_A20W_EAR SpaceBlack,Apple,620878,NOVAMART,04.10.2026 | 18:26:17,https://kaspi.kz/shop/p/apple-iphone-air-256gb-chernyi-podarok-168158338/?c=750000000
121693446,Apple iPhone 15 256Gb Dual eSim зеленый,Apple,529909,Mobile_Shop,04.10.2026 | 18:26:26,https://kaspi.kz/shop/p/apple-iphone-15-256gb-dual-esim-zelenyi-121693446/?c=750000000
169618723,Смартфон Apple iPhone 17 Pro Max 12 ГБ/256 ГБ оранжевый + подарок,Apple,774459,Best Tech,04.10.2026 | 18:26:26,https://kaspi.kz/shop/p/apple-iphone-17-pro-max-12-gb-256-gb-oranzhevyi-podarok-169618723/?c=750000000
167239225,Смартфон Apple iPhone 15 256Gb черный + подарок,Apple,629909,SmartDuken,04.10.2026 | 18:26:26,https://kaspi.kz/shop/p/apple-iphone-15-256gb-chernyi-podarok-167239225/?c=750000000
168156024,Смартфон Apple iPhone 15 128Gb синий + подарок,Apple,480000,UMMAH STORE 2,04.10.2026 | 18:26:26,https://kaspi.kz/shop/p/apple-iphone-15-128gb-sinii-podarok-168156024/?c=750000000
123890836,Apple iPhone 16 Pro Max 1Tb NanoSIM+eSIM серебристый,Apple,804990,PROFIT-ACTIVE,04.10.2026 | 18:26:26,https://kaspi.kz/shop/p/apple-iphone-16-pro-max-1tb-nanosim-esim-serebristyi-123890836/?c=750000000
177318868,Смартфон Apple iPhone 18 Pro Max 1Tb NanoSIM+eSIM голубой,Apple,1650000,SMART ELECTRONICS,04.10.2026 | 18:26:26,https://kaspi.kz/shop/p/apple-iphone-18-pro-max-1tb-nanosim-esim-goluboi-177318868/?c=750000000
122085259,Apple iPhone 14 Pro 1Tb Dual eSim фиолетовый,Apple,575936,Tizuu,04.10.2026 | 18:26:26,https://kaspi.kz/shop/p/apple-iphone-14-pro-1tb-dual-esim-fioletovyi-122085259/?c=750000000
167238228,Apple iPhone Air 256 APPLE1_GIFT_A20W_EAR_YA12 SpaceBlack,Apple,647095,NOVAMART,04.10.2026 | 18:26:26,https://kaspi.kz/shop/p/apple-iphone-air-256gb-chernyi-podarok-167238228/?c=750000000
113138065,Смартфон Apple iPhone 15 Plus 256Gb NanoSIM+eSIM зеленый,Apple,510700,ASR Market,04.10.2026 | 18:26:26,https://kaspi.kz/shop/p/apple-iphone-15-plus-256gb-nanosim-esim-zelenyi-113138065/?c=750000000
167487178,Смартфон Apple iPhone 17 Pro Max 256Gb оранжевый + подарок,Apple,995707,MOBILS,04.10.2026 | 18:26:26,https://kaspi.kz/shop/p/apple-iphone-17-pro-max-256gb-oranzhevyi-podarok-167487178/?c=750000000
122033663,Смартфон Apple iPhone 14 256Gb Dual eSim черный,Apple,550000,MOBILS,04.10.2026 | 18:26:26,https://kaspi.kz/shop/p/apple-iphone-14-256gb-dual-esim-chernyi-122033663/?c=750000000
169699223,Смартфон Apple iPhone 17 8 ГБ/256 ГБ черный + подарок,Apple,600001,AG shop,04.10.2026 | 18:26:26,https://kaspi.kz/shop/p/apple-iphone-17-8-gb-256-gb-chernyi-podarok-169699223/?c=750000000
167389789,Apple iPhone 17 Pro 512 APPLE1_GIFT_A20W_PODS_YA12 Silver,Apple,987990,NOVAMART,04.10.2026 | 18:26:35,https://kaspi.kz/shop/p/apple-iphone-17-pro-512gb-serebristyi-podarok-167389789/?c=750000000
157280983,Apple iPhone 17 Pro Max 256Gb Dual eSim серебристый + подарок,Apple,778990,Lynx,04.10.2026 | 18:26:35,https://kaspi.kz/shop/p/apple-iphone-17-pro-max-256gb-dual-esim-serebristyi-podarok-157280983/?c=750000000
168641508,Apple iPhone 17 Pro Max 512 APPLE2_GIFT_A20W_PODS CosmicOrange,Apple,1044198,NOVAMART,04.10.2026 | 18:26:35,https://kaspi.kz/shop/p/apple-iphone-17-pro-max-512gb-oranzhevyi-podarok-168641508/?c=750000000
152006043,Apple iPhone 17 256Gb Dual eSim фиолетовый + подарок,Apple,639970,Lynx,04.10.2026 | 18:26:35,https://kaspi.kz/shop/p/apple-iphone-17-256gb-dual-esim-fioletovyi-podarok-152006043/?c=750000000
142747612,Смартфон Apple iPhone 16 Pro Max 512Gb Dual Sim белый,Apple,819988,OZEN,04.10.2026 | 18:26:35,https://kaspi.kz/shop/p/apple-iphone-16-pro-max-512gb-dual-sim-belyi-142747612/?c=750000000
171515011,Apple iPhone 17 Pro Max 256 APPLE5_GIFT_A20W_YA36 Silver,Apple,836999,NOVAMART,04.10.2026 | 18:26:35,https://kaspi.kz/shop/p/apple-iphone-17-pro-max-256-gb-serebristyi-podarok-171515011/?c=750000000
168641845,Apple iPhone 17 Pro Max 256 APPLE2_GIFT_A20W_PPRO Silver,Apple,985921,NOVAMART,04.10.2026 | 18:26:35,https://kaspi.kz/shop/p/apple-iphone-17-pro-max-256gb-serebristyi-podarok-168641845/?c=750000000
114725347,Смартфон Apple iPhone 15 Pro 1Tb Dual Sim белый,Apple,699998,iStore KZ,04.10.2026 | 18:26:35,https://kaspi.kz/shop/p/apple-iphone-15-pro-1tb-dual-sim-belyi-114725347/?c=750000000
168035827,Apple iPhone 17 Pro 1Tb оранжевый + подарок,Apple,1232655,Lynx,04.10.2026 | 18:26:35,https://kaspi.kz/shop/p/apple-iphone-17-pro-1tb-oranzhevyi-podarok-168035827/?c=750000000
168158137,Смартфон Apple iPhone Air 256Gb черный + подарок,Apple,670000,UMMAH STORE,04.10.2026 | 18:26:35,https://kaspi.kz/shop/p/apple-iphone-air-256gb-chernyi-podarok-168158137/?c=750000000
168036060,Смартфон Apple iPhone 17 Pro Max 512Gb серебристый + подарок,Apple,1381000,UMMAH STORE,04.10.2026 | 18:26:35,https://kaspi.kz/shop/p/apple-iphone-17-pro-max-512gb-serebristyi-podarok-168036060/?c=750000000
168642200,Смартфон Apple iPhone 17 Pro Max 1Tb синий + подарок,Apple,1274158,AG shop,04.10.2026 | 18:26:35,https://kaspi.kz/shop/p/apple-iphone-17-pro-max-1tb-sinii-podarok-168642200/?c=750000000
167732841,Смартфон Apple iPhone 17 256Gb черный + подарок,Apple,797219,AG shop,04.10.2026 | 18:26:44,https://kaspi.kz/shop/p/apple-iphone-17-256gb-chernyi-podarok-167732841/?c=750000000
168035047,Apple iPhone 17 Pro 512 APPLE2_GIFT_A20W_PODS_SE3S Silver,Apple,1100001,NOVAMART,04.10.2026 | 18:26:44,https://kaspi.kz/shop/p/apple-iphone-17-pro-512gb-serebristyi-podarok-168035047/?c=750000000
168861089,Apple iPhone 17 Pro 1Tb серебристый + подарок,Apple,1012000,UMMAH STORE,04.10.2026 | 18:26:44,https://kaspi.kz/shop/p/apple-iphone-17-pro-1tb-serebristyi-podarok-168861089/?c=750000000
168156970,Смартфон Apple iPhone 17 256Gb белый + подарок,Apple,658391,MOBILS,04.10.2026 | 18:26:44,https://kaspi.kz/shop/p/apple-iphone-17-256gb-belyi-podarok-168156970/?c=750000000
157281221,Смартфон Apple iPhone 17 Pro Max 256Gb Dual eSim оранжевый + подарок,Apple,810000,UMMAH STORE,04.10.2026 | 18:26:44,https://kaspi.kz/shop/p/apple-iphone-17-pro-max-256gb-dual-esim-oranzhevyi-podarok-157281221/?c=750000000
171514827,Смартфон Apple iPhone 17 256 GB фиолетовый + подарок,Apple,688499,SmartDuken,04.10.2026 | 18:26:44,https://kaspi.kz/shop/p/apple-iphone-17-256-gb-fioletovyi-podarok-171514827/?c=750000000
152029851,Apple iPhone 17 Pro Max 1024Gb Dual eSim оранжевый + подарок (Яндекс Плюс 24 месяцев),Apple,939897,Sirius,04.10.2026 | 18:26:44,https://kaspi.kz/shop/p/apple-iphone-17-pro-max-1024gb-dual-esim-oranzhevyi-podarok-152029851/?c=750000000
172886451,Apple iPhone 17e 512Gb dual eSIM черный,Apple,587999,ZAKSTOR,04.10.2026 | 18:26:44,https://kaspi.kz/shop/p/apple-iphone-17e-512gb-dual-esim-chernyi-172886451/?c=750000000
168642215,,Apple,1189759,SmartDuken,04.10.2026 | 18:26:44,https://kaspi.kz/shop/p/apple-iphone-17-pro-max-1tb-oranzhevyi-podarok-168642215/?c=750000000
167731863,Смартфон Apple iPhone 17 256Gb голубой + подарок,Apple,769991,MOBILS,04.10.2026 | 18:26:44,https://kaspi.kz/shop/p/apple-iphone-17-256gb-goluboi-podarok-167731863/?c=750000000
168036638,Смартфон Apple iPhone 17 Pro Max 1Tb оранжевый + подарок,Apple,1404756,CN-MARKET,04.10.2026 | 18:26:44,https://kaspi.kz/shop/p/apple-iphone-17-pro-max-1tb-oranzhevyi-podarok-168036638/?c=750000000
169618219,Apple iPhone 17 Pro 256 APPLE4_GIFT_A20W_17PBLA CosmicOrange,Apple,753459,NOVAMART,04.10.2026 | 18:26:44,https://kaspi.kz/shop/p/apple-iphone-17-pro-12-gb-256-gb-oranzhevyi-podarok-169618219/?c=750000000
168642164,Смартфон Apple iPhone 17 Pro Max 1Tb оранжевый + подарок,Apple,1378346,AG shop,04.10.2026 | 18:26:53,https://kaspi.kz/shop/p/apple-iphone-17-pro-max-1tb-oranzhevyi-podarok-168642164/?c=750000000
167390625,Apple iPhone 17 Pro 256 APPLE1_GIFT_A20W_PODS_YA12 CosmicOrange,Apple,838999,NOVAMART,04.10.2026 | 18:26:53,https://kaspi.kz/shop/p/apple-iphone-17-pro-256gb-oranzhevyi-podarok-167390625/?c=750000000
152007093,Смартфон Apple iPhone 17 Pro 1024Gb Dual eSim серебристый + подарок,Apple,986991,MOBILS,04.10.2026 | 18:26:53,https://kaspi.kz/shop/p/apple-iphone-17-pro-1024gb-dual-esim-serebristyi-podarok-152007093/?c=750000000
169619158,Apple iPhone 17 Pro Max 12 ГБ/256 ГБ серебристый + подарок,Apple,804458,Mobile_Shop,04.10.2026 | 18:26:53,https://kaspi.kz/shop/p/apple-iphone-17-pro-max-12-gb-256-gb-serebristyi-podarok-169619158/?c=750000000
157279888,Apple iPhone 17 Pro Max 512Gb Dual eSim оранжевый + подарок,Apple,909290,Lynx,04.10.2026 | 18:26:53,https://kaspi.kz/shop/p/apple-iphone-17-pro-max-512gb-dual-esim-oranzhevyi-podarok-157279888/?c=750000000
168861077,Apple iPhone 17 Pro 1Tb синий + подарок,Apple,1197767,Мобитайм,04.10.2026 | 18:26:53,https://kaspi.kz/shop/p/apple-iphone-17-pro-1tb-sinii-podarok-168861077/?c=750000000
167390031,Смартфон Apple iPhone 17 Pro 512Gb оранжевый + подарок,Apple,1053255,MOBILS,04.10.2026 | 18:26:53,https://kaspi.kz/shop/p/apple-iphone-17-pro-512gb-oranzhevyi-podarok-167390031/?c=750000000
171514806,Apple iPhone 17 256 GB голубой + подарок (Яндекс Плюс 36 месяцев + Адаптер Apple 20W),Apple,579900,Sirius,04.10.2026 | 18:26:53,https://kaspi.kz/shop/p/apple-iphone-17-256-gb-goluboi-podarok-171514806/?c=750000000
168035991,Смартфон Apple iPhone 17 Pro Max 512Gb серебристый + подарок,Apple,1196692,MOBILS,04.10.2026 | 18:26:53,https://kaspi.kz/shop/p/apple-iphone-17-pro-max-512gb-serebristyi-podarok-168035991/?c=750000000
169699339,Apple iPhone 17 Pro 256 APPLE4_GIFT_17PBLA Silver,Apple,749990,NOVAMART,04.10.2026 | 18:26:53,https://kaspi.kz/shop/p/apple-iphone-17-pro-12-gb-256-gb-serebristyi-podarok-169699339/?c=750000000
168641863,Смартфон Apple iPhone 17 Pro Max 256Gb синий + подарок,Apple,969028,BIG SHOP KZ,04.10.2026 | 18:26:53,https://kaspi.kz/shop/p/apple-iphone-17-pro-max-256gb-sinii-podarok-168641863/?c=750000000
169618073,Apple iPhone 17 Pro 256 APPLE4_GIFT_A20W_17PCLE DeepBlue,Apple,758459,NOVAMART,04.10.2026 | 18:26:53,https://kaspi.kz/shop/p/apple-iphone-17-pro-12-gb-256-gb-temno-sinii-podarok-169618073/?c=750000000
133139054,Apple iPhone 16 128Gb Dual Sim зеленый,Apple,497000,SMART TRADE,04.10.2026 | 18:27:02,https://kaspi.kz/shop/p/apple-iphone-16-128gb-dual-sim-zelenyi-133139054/?c=750000000
167239372,Смартфон Apple iPhone 15 128Gb черный + подарок,Apple,570000,UMMAH STORE,04.10.2026 | 18:27:02,https://kaspi.kz/shop/p/apple-iphone-15-128gb-chernyi-podarok-167239372/?c=750000000
147253255,Смартфон Apple iPhone 16 Pro Max 256Gb NanoSIM+eSIM золотистый + подарок,Apple,799990,Zest Store,04.10.2026 | 18:27:02,https://kaspi.kz/shop/p/apple-iphone-16-pro-max-256gb-nanosim-esim-zolotistyi-podarok-147253255/?c=750000000
134233961,Смартфон Apple iPhone 16 128Gb NanoSIM+eSIM белый + подарок,Apple,570000,UMMAH STORE,04.10.2026 | 18:27:02,https://kaspi.kz/shop/p/apple-iphone-16-128gb-nanosim-esim-belyi-podarok-134233961/?c=750000000
167239168,Смартфон Apple iPhone 15 256Gb синий + подарок,Apple,615099,SmartDuken,04.10.2026 | 18:27:02,https://kaspi.kz/shop/p/apple-iphone-15-256gb-sinii-podarok-167239168/?c=750000000
171584389,,Apple,491464,SmartDuken,04.10.2026 | 18:27:02,https://kaspi.kz/shop/p/apple-iphone-15-6-gb-128-gb-chernyi-podarok-171584389/?c=750000000
121703242,Apple iPhone 15 Pro Max 512Gb Dual eSim серый,Apple,899990,Mobile_Shop,04.10.2026 | 18:27:02,https://kaspi.kz/shop/p/apple-iphone-15-pro-max-512gb-dual-esim-seryi-121703242/?c=750000000
171579223,Apple iPhone 15 256 APPLE5_GIFT_A20W_YA36 Black,Apple,560990,NOVAMART,04.10.2026 | 18:27:02,https://kaspi.kz/shop/p/apple-iphone-15-6-gb-256-gb-chernyi-podarok-171579223/?c=750000000
152721123,Apple iPhone 17 Pro Max 2Tb NanoSIM+eSIM темно-синий + подарок,Apple,1315718,PhoneKZ,04.10.2026 | 18:27:02,https://kaspi.kz/shop/p/apple-iphone-17-pro-max-2tb-nanosim-esim-temno-sinii-podarok-152721123/?c=750000000
168156626,Смартфон Apple iPhone 15 256Gb синий + подарок,Apple,598900,UMMAH STORE 2,04.10.2026 | 18:27:02,https://kaspi.kz/shop/p/apple-iphone-15-256gb-sinii-podarok-168156626/?c=750000000
167487567,Смартфон Apple iPhone 17 Pro Max 1Tb темно-синий + подарок,Apple,1354575,SmartDuken,04.10.2026 | 18:27:02,https://kaspi.kz/shop/p/apple-iphone-17-pro-max-1tb-temno-sinii-podarok-167487567/?c=750000000
157460782,Apple iPhone 15 128Gb голубой + подарок (Яндекс Плюс 12 месяцев),Apple,407900,Sirius,04.10.2026 | 18:27:02,https://kaspi.kz/shop/p/apple-iphone-15-128gb-nanosim-esim-goluboi-podarok-157460782/?c=750000000
177318904,Смартфон Apple iPhone 18 Pro Max 2Tb NanoSIM+eSIM голубой,Apple,2000000,SMART ELECTRONICS,04.10.2026 | 18:27:40,https://kaspi.kz/shop/p/apple-iphone-18-pro-max-2tb-nanosim-esim-goluboi-177318904/?c=750000000
152032619,Apple iPhone 17 Pro Max Dual eSim 2Tb синий + подарок (Яндекс Плюс 24 месяцев),Apple,1129900,Sirius,04.10.2026 | 18:27:40,https://kaspi.kz/shop/p/apple-iphone-17-pro-max-dual-esim-2tb-sinii-podarok-152032619/?c=750000000
167231302,Apple iPhone 17 256Gb зеленый+подарок(Apple EarPods USB-C+Apple Power Adapter 20W+Яндекс 12 месяцев),Apple,584897,Sirius,04.10.2026 | 18:27:40,https://kaspi.kz/shop/p/apple-iphone-17-8-gb-256-gb-zelenyi-podarok-167231302/?c=750000000
167238273,Apple iPhone Air 256 APPLE1_GIFT_A20W_EAR_YA12 LightGold,Apple,648990,NOVAMART,04.10.2026 | 18:27:40,https://kaspi.kz/shop/p/apple-iphone-air-256gb-zolotistyi-podarok-167238273/?c=750000000
171514990,Apple iPhone 17 Pro Max 256 APPLE5_GIFT_A35WD_YA36 CosmicOrange,Apple,875990,NOVAMART,04.10.2026 | 18:27:40,https://kaspi.kz/shop/p/apple-iphone-17-pro-max-256-gb-oranzhevyi-podarok-171514990/?c=750000000
178956212,Apple iPhone 17 Pro Max 2Tb APPLE6_GIFT_A40W_EAR_YA24 DeepBlue,Apple,1352990,NOVAMART,04.10.2026 | 18:27:40,https://kaspi.kz/shop/p/apple-iphone-17-pro-max-2tb-temno-sinii-podarok-178956212/?c=750000000
152004327,Apple iPhone 17 256Gb Dual eSim белый + подарок,Apple,689989,Lynx,04.10.2026 | 18:27:40,https://kaspi.kz/shop/p/apple-iphone-17-256gb-dual-esim-belyi-podarok-152004327/?c=750000000
168035211,Apple iPhone 17 Pro 256 APPLE2_GIFT_A20W_PODS_SE3S Silver,Apple,992192,NOVAMART,04.10.2026 | 18:27:40,https://kaspi.kz/shop/p/apple-iphone-17-pro-256gb-serebristyi-podarok-168035211/?c=750000000
167239316,Смартфон Apple iPhone 15 128Gb синий + подарок,Apple,532905,SmartDuken,04.10.2026 | 18:27:40,https://kaspi.kz/shop/p/apple-iphone-15-128gb-sinii-podarok-167239316/?c=750000000
167487650,Смартфон Apple iPhone 17 Pro Max 1Tb серебристый + подарок,Apple,1290000,UMMAH STORE,04.10.2026 | 18:27:40,https://kaspi.kz/shop/p/apple-iphone-17-pro-max-1tb-serebristyi-podarok-167487650/?c=750000000
167643404,Смартфон Apple iPhone Air 512Gb золотистый + подарок,Apple,1033659,SmartDuken,04.10.2026 | 18:27:40,https://kaspi.kz/shop/p/apple-iphone-air-512gb-zolotistyi-podarok-167643404/?c=750000000
168156634,Смартфон Apple iPhone 15 256Gb черный + подарок,Apple,611793,MOBILS,04.10.2026 | 18:27:40,https://kaspi.kz/shop/p/apple-iphone-15-256gb-chernyi-podarok-168156634/?c=750000000
168035682,Смартфон Apple iPhone 17 Pro 1Tb серебристый + подарок,Apple,1346640,SmartDuken,04.10.2026 | 18:27:49,https://kaspi.kz/shop/p/apple-iphone-17-pro-1tb-serebristyi-podarok-168035682/?c=750000000
168035583,Смартфон Apple iPhone 17 Pro 256Gb оранжевый + подарок,Apple,994941,MOBILS,04.10.2026 | 18:27:49,https://kaspi.kz/shop/p/apple-iphone-17-pro-256gb-oranzhevyi-podarok-168035583/?c=750000000
154661269,Смартфон Apple iPhone 17 Dual eSim 256Gb белый + подарок,Apple,620000,UMMAH STORE,04.10.2026 | 18:27:49,https://kaspi.kz/shop/p/apple-iphone-17-dual-esim-256gb-belyi-podarok-154661269/?c=750000000
171675177,Смартфон Apple iPhone Air 12 ГБ/512 ГБ голубой + подарок,Apple,889000,UMMAH STORE,04.10.2026 | 18:27:49,https://kaspi.kz/shop/p/apple-iphone-air-12-gb-512-gb-goluboi-podarok-171675177/?c=750000000
168158155,Apple iPhone Air 256 APPLE2_GIFT_A20W_PODS LightGold,Apple,709990,NOVAMART,04.10.2026 | 18:27:49,https://kaspi.kz/shop/p/apple-iphone-air-256gb-zolotistyi-podarok-168158155/?c=750000000
152720484,Смартфон Apple iPhone 17 512Gb NanoSIM+eSIM фиолетовый + подарок,Apple,769000,UMMAH STORE 2,04.10.2026 | 18:27:49,https://kaspi.kz/shop/p/apple-iphone-17-512gb-nanosim-esim-fioletovyi-podarok-152720484/?c=750000000
171675014,Смартфон Apple iPhone Air 12 ГБ/512 ГБ черный + подарок,Apple,898000,UMMAH STORE,04.10.2026 | 18:27:49,https://kaspi.kz/shop/p/apple-iphone-air-12-gb-512-gb-chernyi-podarok-171675014/?c=750000000
178944694,Apple iPhone 17 Pro 256 APPLE6_GIFT_A40W CosmicOrange,Apple,769990,NOVAMART,04.10.2026 | 18:27:49,https://kaspi.kz/shop/p/apple-iphone-17-pro-256gb-oranzhevyi-podarok-178944694/?c=750000000
167452143,Apple iPhone 17 Pro Max 512 APPLE1_GIFT_A20W_PPRO_YA12 CosmicOrange,Apple,1144990,NOVAMART,04.10.2026 | 18:27:49,https://kaspi.kz/shop/p/apple-iphone-17-pro-max-512gb-oranzhevyi-podarok-167452143/?c=750000000
167729048,Смартфон Apple iPhone 17 256Gb голубой + подарок,Apple,814586,SmartDuken,04.10.2026 | 18:27:49,https://kaspi.kz/shop/p/apple-iphone-17-256gb-goluboi-podarok-167729048/?c=750000000
179005571,Apple iPhone 17 256Gb черный +подарок(Apple EarPods USB-C+Apple Adapter 20W+Яндекс 36 месяцев),Apple,589900,Sirius,04.10.2026 | 18:27:49,https://kaspi.kz/shop/p/apple-iphone-17-256gb-chernyi-podarok-179005571/?c=750000000
167237602,Смартфон Apple iPhone Air 512Gb черный + подарок,Apple,801919,SmartDuken,04.10.2026 | 18:27:49,https://kaspi.kz/shop/p/apple-iphone-air-512gb-chernyi-podarok-167237602/?c=750000000
168159152,Apple iPhone Air 1Tb золотистый + подарок,Apple,859880,Мобитайм,04.10.2026 | 18:27:58,https://kaspi.kz/shop/p/apple-iphone-air-1tb-zolotistyi-podarok-168159152/?c=750000000
167238111,Apple iPhone Air 256 APPLE1_GIFT_A20W_PODS_YA12 LightGold,Apple,702820,NOVAMART,04.10.2026 | 18:27:58,https://kaspi.kz/shop/p/apple-iphone-air-256gb-zolotistyi-podarok-167238111/?c=750000000
169699648,Apple iPhone 17 Pro 256 APPLE4_GIFT_17PBLA DeepBlue,Apple,738979,NOVAMART,04.10.2026 | 18:27:58,https://kaspi.kz/shop/p/apple-iphone-17-pro-12-gb-256-gb-temno-sinii-podarok-169699648/?c=750000000
167391287,Apple iPhone 17 Pro 1Tb APPLE1_GIFT_A20W_EAR_YA12 CosmicOrange,Apple,1020407,NOVAMART,04.10.2026 | 18:27:58,https://kaspi.kz/shop/p/apple-iphone-17-pro-1tb-oranzhevyi-podarok-167391287/?c=750000000
167237325,iPhone Air 512Gb голубой + подарок,Apple,867880,Lynx,04.10.2026 | 18:27:58,https://kaspi.kz/shop/p/apple-iphone-air-512gb-goluboi-podarok-167237325/?c=750000000
167487510,,Apple,1446103,SmartDuken,04.10.2026 | 18:27:58,https://kaspi.kz/shop/p/apple-iphone-17-pro-max-1tb-temno-sinii-podarok-167487510/?c=750000000
170829779,Apple iPhone 17 256Gb голубой + подарок,Apple,639990,Мобитайм,04.10.2026 | 18:27:58,https://kaspi.kz/shop/p/apple-iphone-17-256gb-goluboi-podarok-170829779/?c=750000000
167643888,Apple iPhone Air 256 APPLE2_GIFT_A20W_PODS_SE3S SpaceBlack,Apple,836473,NOVAMART,04.10.2026 | 18:27:58,https://kaspi.kz/shop/p/apple-iphone-air-256gb-chernyi-podarok-167643888/?c=750000000
167239748,Смартфон Apple iPhone 17 512Gb фиолетовый + подарок,Apple,769000,UMMAH STORE,04.10.2026 | 18:27:58,https://kaspi.kz/shop/p/apple-iphone-17-512gb-fioletovyi-podarok-167239748/?c=750000000
157286570,Смартфон Apple iPhone 17 Pro 1024Gb Dual eSim оранжевый + подарок,Apple,1011536,SmartDuken,04.10.2026 | 18:27:58,https://kaspi.kz/shop/p/apple-iphone-17-pro-1024gb-dual-esim-oranzhevyi-podarok-157286570/?c=750000000
167390105,Apple iPhone 17 Pro 256 APPLE1_GIFT_A20W_PPRO_YA12 DeepBlue,Apple,939517,NOVAMART,04.10.2026 | 18:27:58,https://kaspi.kz/shop/p/apple-iphone-17-pro-256gb-temno-sinii-podarok-167390105/?c=750000000
167643328,Смартфон Apple iPhone Air 256Gb голубой + подарок,Apple,882000,UMMAH STORE,04.10.2026 | 18:27:58,https://kaspi.kz/shop/p/apple-iphone-air-256gb-goluboi-podarok-167643328/?c=750000000
157287096,Смартфон Apple iPhone 17 Pro Max 512Gb Dual eSim серебристый + подарок,Apple,1121928,SmartDuken,04.10.2026 | 18:28:09,https://kaspi.kz/shop/p/apple-iphone-17-pro-max-podpiska-jandeks-pljus-na-12-mesjatsev-12-gb-512-gb-serebristyi-157287096/?c=750000000
152032385,Apple iPhone 17 Pro Max Dual eSim 2 Tb оранжевый + подарок (Яндекс Плюс 24 месяцев),Apple,1139900,Sirius,04.10.2026 | 18:28:09,https://kaspi.kz/shop/p/apple-iphone-17-pro-max-dual-esim-2-tb-oranzhevyi-podarok-152032385/?c=750000000
154661201,Смартфон Apple iPhone 17 Dual eSim 256Gb зеленый + подарок,Apple,680000,UMMAH STORE,04.10.2026 | 18:28:09,https://kaspi.kz/shop/p/apple-iphone-17-dual-esim-256gb-zelenyi-podarok-154661201/?c=750000000
168035121,Смартфон Apple iPhone 17 Pro 512Gb темно-синий + подарок,Apple,1386238,MOBILS,04.10.2026 | 18:28:09,https://kaspi.kz/shop/p/apple-iphone-17-pro-512gb-temno-sinii-podarok-168035121/?c=750000000
167451875,Apple iPhone 17 Pro Max 512 APPLE1_GIFT_A20W_PPRO_YA12 DeepBlue,Apple,1144440,NOVAMART,04.10.2026 | 18:28:09,https://kaspi.kz/shop/p/apple-iphone-17-pro-max-512gb-temno-sinii-podarok-167451875/?c=750000000
167389476,Apple iPhone 17 Pro 512 APPLE1_GIFT_A20W_PPRO_YA12 Silver,Apple,1078990,NOVAMART,04.10.2026 | 18:28:09,https://kaspi.kz/shop/p/apple-iphone-17-pro-512gb-serebristyi-podarok-167389476/?c=750000000
171677334,Apple iPhone Air 256 APPLE5_GIFT_A20W_YA36 LightGold,Apple,647979,NOVAMART,04.10.2026 | 18:28:09,https://kaspi.kz/shop/p/apple-iphone-air-12-gb-256-gb-zolotistyi-podarok-171677334/?c=750000000
167728920,Смартфон Apple iPhone 17 512Gb фиолетовый + подарок,Apple,879000,UMMAH STORE,04.10.2026 | 18:28:09,https://kaspi.kz/shop/p/apple-iphone-17-512gb-fioletovyi-podarok-167728920/?c=750000000
152721113,Apple iPhone 17 Pro Max 2Tb NanoSIM+eSIM серебристый + подарок,Apple,1378815,PhoneKZ,04.10.2026 | 18:28:09,https://kaspi.kz/shop/p/apple-iphone-17-pro-max-2tb-nanosim-esim-serebristyi-podarok-152721113/?c=750000000
168158059,Apple iPhone Air 512Gb золотистый + подарок,Apple,958880,Мобитайм,04.10.2026 | 18:28:09,https://kaspi.kz/shop/p/apple-iphone-air-512gb-zolotistyi-podarok-168158059/?c=750000000
152720434,Смартфон Apple iPhone 17 512Gb NanoSIM+eSIM зеленый + подарок,Apple,739900,UMMAH STORE 2,04.10.2026 | 18:28:09,https://kaspi.kz/shop/p/apple-iphone-17-512gb-nanosim-esim-zelenyi-podarok-152720434/?c=750000000
152032223,Смартфон Apple iPhone Air 512Gb голубой + подарок,Apple,798989,SmartDuken,04.10.2026 | 18:28:09,https://kaspi.kz/shop/p/apple-iphone-air-512gb-goluboi-podarok-152032223/?c=750000000
167237361,iPhone Air 512Gb белый + подарок,Apple,899990,Lynx,04.10.2026 | 18:28:19,https://kaspi.kz/shop/p/apple-iphone-air-512gb-belyi-podarok-167237361/?c=750000000
167457895,Apple iPhone 17 Pro Max 2Tb APPLE1_GIFT_A20W_PODS_YA12 CosmicOrange,Apple,1469990,NOVAMART,04.10.2026 | 18:28:19,https://kaspi.kz/shop/p/apple-iphone-17-pro-max-2tb-oranzhevyi-podarok-167457895/?c=750000000
157286958,Apple iPhone 17 Pro 256Gb Dual eSim синий + подарок,Apple,818990,Lynx,04.10.2026 | 18:28:19,https://kaspi.kz/shop/p/apple-iphone-17-pro-256gb-dual-esim-sinii-podarok-157286958/?c=750000000
170828794,,Apple,657009,SmartDuken,04.10.2026 | 18:28:19,https://kaspi.kz/shop/p/apple-iphone-17-256gb-belyi-podarok-170828794/?c=750000000
168035891,Смартфон Apple iPhone 17 Pro 1Tb темно-синий + подарок,Apple,1499777,CN-MARKET,04.10.2026 | 18:28:19,https://kaspi.kz/shop/p/apple-iphone-17-pro-1tb-temno-sinii-podarok-168035891/?c=750000000
167389555,Apple iPhone 17 Pro 512Gb оранжевый + подарок,Apple,1018990,Lynx,04.10.2026 | 18:28:19,https://kaspi.kz/shop/p/apple-iphone-17-pro-512gb-oranzhevyi-podarok-167389555/?c=750000000
178957475,Apple iPhone 17 256Gb голубой + подарок (Яндекс Плюс 36 месяцев),Apple,564900,Sirius,04.10.2026 | 18:28:19,https://kaspi.kz/shop/p/apple-iphone-17-256gb-goluboi-podarok-178957475/?c=750000000
179005714,Apple iPhone 17 256Gb зеленый +подарок(Apple EarPods USB-C+Apple Adapter 20W+Яндекс 36 месяцев),Apple,589900,Sirius,04.10.2026 | 18:28:19,https://kaspi.kz/shop/p/apple-iphone-17-256gb-zelenyi-podarok-179005714/?c=750000000
178943801,Apple iPhone 17 Pro Max 2Tb APPLE6_GIFT_A40W Silver,Apple,1389990,NOVAMART,04.10.2026 | 18:28:19,https://kaspi.kz/shop/p/apple-iphone-17-pro-max-2tb-serebristyi-podarok-178943801/?c=750000000
147534050,Apple iPhone Air 256 APPLE_GIFT_YA12 LightGold,Apple,623990,NOVAMART,04.10.2026 | 18:28:19,https://kaspi.kz/shop/p/apple-iphone-air-256gb-zolotistyi-podarok-147534050/?c=750000000
171514777,Apple iPhone 17 256 GB зеленый + подарок (Яндекс Плюс 36 месяцев + Адаптер Apple 20W),Apple,579900,Sirius,04.10.2026 | 18:28:19,https://kaspi.kz/shop/p/apple-iphone-17-256-gb-zelenyi-podarok-171514777/?c=750000000
167230973,Смартфон Apple iPhone 17 8 ГБ/512 ГБ белый + подарок,Apple,829698,AG shop,04.10.2026 | 18:28:19,https://kaspi.kz/shop/p/apple-iphone-17-8-gb-512-gb-belyi-podarok-167230973/?c=750000000
171514443,Смартфон Apple iPhone 17 256 GB зеленый + подарок,Apple,679000,UMMAH STORE,04.10.2026 | 18:28:28,https://kaspi.kz/shop/p/apple-iphone-17-256-gb-zelenyi-podarok-171514443/?c=750000000
171677484,Смартфон Apple iPhone Air 12 ГБ/256 ГБ белый + подарок,Apple,660000,SmartDuken,04.10.2026 | 18:28:28,https://kaspi.kz/shop/p/apple-iphone-air-12-gb-256-gb-belyi-podarok-171677484/?c=750000000
179011665,Apple iPhone Air 256 APPLE6_GIFT_A40W SpaceBlack,Apple,638990,NOVAMART,04.10.2026 | 18:28:28,https://kaspi.kz/shop/p/apple-iphone-air-256gb-chernyi-podarok-179011665/?c=750000000
168641326,Смартфон Apple iPhone 17 Pro Max 512Gb серебристый + подарок,Apple,1257999,SmartDuken,04.10.2026 | 18:28:28,https://kaspi.kz/shop/p/apple-iphone-17-pro-max-512gb-serebristyi-podarok-168641326/?c=750000000
167487730,Смартфон Apple iPhone 17 Pro Max 1Tb оранжевый + подарок,Apple,1304804,SmartDuken,04.10.2026 | 18:28:28,https://kaspi.kz/shop/p/apple-iphone-17-pro-max-1tb-oranzhevyi-podarok-167487730/?c=750000000
167644082,iPhone Air 1Tb белый + подарок,Apple,1079990,Lynx,04.10.2026 | 18:28:28,https://kaspi.kz/shop/p/apple-iphone-air-1tb-belyi-podarok-167644082/?c=750000000
168665123,Apple iPhone 17 Pro 256Gb оранжевый + подарок,Apple,869000,UMMAH STORE,04.10.2026 | 18:28:28,https://kaspi.kz/shop/p/apple-iphone-17-pro-256gb-oranzhevyi-podarok-168665123/?c=750000000
168156944,Смартфон Apple iPhone 17 512Gb фиолетовый + подарок,Apple,771000,UMMAH STORE,04.10.2026 | 18:28:28,https://kaspi.kz/shop/p/apple-iphone-17-512gb-fioletovyi-podarok-168156944/?c=750000000
157461388,Apple iPhone 17 Pro Max Dual eSim 2048Gb оранжевый + подарок,Apple,1279990,Techno Lider,04.10.2026 | 18:28:28,https://kaspi.kz/shop/p/apple-iphone-17-pro-max-dual-esim-2048gb-oranzhevyi-podarok-157461388/?c=750000000
168036108,Apple iPhone 17 Pro Max 2Tb APPLE2_GIFT_A20W_PODS_SE3S Silver,Apple,1628990,NOVAMART,04.10.2026 | 18:28:28,https://kaspi.kz/shop/p/apple-iphone-17-pro-max-2tb-serebristyi-podarok-168036108/?c=750000000
168642133,,Apple,1503828,SmartDuken,04.10.2026 | 18:28:28,https://kaspi.kz/shop/p/apple-iphone-17-pro-max-1tb-serebristyi-podarok-168642133/?c=750000000
154661186,Смартфон Apple iPhone 17 Dual eSim 256Gb фиолетовый + подарок,Apple,679999,AG shop,04.10.2026 | 18:28:28,https://kaspi.kz/shop/p/apple-iphone-17-dual-esim-256gb-fioletovyi-podarok-154661186/?c=750000000
168158108,Смартфон Apple iPhone Air 512Gb золотистый + подарок,Apple,776999,SmartDuken,04.10.2026 | 18:28:37,https://kaspi.kz/shop/p/apple-iphone-air-512gb-zolotistyi-podarok-168158108/?c=750000000
167238142,Смартфон Apple iPhone Air 256Gb белый + подарок,Apple,742278,SmartDuken,04.10.2026 | 18:28:37,https://kaspi.kz/shop/p/apple-iphone-air-256gb-belyi-podarok-167238142/?c=750000000
171514881,Apple iPhone 17 Pro Max 256 APPLE5_GIFT_A35WD_YA36 Silver,Apple,867990,NOVAMART,04.10.2026 | 18:28:37,https://kaspi.kz/shop/p/apple-iphone-17-pro-max-256-gb-serebristyi-podarok-171514881/?c=750000000
178949085,Apple iPhone 17 Pro 256 APPLE6_GIFT_A40W_EAR DeepBlue,Apple,781990,NOVAMART,04.10.2026 | 18:28:37,https://kaspi.kz/shop/p/apple-iphone-17-pro-256gb-temno-sinii-podarok-178949085/?c=750000000
152028151,Смартфон Apple iPhone Air 256Gb голубой + подарок,Apple,688998,AG shop,04.10.2026 | 18:28:37,https://kaspi.kz/shop/p/apple-iphone-air-256gb-goluboi-podarok-152028151/?c=750000000
171677188,Смартфон Apple iPhone Air 12 ГБ/256 ГБ голубой + подарок,Apple,651000,UMMAH STORE 2,04.10.2026 | 18:28:37,https://kaspi.kz/shop/p/apple-iphone-air-12-gb-256-gb-goluboi-podarok-171677188/?c=750000000
167456767,Apple iPhone 17 Pro Max 2Tb APPLE1_GIFT_A20W_PPRO_YA12 DeepBlue,Apple,1498990,NOVAMART,04.10.2026 | 18:28:37,https://kaspi.kz/shop/p/apple-iphone-17-pro-max-2tb-temno-sinii-podarok-167456767/?c=750000000
168159147,iPhone Air 1Tb голубой + подарок,Apple,818818,Lynx,04.10.2026 | 18:28:37,https://kaspi.kz/shop/p/apple-iphone-air-1tb-goluboi-podarok-168159147/?c=750000000
167390146,Apple iPhone 17 Pro 256 APPLE1_GIFT_A20W_PPRO_YA12 CosmicOrange,Apple,940990,NOVAMART,04.10.2026 | 18:28:37,https://kaspi.kz/shop/p/apple-iphone-17-pro-256gb-oranzhevyi-podarok-167390146/?c=750000000
178956094,Apple iPhone 17 Pro Max 256 APPLE6_GIFT_A40W Silver,Apple,827990,NOVAMART,04.10.2026 | 18:28:37,https://kaspi.kz/shop/p/apple-iphone-17-pro-max-256gb-serebristyi-podarok-178956094/?c=750000000
168641364,Apple iPhone 17 Pro Max 512 APPLE2_GIFT_A20W_PPRO CosmicOrange,Apple,1135990,NOVAMART,04.10.2026 | 18:28:37,https://kaspi.kz/shop/p/apple-iphone-17-pro-max-512gb-oranzhevyi-podarok-168641364/?c=750000000
168156821,Смартфон Apple iPhone 17 512Gb черный + подарок,Apple,890000,MOBILS,04.10.2026 | 18:28:37,https://kaspi.kz/shop/p/apple-iphone-17-512gb-chernyi-podarok-168156821/?c=750000000
168158092,Apple iPhone Air 512Gb белый + подарок,Apple,989940,Мобитайм,04.10.2026 | 18:28:47,https://kaspi.kz/shop/p/apple-iphone-air-512gb-belyi-podarok-168158092/?c=750000000
178945480,Apple iPhone 17 Pro 256 APPLE6_GIFT_A40W Silver,Apple,768990,NOVAMART,04.10.2026 | 18:28:47,https://kaspi.kz/shop/p/apple-iphone-17-pro-256gb-serebristyi-podarok-178945480/?c=750000000
167644101,Смартфон Apple iPhone Air 1Tb голубой + подарок,Apple,993999,SmartDuken,04.10.2026 | 18:28:47,https://kaspi.kz/shop/p/apple-iphone-air-1tb-goluboi-podarok-167644101/?c=750000000
168036575,Смартфон Apple iPhone 17 Pro Max 256Gb оранжевый + подарок,Apple,1032078,AG shop,04.10.2026 | 18:28:47,https://kaspi.kz/shop/p/apple-iphone-17-pro-max-256gb-oranzhevyi-podarok-168036575/?c=750000000
168036121,Apple iPhone 17 Pro Max 2Tb APPLE2_GIFT_A20W_PODS_SE3S DeepBlue,Apple,1565990,NOVAMART,04.10.2026 | 18:28:47,https://kaspi.kz/shop/p/apple-iphone-17-pro-max-2tb-sinii-podarok-168036121/?c=750000000
173319723,Смартфон Apple iPhone 17 Pro 512Gb темно-синий + подарок,Apple,1141000,UMMAH STORE,04.10.2026 | 18:28:47,https://kaspi.kz/shop/p/apple-iphone-17-pro-512gb-temno-sinii-podarok-173319723/?c=750000000
168641811,Apple iPhone 17 Pro Max 2Tb APPLE2_GIFT_A20W_EAR Silver,Apple,1391990,NOVAMART,04.10.2026 | 18:28:47,https://kaspi.kz/shop/p/apple-iphone-17-pro-max-2tb-serebristyi-podarok-168641811/?c=750000000
168860639,Смартфон Apple iPhone 17 Pro 1Tb синий + подарок,Apple,1259777,CN-MARKET,04.10.2026 | 18:28:47,https://kaspi.kz/shop/p/apple-iphone-17-pro-1tb-sinii-podarok-168860639/?c=750000000
168641633,Apple iPhone 17 Pro Max 2Tb APPLE2_GIFT_A20W_PPRO DeepBlue,Apple,1489990,NOVAMART,04.10.2026 | 18:28:47,https://kaspi.kz/shop/p/apple-iphone-17-pro-max-2tb-sinii-podarok-168641633/?c=750000000
152006994,Смартфон Apple iPhone 17 512Gb Dual eSim голубой + подарок,Apple,797500,UMMAH STORE 2,04.10.2026 | 18:28:47,https://kaspi.kz/shop/p/apple-iphone-17-512gb-dual-esim-goluboi-podarok-152006994/?c=750000000
167390366,Apple iPhone 17 Pro 256 APPLE1_GIFT_A20W_PODS_YA12 DeepBlue,Apple,848990,NOVAMART,04.10.2026 | 18:28:47,https://kaspi.kz/shop/p/apple-iphone-17-pro-256gb-temno-sinii-podarok-167390366/?c=750000000
168641364,Apple iPhone 17 Pro Max 512 APPLE2_GIFT_A20W_PPRO CosmicOrange,Apple,1135990,NOVAMART,04.10.2026 | 18:28:47,https://kaspi.kz/shop/p/apple-iphone-17-pro-max-512gb-oranzhevyi-podarok-168641364/?c=750000000
168158050,Смартфон Apple iPhone Air 512Gb голубой + подарок,Apple,863498,SmartDuken,04.10.2026 | 18:28:55,https://kaspi.kz/shop/p/apple-iphone-air-512gb-goluboi-podarok-168158050/?c=750000000
178954530,Apple iPhone 17 Pro Max 256 APPLE6_GIFT_A40W_EAR_YA24 CosmicOrange,Apple,860990,NOVAMART,04.10.2026 | 18:28:55,https://kaspi.kz/shop/p/apple-iphone-17-pro-max-256gb-oranzhevyi-podarok-178954530/?c=750000000
152720515,Смартфон Apple iPhone 17 512Gb NanoSIM+eSIM черный + подарок,Apple,792000,UMMAH STORE,04.10.2026 | 18:28:55,https://kaspi.kz/shop/p/apple-iphone-17-512gb-nanosim-esim-chernyi-podarok-152720515/?c=750000000
168035874,Apple iPhone 17 Pro 1Tb серебристый + подарок,Apple,1290000,UMMAH STORE,04.10.2026 | 18:28:55,https://kaspi.kz/shop/p/apple-iphone-17-pro-1tb-serebristyi-podarok-168035874/?c=750000000
168035794,Смартфон Apple iPhone 17 Pro 1Tb темно-синий + подарок,Apple,1499777,CN-MARKET,04.10.2026 | 18:28:55,https://kaspi.kz/shop/p/apple-iphone-17-pro-1tb-temno-sinii-podarok-168035794/?c=750000000
179005529,Apple iPhone 17 256Gb голубой +подарок(Apple EarPods USB-C+Apple Power Adapter 20W+Яндекс 24 месяца),Apple,587900,Sirius,04.10.2026 | 18:28:55,https://kaspi.kz/shop/p/apple-iphone-17-256gb-goluboi-podarok-179005529/?c=750000000
167231085,Смартфон Apple iPhone 17 8 ГБ/512 ГБ черный + подарок,Apple,829998,AG shop,04.10.2026 | 18:28:55,https://kaspi.kz/shop/p/apple-iphone-17-8-gb-512-gb-chernyi-podarok-167231085/?c=750000000
168035140,Apple iPhone 17 Pro 512Gb серебристый + подарок,Apple,1327188,Lynx,04.10.2026 | 18:28:55,https://kaspi.kz/shop/p/apple-iphone-17-pro-512gb-serebristyi-podarok-168035140/?c=750000000
167643973,Apple iPhone Air 512Gb голубой + подарок,Apple,1085990,Мобитайм,04.10.2026 | 18:28:55,https://kaspi.kz/shop/p/apple-iphone-air-512gb-goluboi-podarok-167643973/?c=750000000
152721104,Apple iPhone 17 Pro Max 2Tb APPLE_GIFT_YA24 CosmicOrange,Apple,1379318,NOVAMART,04.10.2026 | 18:28:55,https://kaspi.kz/shop/p/apple-iphone-17-pro-max-2tb-nanosim-esim-oranzhevyi-podarok-152721104/?c=750000000
169699379,Apple iPhone 17 Pro 256 APPLE4_GIFT_17PCLE Silver,Apple,782990,NOVAMART,04.10.2026 | 18:28:55,https://kaspi.kz/shop/p/apple-iphone-17-pro-12-gb-256-gb-serebristyi-podarok-169699379/?c=750000000
167452890,Apple iPhone 17 Pro Max 512 APPLE1_GIFT_A20W_PODS_YA12 CosmicOrange,Apple,1052990,NOVAMART,04.10.2026 | 18:28:55,https://kaspi.kz/shop/p/apple-iphone-17-pro-max-512gb-oranzhevyi-podarok-167452890/?c=750000000
167389503,Apple iPhone 17 Pro 512Gb темно-синий + подарок,Apple,1139996,Lynx,04.10.2026 | 18:29:12,https://kaspi.kz/shop/p/apple-iphone-17-pro-512gb-temno-sinii-podarok-167389503/?c=750000000
168860499,Смартфон Apple iPhone 17 Pro 512Gb серебристый + подарок,Apple,1051110,Aslan Tel,04.10.2026 | 18:29:12,https://kaspi.kz/shop/p/apple-iphone-17-pro-512gb-serebristyi-podarok-168860499/?c=750000000
168156960,Apple iPhone 17 512Gb черный + подарок,Apple,829790,Мобитайм,04.10.2026 | 18:29:12,https://kaspi.kz/shop/p/apple-iphone-17-512gb-chernyi-podarok-168156960/?c=750000000
167643360,Apple iPhone Air 256Gb белый + подарок,Apple,885066,Мобитайм,04.10.2026 | 18:29:12,https://kaspi.kz/shop/p/apple-iphone-air-256gb-belyi-podarok-167643360/?c=750000000
157286734,Apple iPhone 17 Pro 512Gb Dual eSim серебристый + подарок,Apple,893990,Lynx,04.10.2026 | 18:29:12,https://kaspi.kz/shop/p/apple-iphone-17-pro-512gb-dual-esim-serebristyi-podarok-157286734/?c=750000000
178946816,Apple iPhone 17 Pro Max 2Tb APPLE6_GIFT_A40W_EAR DeepBlue,Apple,1339990,NOVAMART,04.10.2026 | 18:29:12,https://kaspi.kz/shop/p/apple-iphone-17-pro-max-2tb-temno-sinii-podarok-178946816/?c=750000000
167391251,Смартфон Apple iPhone 17 Pro 1Tb серебристый + подарок,Apple,1199777,CN-MARKET,04.10.2026 | 18:29:12,https://kaspi.kz/shop/p/apple-iphone-17-pro-1tb-serebristyi-podarok-167391251/?c=750000000
167643301,Смартфон Apple iPhone Air 512Gb черный + подарок,Apple,970042,AG shop,04.10.2026 | 18:29:12,https://kaspi.kz/shop/p/apple-iphone-air-512gb-chernyi-podarok-167643301/?c=750000000
168158364,Apple iPhone Air 256 APPLE2_GIFT_A20W_EAR LightGold,Apple,630999,NOVAMART,04.10.2026 | 18:29:12,https://kaspi.kz/shop/p/apple-iphone-air-256gb-zolotistyi-podarok-168158364/?c=750000000
178955284,Apple iPhone 17 Pro Max 2Tb APPLE6_GIFT_A40W_EAR_YA24 Silver,Apple,1415990,NOVAMART,04.10.2026 | 18:29:12,https://kaspi.kz/shop/p/apple-iphone-17-pro-max-2tb-serebristyi-podarok-178955284/?c=750000000
167728632,Apple iPhone 17 512Gb зеленый + подарок,Apple,999980,Мобитайм,04.10.2026 | 18:29:12,https://kaspi.kz/shop/p/apple-iphone-17-512gb-zelenyi-podarok-167728632/?c=750000000
167643318,Смартфон Apple iPhone Air 256Gb белый + подарок,Apple,987732,AG shop,04.10.2026 | 18:29:12,https://kaspi.kz/shop/p/apple-iphone-air-256gb-belyi-podarok-167643318/?c=750000000
168159160,iPhone Air 1Tb белый + подарок,Apple,820990,Lynx,04.10.2026 | 18:29:21,https://kaspi.kz/shop/p/apple-iphone-air-1tb-belyi-podarok-168159160/?c=750000000
171676659,Apple iPhone Air 256 APPLE5_GIFT_A35WD_YA36 LightGold,Apple,677990,NOVAMART,04.10.2026 | 18:29:21,https://kaspi.kz/shop/p/apple-iphone-air-12-gb-256-gb-zolotistyi-podarok-171676659/?c=750000000
167390292,Apple iPhone 17 Pro 256 APPLE1_GIFT_A20W_PODS_YA12 Silver,Apple,848990,NOVAMART,04.10.2026 | 18:29:21,https://kaspi.kz/shop/p/apple-iphone-17-pro-256gb-serebristyi-podarok-167390292/?c=750000000
168664627,Apple iPhone 17 Pro 512Gb синий + подарок,Apple,1059808,Мобитайм,04.10.2026 | 18:29:21,https://kaspi.kz/shop/p/apple-iphone-17-pro-512gb-sinii-podarok-168664627/?c=750000000
167734728,iPhone Air 512Gb черный + подарок,Apple,1002790,Lynx,04.10.2026 | 18:29:21,https://kaspi.kz/shop/p/apple-iphone-air-512gb-chernyi-podarok-167734728/?c=750000000
171514370,Смартфон Apple iPhone 17 256 GB белый + подарок,Apple,674989,SmartDuken,04.10.2026 | 18:29:21,https://kaspi.kz/shop/p/apple-iphone-17-256-gb-belyi-podarok-171514370/?c=750000000
167729192,,Apple,855000,SmartDuken,04.10.2026 | 18:29:21,https://kaspi.kz/shop/p/apple-iphone-17-256gb-belyi-podarok-167729192/?c=750000000
178955515,Apple iPhone 17 Pro 256 APPLE6_GIFT_A40W DeepBlue,Apple,768990,NOVAMART,04.10.2026 | 18:29:21,https://kaspi.kz/shop/p/apple-iphone-17-pro-256gb-temno-sinii-podarok-178955515/?c=750000000
173319493,Apple iPhone 17 Pro 512 APPLE5_GIFT_A35WD_YA36 Silver,Apple,946990,NOVAMART,04.10.2026 | 18:29:21,https://kaspi.kz/shop/p/apple-iphone-17-pro-512gb-serebristyi-podarok-173319493/?c=750000000
152004780,Смартфон Apple iPhone 17 256Gb Dual eSim зеленый + подарок,Apple,685800,UMMAH STORE 2,04.10.2026 | 18:29:21,https://kaspi.kz/shop/p/apple-iphone-17-256gb-dual-esim-zelenyi-podarok-152004780/?c=750000000
167389915,Apple iPhone 17 Pro 512 APPLE1_GIFT_A20W_EAR_YA12 Silver,Apple,917618,NOVAMART,04.10.2026 | 18:29:21,https://kaspi.kz/shop/p/apple-iphone-17-pro-512gb-serebristyi-podarok-167389915/?c=750000000
167237988,Смартфон Apple iPhone Air 256Gb голубой + подарок,Apple,748998,AG shop,04.10.2026 | 18:29:21,https://kaspi.kz/shop/p/apple-iphone-air-256gb-goluboi-podarok-167237988/?c=750000000
168641571,Apple iPhone 17 Pro Max 2Tb APPLE2_GIFT_A20W_PPRO Silver,Apple,1552979,NOVAMART,04.10.2026 | 18:29:30,https://kaspi.kz/shop/p/apple-iphone-17-pro-max-2tb-serebristyi-podarok-168641571/?c=750000000
157280731,Смартфон Apple iPhone 17 Pro Max 256Gb Dual eSim синий + подарок,Apple,835000,UMMAH STORE,04.10.2026 | 18:29:30,https://kaspi.kz/shop/p/apple-iphone-17-pro-max-256gb-dual-esim-sinii-podarok-157280731/?c=750000000
157286537,Смартфон Apple iPhone 17 Pro 1024Gb Dual eSim серебристый + подарок,Apple,1085000,UMMAH STORE,04.10.2026 | 18:29:30,https://kaspi.kz/shop/p/apple-iphone-17-pro-1024gb-dual-esim-serebristyi-podarok-157286537/?c=750000000
152030745,iPhone Air 512Gb белый + подарок,Apple,798990,Lynx,04.10.2026 | 18:29:30,https://kaspi.kz/shop/p/apple-iphone-air-512gb-belyi-podarok-152030745/?c=750000000
167456937,Apple iPhone 17 Pro Max 2Tb APPLE1_GIFT_A20W_PPRO_YA12 CosmicOrange,Apple,1561990,NOVAMART,04.10.2026 | 18:29:30,https://kaspi.kz/shop/p/apple-iphone-17-pro-max-2tb-oranzhevyi-podarok-167456937/?c=750000000
167391240,Apple iPhone 17 Pro 1Tb APPLE1_GIFT_A20W_PODS_YA12 CosmicOrange,Apple,1090990,NOVAMART,04.10.2026 | 18:29:30,https://kaspi.kz/shop/p/apple-iphone-17-pro-1tb-oranzhevyi-podarok-167391240/?c=750000000
171675790,Смартфон Apple iPhone Air 12 ГБ/512 ГБ голубой + подарок,Apple,889000,UMMAH STORE,04.10.2026 | 18:29:30,https://kaspi.kz/shop/p/apple-iphone-air-12-gb-512-gb-goluboi-podarok-171675790/?c=750000000
168641822,Apple iPhone 17 Pro Max 2Tb APPLE2_GIFT_A20W_EAR DeepBlue,Apple,1328870,NOVAMART,04.10.2026 | 18:29:30,https://kaspi.kz/shop/p/apple-iphone-17-pro-max-2tb-sinii-podarok-168641822/?c=750000000
168861084,Apple iPhone 17 Pro 1Tb APPLE2_GIFT_A20W_PODS CosmicOrange,Apple,1081858,NOVAMART,04.10.2026 | 18:29:30,https://kaspi.kz/shop/p/apple-iphone-17-pro-1tb-oranzhevyi-podarok-168861084/?c=750000000
178945201,Apple iPhone 17 Pro Max 2Tb APPLE6_GIFT_A40W_EAR CosmicOrange,Apple,1402990,NOVAMART,04.10.2026 | 18:29:30,https://kaspi.kz/shop/p/apple-iphone-17-pro-max-2tb-oranzhevyi-podarok-178945201/?c=750000000
178947598,Apple iPhone 17 Pro Max 512 APPLE6_GIFT_A40W_EAR_YA24 DeepBlue,Apple,998990,NOVAMART,04.10.2026 | 18:29:30,https://kaspi.kz/shop/p/apple-iphone-17-pro-max-512gb-temno-sinii-podarok-178947598/?c=750000000
178943656,Apple iPhone 17 Pro Max 512 APPLE6_GIFT_A40W DeepBlue,Apple,972990,NOVAMART,04.10.2026 | 18:29:30,https://kaspi.kz/shop/p/apple-iphone-17-pro-max-512gb-temno-sinii-podarok-178943656/?c=750000000
168159083,Смартфон Apple iPhone Air 1Tb белый + подарок,Apple,876569,SmartDuken,04.10.2026 | 18:29:39,https://kaspi.kz/shop/p/apple-iphone-air-1tb-belyi-podarok-168159083/?c=750000000
168156841,Apple iPhone 17 512Gb зеленый + подарок,Apple,787990,Мобитайм,04.10.2026 | 18:29:39,https://kaspi.kz/shop/p/apple-iphone-17-512gb-zelenyi-podarok-168156841/?c=750000000
167237695,Смартфон Apple iPhone Air 512Gb голубой + подарок,Apple,809980,AG shop,04.10.2026 | 18:29:39,https://kaspi.kz/shop/p/apple-iphone-air-512gb-goluboi-podarok-167237695/?c=750000000
168641835,Apple iPhone 17 Pro Max 2Tb APPLE2_GIFT_A20W_EAR CosmicOrange,Apple,1391990,NOVAMART,04.10.2026 | 18:29:39,https://kaspi.kz/shop/p/apple-iphone-17-pro-max-2tb-oranzhevyi-podarok-168641835/?c=750000000
168641745,Apple iPhone 17 Pro Max 2Tb APPLE2_GIFT_A20W_PPRO CosmicOrange,Apple,1552979,NOVAMART,04.10.2026 | 18:29:39,https://kaspi.kz/shop/p/apple-iphone-17-pro-max-2tb-oranzhevyi-podarok-168641745/?c=750000000
171514705,Apple iPhone 17 256 GB белый + подарок (Яндекс Плюс 36 месяцев + Адаптер Apple 20W),Apple,579900,Sirius,04.10.2026 | 18:29:39,https://kaspi.kz/shop/p/apple-iphone-17-256-gb-belyi-podarok-171514705/?c=750000000
152721199,Смартфон Apple iPhone 17 Pro 512Gb NanoSIM+eSIM темно-синий + подарок,Apple,937820,MOBILS,04.10.2026 | 18:29:39,https://kaspi.kz/shop/p/apple-iphone-17-pro-512gb-nanosim-esim-temno-sinii-podarok-152721199/?c=750000000
167644026,Apple iPhone Air 512Gb белый + подарок,Apple,1099960,Мобитайм,04.10.2026 | 18:29:39,https://kaspi.kz/shop/p/apple-iphone-air-512gb-belyi-podarok-167644026/?c=750000000
152005424,Смартфон Apple iPhone 17 Pro 512Gb Dual eSim синий + подарок,Apple,978642,MOBILS,04.10.2026 | 18:29:39,https://kaspi.kz/shop/p/apple-iphone-17-pro-512gb-dual-esim-sinii-podarok-152005424/?c=750000000
168641763,Apple iPhone 17 Pro Max 2Tb APPLE2_GIFT_A20W_PODS Silver,Apple,1461990,NOVAMART,04.10.2026 | 18:29:39,https://kaspi.kz/shop/p/apple-iphone-17-pro-max-2tb-serebristyi-podarok-168641763/?c=750000000
168641400,Apple iPhone 17 Pro Max 512 APPLE2_GIFT_A20W_PODS DeepBlue,Apple,1043659,NOVAMART,04.10.2026 | 18:29:39,https://kaspi.kz/shop/p/apple-iphone-17-pro-max-512gb-sinii-podarok-168641400/?c=750000000
170829117,Apple iPhone 17 8 ГБ/256 ГБ зеленый  + Адаптер 20Вт USB-C,Apple,554944,Sirius,04.10.2026 | 18:29:39,https://kaspi.kz/shop/p/apple-iphone-17-256gb-zelenyi-podarok-170829117/?c=750000000
168036677,Apple iPhone 17 Pro Max 1Tb серебристый + подарок,Apple,1670000,UMMAH STORE,04.10.2026 | 18:29:48,https://kaspi.kz/shop/p/apple-iphone-17-pro-max-1tb-serebristyi-podarok-168036677/?c=750000000
178855682,Apple A3524 12 ГБ/256 ГБ оранжевый,Apple,729999,Amir.ON,04.10.2026 | 18:29:48,https://kaspi.kz/shop/p/apple-iphone-17-pro-256gb-dual-sim-oranzhevyi-12-gb-256-gb-oranzhevyi-178855682/?c=750000000
170829123,Смартфон Apple iPhone 17 256Gb фиолетовый + подарок,Apple,591108,SmartDuken,04.10.2026 | 18:29:48,https://kaspi.kz/shop/p/apple-iphone-17-256gb-fioletovyi-podarok-170829123/?c=750000000
168860567,Apple iPhone 17 Pro 256 APPLE2_GIFT_A20W_EAR DeepBlue,Apple,761128,NOVAMART,04.10.2026 | 18:29:48,https://kaspi.kz/shop/p/apple-iphone-17-pro-256gb-sinii-podarok-168860567/?c=750000000
168156907,Apple iPhone 17 512Gb голубой + подарок,Apple,790990,Мобитайм,04.10.2026 | 18:29:48,https://kaspi.kz/shop/p/apple-iphone-17-512gb-goluboi-podarok-168156907/?c=750000000
167731935,Apple iPhone 17 256Gb фиолетовый + подарок,Apple,836603,Мобитайм,04.10.2026 | 18:29:48,https://kaspi.kz/shop/p/apple-iphone-17-256gb-fioletovyi-podarok-167731935/?c=750000000
168641558,Apple iPhone 17 Pro Max 512 APPLE2_GIFT_A20W_EAR DeepBlue,Apple,969560,NOVAMART,04.10.2026 | 18:29:48,https://kaspi.kz/shop/p/apple-iphone-17-pro-max-512gb-sinii-podarok-168641558/?c=750000000
167728679,Смартфон Apple iPhone 17 512Gb голубой + подарок,Apple,994000,UMMAH STORE 2,04.10.2026 | 18:29:48,https://kaspi.kz/shop/p/apple-iphone-17-512gb-goluboi-podarok-167728679/?c=750000000
171676288,Смартфон Apple iPhone Air 12 ГБ/512 ГБ белый + подарок,Apple,851000,UMMAH STORE,04.10.2026 | 18:29:48,https://kaspi.kz/shop/p/apple-iphone-air-12-gb-512-gb-belyi-podarok-171676288/?c=750000000
168664701,Apple iPhone 17 Pro 512Gb оранжевый + подарок,Apple,919805,Lynx,04.10.2026 | 18:29:48,https://kaspi.kz/shop/p/apple-iphone-17-pro-512gb-oranzhevyi-podarok-168664701/?c=750000000
168158433,Apple iPhone Air 1Tb черный + подарок,Apple,943382,Мобитайм,04.10.2026 | 18:29:48,https://kaspi.kz/shop/p/apple-iphone-air-1tb-chernyi-podarok-168158433/?c=750000000
152721249,Смартфон Apple iPhone 17 Pro 1024Gb NanoSIM+eSIM темно-синий + подарок,Apple,1047777,CN-MARKET,04.10.2026 | 18:29:48,https://kaspi.kz/shop/p/apple-iphone-17-pro-1024gb-nanosim-esim-temno-sinii-podarok-152721249/?c=750000000
168036039,Смартфон Apple iPhone 17 Pro Max 512Gb оранжевый + подарок,Apple,1207248,AG shop,04.10.2026 | 18:29:57,https://kaspi.kz/shop/p/apple-iphone-17-pro-max-512gb-oranzhevyi-podarok-168036039/?c=750000000
168036087,Смартфон Apple iPhone 17 Pro Max 512Gb оранжевый + подарок,Apple,1443475,AG shop,04.10.2026 | 18:29:57,https://kaspi.kz/shop/p/apple-iphone-17-pro-max-512gb-oranzhevyi-podarok-168036087/?c=750000000
178944264,Apple iPhone 17 Pro 512 APPLE6_GIFT_A40W Silver,Apple,906990,NOVAMART,04.10.2026 | 18:29:57,https://kaspi.kz/shop/p/apple-iphone-17-pro-512gb-serebristyi-podarok-178944264/?c=750000000
173319521,Смартфон Apple iPhone 17 Pro 512Gb темно-синий + подарок,Apple,1141000,UMMAH STORE,04.10.2026 | 18:29:57,https://kaspi.kz/shop/p/apple-iphone-17-pro-512gb-temno-sinii-podarok-173319521/?c=750000000
167238357,Смартфон Apple iPhone Air 1Tb черный + подарок,Apple,1014989,SmartDuken,04.10.2026 | 18:29:57,https://kaspi.kz/shop/p/apple-iphone-air-1tb-chernyi-podarok-167238357/?c=750000000
171514428,Смартфон Apple iPhone 17 256 GB голубой + подарок,Apple,689000,SmartDuken,04.10.2026 | 18:29:57,https://kaspi.kz/shop/p/apple-iphone-17-256-gb-goluboi-podarok-171514428/?c=750000000
167487679,Смартфон Apple iPhone 17 Pro Max 1Tb темно-синий + подарок,Apple,1455532,CN-MARKET,04.10.2026 | 18:29:57,https://kaspi.kz/shop/p/apple-iphone-17-pro-max-1tb-temno-sinii-podarok-167487679/?c=750000000
168158468,Смартфон Apple iPhone Air 1Tb голубой + подарок,Apple,902354,SmartDuken,04.10.2026 | 18:29:57,https://kaspi.kz/shop/p/apple-iphone-air-1tb-goluboi-podarok-168158468/?c=750000000
178945237,Apple iPhone 17 Pro 1Tb APPLE6_GIFT_A40W CosmicOrange,Apple,1010990,NOVAMART,04.10.2026 | 18:29:57,https://kaspi.kz/shop/p/apple-iphone-17-pro-1tb-oranzhevyi-podarok-178945237/?c=750000000
170828983,Смартфон Apple iPhone 17 256Gb фиолетовый + подарок,Apple,638999,SmartDuken,04.10.2026 | 18:29:57,https://kaspi.kz/shop/p/apple-iphone-17-256gb-fioletovyi-podarok-170828983/?c=750000000
157461023,Смартфон Apple iPhone 17 Pro Max Dual eSim 2048Gb синий + подарок,Apple,1290000,UMMAH STORE,04.10.2026 | 18:29:57,https://kaspi.kz/shop/p/apple-iphone-17-pro-max-dual-esim-2048gb-sinii-podarok-157461023/?c=750000000
167728996,Смартфон Apple iPhone 17 256Gb зеленый + подарок,Apple,856390,UMMAH STORE 2,04.10.2026 | 18:29:57,https://kaspi.kz/shop/p/apple-iphone-17-256gb-zelenyi-podarok-167728996/?c=750000000
157286647,Смартфон Apple iPhone 17 Pro 512Gb Dual eSim синий + подарок,Apple,988394,SmartDuken,04.10.2026 | 18:30:09,https://kaspi.kz/shop/p/apple-iphone-17-pro-512gb-dual-esim-sinii-podarok-157286647/?c=750000000
171677021,Apple iPhone Air 256 APPLE5_GIFT_A20W_YA36 SpaceBlack,Apple,647990,NOVAMART,04.10.2026 | 18:30:09,https://kaspi.kz/shop/p/apple-iphone-air-12-gb-256-gb-chernyi-podarok-171677021/?c=750000000
167237286,Смартфон Apple iPhone Air 512Gb черный + подарок,Apple,899980,AG shop,04.10.2026 | 18:30:09,https://kaspi.kz/shop/p/apple-iphone-air-512gb-chernyi-podarok-167237286/?c=750000000
167237793,Смартфон Apple iPhone Air 512Gb золотистый + подарок,Apple,804439,SmartDuken,04.10.2026 | 18:30:09,https://kaspi.kz/shop/p/apple-iphone-air-512gb-zolotistyi-podarok-167237793/?c=750000000
179010013,Apple iPhone Air 256 APPLE6_GIFT_A40W_EAR_YA24 LightGold,Apple,663990,NOVAMART,04.10.2026 | 18:30:09,https://kaspi.kz/shop/p/apple-iphone-air-256gb-zolotistyi-podarok-179010013/?c=750000000
167452358,Смартфон Apple iPhone 17 Pro Max 512Gb серебристый + подарок,Apple,1241548,MOBILS,04.10.2026 | 18:30:09,https://kaspi.kz/shop/p/apple-iphone-17-pro-max-512gb-serebristyi-podarok-167452358/?c=750000000
178957816,Apple iPhone 17 256Gb белый + подарок (Яндекс Плюс 36 месяцев),Apple,564900,Sirius,04.10.2026 | 18:30:09,https://kaspi.kz/shop/p/apple-iphone-17-256gb-belyi-podarok-178957816/?c=750000000
152008543,Смартфон Apple iPhone 17 512Gb Dual eSim зеленый + подарок,Apple,719999,AG shop,04.10.2026 | 18:30:09,https://kaspi.kz/shop/p/apple-iphone-17-512gb-dual-esim-zelenyi-podarok-152008543/?c=750000000
167390049,Apple iPhone 17 Pro 256 APPLE1_GIFT_A20W_PPRO_YA12 Silver,Apple,939528,NOVAMART,04.10.2026 | 18:30:09,https://kaspi.kz/shop/p/apple-iphone-17-pro-256gb-serebristyi-podarok-167390049/?c=750000000
178946654,Apple iPhone 17 Pro Max 256 APPLE6_GIFT_A40W_EAR CosmicOrange,Apple,848990,NOVAMART,04.10.2026 | 18:30:09,https://kaspi.kz/shop/p/apple-iphone-17-pro-max-256gb-oranzhevyi-podarok-178946654/?c=750000000
167238449,iPhone Air 1Tb золотистый + подарок,Apple,968990,Lynx,04.10.2026 | 18:30:09,https://kaspi.kz/shop/p/apple-iphone-air-1tb-zolotistyi-podarok-167238449/?c=750000000
178944853,Apple iPhone 17 Pro 1Tb APPLE6_GIFT_A40W_EAR_YA24 CosmicOrange,Apple,1036990,NOVAMART,04.10.2026 | 18:30:09,https://kaspi.kz/shop/p/apple-iphone-17-pro-1tb-oranzhevyi-podarok-178944853/?c=750000000
168035974,Смартфон Apple iPhone 17 Pro Max 1Tb оранжевый + подарок,Apple,1545523,AG shop,04.10.2026 | 18:30:18,https://kaspi.kz/shop/p/apple-iphone-17-pro-max-1tb-oranzhevyi-podarok-168035974/?c=750000000
178955136,Apple iPhone 17 Pro Max 512 APPLE6_GIFT_A40W_EAR DeepBlue,Apple,985990,NOVAMART,04.10.2026 | 18:30:18,https://kaspi.kz/shop/p/apple-iphone-17-pro-max-512gb-temno-sinii-podarok-178955136/?c=750000000
167462408,Apple iPhone 17 Pro Max 256 APPLE1_GIFT_A20W_PPRO_YA12 Silver,Apple,993232,NOVAMART,04.10.2026 | 18:30:18,https://kaspi.kz/shop/p/apple-iphone-17-pro-max-256gb-serebristyi-podarok-167462408/?c=750000000
171676421,Apple iPhone Air 256 APPLE5_GIFT_A35WD_YA36 SpaceBlack,Apple,677999,NOVAMART,04.10.2026 | 18:30:18,https://kaspi.kz/shop/p/apple-iphone-air-12-gb-256-gb-chernyi-podarok-171676421/?c=750000000
169699844,Смартфон Apple iPhone 17 Pro Max 12/256GB Deep Blue Чехол Apple для iPhone 17 Pro Max Clear Case with MagSafe MGFW4ZM/A,Apple,778980,Sulpаk,04.10.2026 | 18:30:18,https://kaspi.kz/shop/p/apple-iphone-17-pro-max-12-gb-256-gb-temno-sinii-podarok-169699844/?c=750000000
178945397,Apple iPhone 17 Pro 256 APPLE6_GIFT_A40W_EAR CosmicOrange,Apple,778999,NOVAMART,04.10.2026 | 18:30:18,https://kaspi.kz/shop/p/apple-iphone-17-pro-256gb-oranzhevyi-podarok-178945397/?c=750000000
168036362,Смартфон Apple iPhone 17 Pro Max 256Gb синий + подарок,Apple,1035573,MOBILS,04.10.2026 | 18:30:18,https://kaspi.kz/shop/p/apple-iphone-17-pro-max-256gb-sinii-podarok-168036362/?c=750000000
167487144,Apple iPhone 17 Pro Max 256Gb темно-синий + подарок,Apple,1029990,Lynx,04.10.2026 | 18:30:18,https://kaspi.kz/shop/p/apple-iphone-17-pro-max-256gb-temno-sinii-podarok-167487144/?c=750000000
168664436,Apple iPhone 17 Pro 512Gb оранжевый + подарок,Apple,951732,Lynx,04.10.2026 | 18:30:18,https://kaspi.kz/shop/p/apple-iphone-17-pro-512gb-oranzhevyi-podarok-168664436/?c=750000000
178943316,Apple iPhone 17 Pro 1Tb APPLE6_GIFT_A40W_EAR CosmicOrange,Apple,1023990,NOVAMART,04.10.2026 | 18:30:18,https://kaspi.kz/shop/p/apple-iphone-17-pro-1tb-oranzhevyi-podarok-178943316/?c=750000000
168036292,Apple iPhone 17 Pro Max 2Tb синий + подарок,Apple,1690000,UMMAH STORE,04.10.2026 | 18:30:18,https://kaspi.kz/shop/p/apple-iphone-17-pro-max-2tb-sinii-podarok-168036292/?c=750000000
168641342,Apple iPhone 17 Pro Max 512 APPLE2_GIFT_A20W_PPRO DeepBlue,Apple,1134999,NOVAMART,04.10.2026 | 18:30:18,https://kaspi.kz/shop/p/apple-iphone-17-pro-max-512gb-sinii-podarok-168641342/?c=750000000
179005510,Apple iPhone 17 256Gb зеленый +подарок(Apple EarPods USB-C+Apple Power Adapter 20W+Яндекс 24 месяца),Apple,587900,Sirius,04.10.2026 | 18:30:27,https://kaspi.kz/shop/p/apple-iphone-17-256gb-zelenyi-podarok-179005510/?c=750000000
152720348,Смартфон Apple iPhone 17 512Gb NanoSIM+eSIM белый + подарок,Apple,789000,UMMAH STORE,04.10.2026 | 18:30:27,https://kaspi.kz/shop/p/apple-iphone-17-512gb-nanosim-esim-belyi-podarok-152720348/?c=750000000
157286825,Смартфон Apple iPhone 17 Pro 512Gb Dual eSim оранжевый + подарок,Apple,986908,SmartDuken,04.10.2026 | 18:30:27,https://kaspi.kz/shop/p/apple-iphone-17-pro-512gb-dual-esim-oranzhevyi-podarok-157286825/?c=750000000
171514909,Смартфон Apple iPhone 17 Pro Max 256 GB темно-синий + подарок,Apple,921000,UMMAH STORE,04.10.2026 | 18:30:27,https://kaspi.kz/shop/p/apple-iphone-17-pro-max-256-gb-temno-sinii-podarok-171514909/?c=750000000
167238294,Apple iPhone Air 256Gb белый + подарок,Apple,659990,Lynx,04.10.2026 | 18:30:27,https://kaspi.kz/shop/p/apple-iphone-air-256gb-belyi-podarok-167238294/?c=750000000
168158096,Смартфон Apple iPhone Air 512Gb черный + подарок,Apple,780000,SmartDuken,04.10.2026 | 18:30:27,https://kaspi.kz/shop/p/apple-iphone-air-512gb-chernyi-podarok-168158096/?c=750000000
173319679,Apple iPhone 17 Pro 512 APPLE5_GIFT_A20W_YA36 Silver,Apple,916990,NOVAMART,04.10.2026 | 18:30:27,https://kaspi.kz/shop/p/apple-iphone-17-pro-512gb-serebristyi-podarok-173319679/?c=750000000
167728700,Смартфон Apple iPhone 17 512Gb фиолетовый + подарок,Apple,869000,UMMAH STORE,04.10.2026 | 18:30:27,https://kaspi.kz/shop/p/apple-iphone-17-512gb-fioletovyi-podarok-167728700/?c=750000000
167238567,iPhone Air 1Tb золотистый + подарок,Apple,920980,Lynx,04.10.2026 | 18:30:27,https://kaspi.kz/shop/p/apple-iphone-air-1tb-zolotistyi-podarok-167238567/?c=750000000
179011111,Apple iPhone Air 256 APPLE6_GIFT_A40W_EAR LightGold,Apple,651990,NOVAMART,04.10.2026 | 18:30:27,https://kaspi.kz/shop/p/apple-iphone-air-256gb-zolotistyi-podarok-179011111/?c=750000000
168036624,Смартфон Apple iPhone 17 Pro Max 1Tb синий + подарок,Apple,1396324,SmartDuken,04.10.2026 | 18:30:27,https://kaspi.kz/shop/p/apple-iphone-17-pro-max-1tb-sinii-podarok-168036624/?c=750000000
168641781,Apple iPhone 17 Pro Max 2Tb APPLE2_GIFT_A20W_PODS DeepBlue,Apple,1398990,NOVAMART,04.10.2026 | 18:30:27,https://kaspi.kz/shop/p/apple-iphone-17-pro-max-2tb-sinii-podarok-168641781/?c=750000000
154661233,Смартфон Apple iPhone 17 Dual eSim 256Gb голубой + подарок,Apple,650000,UMMAH STORE,04.10.2026 | 18:30:36,https://kaspi.kz/shop/p/apple-iphone-17-dual-esim-256gb-goluboi-podarok-154661233/?c=750000000
167457202,Apple iPhone 17 Pro Max 2Tb APPLE1_GIFT_A20W_PODS_YA12 Silver,Apple,1469979,NOVAMART,04.10.2026 | 18:30:36,https://kaspi.kz/shop/p/apple-iphone-17-pro-max-2tb-serebristyi-podarok-167457202/?c=750000000
157286825,Смартфон Apple iPhone 17 Pro 512Gb Dual eSim оранжевый + подарок,Apple,986908,SmartDuken,04.10.2026 | 18:30:36,https://kaspi.kz/shop/p/apple-iphone-17-pro-512gb-dual-esim-oranzhevyi-podarok-157286825/?c=750000000
167461843,Apple iPhone 17 Pro Max 2Tb APPLE1_GIFT_A20W_EAR_YA12 Silver,Apple,1400990,NOVAMART,04.10.2026 | 18:30:36,https://kaspi.kz/shop/p/apple-iphone-17-pro-max-2tb-serebristyi-podarok-167461843/?c=750000000
179005784,Apple iPhone 17 256Gb белый +подарок(Apple EarPods USB-C+Apple Adapter 20W+Яндекс 36 месяцев),Apple,589900,Sirius,04.10.2026 | 18:30:36,https://kaspi.kz/shop/p/apple-iphone-17-256gb-belyi-podarok-179005784/?c=750000000
178948062,Apple iPhone 17 Pro Max 2Tb APPLE6_GIFT_A40W DeepBlue,Apple,1326990,NOVAMART,04.10.2026 | 18:30:36,https://kaspi.kz/shop/p/apple-iphone-17-pro-max-2tb-temno-sinii-podarok-178948062/?c=750000000
168035919,Смартфон Apple iPhone 17 Pro 1Tb оранжевый + подарок,Apple,1339477,SmartDuken,04.10.2026 | 18:30:36,https://kaspi.kz/shop/p/apple-iphone-17-pro-1tb-oranzhevyi-podarok-168035919/?c=750000000
168158254,Смартфон Apple iPhone Air 256Gb голубой + подарок,Apple,718000,UMMAH STORE,04.10.2026 | 18:30:36,https://kaspi.kz/shop/p/apple-iphone-air-256gb-goluboi-podarok-168158254/?c=750000000
167643996,Apple iPhone Air 512Gb голубой + подарок,Apple,1044380,Мобитайм,04.10.2026 | 18:30:36,https://kaspi.kz/shop/p/apple-iphone-air-512gb-goluboi-podarok-167643996/?c=750000000
170829922,Смартфон Apple iPhone 17 256Gb фиолетовый + подарок,Apple,621000,UMMAH STORE,04.10.2026 | 18:30:36,https://kaspi.kz/shop/p/apple-iphone-17-256gb-fioletovyi-podarok-170829922/?c=750000000
157286484,Смартфон Apple iPhone 17 Pro 1024Gb Dual eSim синий + подарок,Apple,1061619,SmartDuken,04.10.2026 | 18:30:36,https://kaspi.kz/shop/p/apple-iphone-17-pro-1024gb-dual-esim-sinii-podarok-157286484/?c=750000000
152721213,Apple iPhone 17 Pro 1Tb APPLE_GIFT_YA24 CosmicOrange,Apple,999870,NOVAMART,04.10.2026 | 18:30:36,https://kaspi.kz/shop/p/apple-iphone-17-pro-1024gb-nanosim-esim-oranzhevyi-podarok-152721213/?c=750000000
179005753,Apple iPhone 17 256Gb голубой +подарок(Apple EarPods USB-C+Apple Adapter 20W+Яндекс 36 месяцев),Apple,589900,Sirius,04.10.2026 | 18:30:46,https://kaspi.kz/shop/p/apple-iphone-17-256gb-goluboi-podarok-179005753/?c=750000000
167644120,Apple iPhone Air 512Gb золотистый + подарок,Apple,1059980,Мобитайм,04.10.2026 | 18:30:46,https://kaspi.kz/shop/p/apple-iphone-air-512gb-zolotistyi-podarok-167644120/?c=750000000
168642152,Смартфон Apple iPhone 17 Pro Max 1Tb синий + подарок,Apple,1324713,SmartDuken,04.10.2026 | 18:30:46,https://kaspi.kz/shop/p/apple-iphone-17-pro-max-1tb-sinii-podarok-168642152/?c=750000000
147533954,Смартфон Apple iPhone Air 256Gb голубой + подарок,Apple,689000,UMMAH STORE,04.10.2026 | 18:30:46,https://kaspi.kz/shop/p/apple-iphone-air-256gb-goluboi-podarok-147533954/?c=750000000
168036141,Apple iPhone 17 Pro Max 2Tb APPLE2_GIFT_A20W_PODS_SE3S CosmicOrange,Apple,1628990,NOVAMART,04.10.2026 | 18:30:46,https://kaspi.kz/shop/p/apple-iphone-17-pro-max-2tb-oranzhevyi-podarok-168036141/?c=750000000
178955493,Apple iPhone 17 Pro 256 APPLE6_GIFT_A40W_EAR_YA24 DeepBlue,Apple,794990,NOVAMART,04.10.2026 | 18:30:46,https://kaspi.kz/shop/p/apple-iphone-17-pro-256gb-temno-sinii-podarok-178955493/?c=750000000
167728944,Apple iPhone 17 512Gb черный + подарок,Apple,999998,Мобитайм,04.10.2026 | 18:30:46,https://kaspi.kz/shop/p/apple-iphone-17-512gb-chernyi-podarok-167728944/?c=750000000
157287013,Apple iPhone 17 Pro 256Gb Dual eSim серебристый + подарок,Apple,869990,Lynx,04.10.2026 | 18:30:46,https://kaspi.kz/shop/p/apple-iphone-17-pro-256gb-dual-esim-serebristyi-podarok-157287013/?c=750000000
167456434,Apple iPhone 17 Pro Max 2Tb APPLE1_GIFT_A20W_PPRO_YA12 Silver,Apple,1561990,NOVAMART,04.10.2026 | 18:30:46,https://kaspi.kz/shop/p/apple-iphone-17-pro-max-2tb-serebristyi-podarok-167456434/?c=750000000
167230997,Смартфон Apple iPhone 17 8 ГБ/512 ГБ зеленый + подарок,Apple,799000,UMMAH STORE,04.10.2026 | 18:30:46,https://kaspi.kz/shop/p/apple-iphone-17-8-gb-512-gb-zelenyi-podarok-167230997/?c=750000000
178946019,Apple iPhone 17 Pro Max 256 APPLE6_GIFT_A40W_EAR_YA24 Silver,Apple,853990,NOVAMART,04.10.2026 | 18:30:46,https://kaspi.kz/shop/p/apple-iphone-17-pro-max-256gb-serebristyi-podarok-178946019/?c=750000000
178941522,Apple iPhone 17 Pro 256 APPLE6_GIFT_A40W_EAR Silver,Apple,781990,NOVAMART,04.10.2026 | 18:30:46,https://kaspi.kz/shop/p/apple-iphone-17-pro-256gb-serebristyi-podarok-178941522/?c=750000000
170828751,Apple iPhone 17 256Gb голубой + подарок,Apple,645990,Мобитайм,04.10.2026 | 18:30:54,https://kaspi.kz/shop/p/apple-iphone-17-256gb-goluboi-podarok-170828751/?c=750000000
167643370,Apple iPhone Air 1Tb золотистый + подарок,Apple,1189990,Lynx,04.10.2026 | 18:30:54,https://kaspi.kz/shop/p/apple-iphone-air-1tb-zolotistyi-podarok-167643370/?c=750000000
168642077,Смартфон Apple iPhone 17 Pro Max 1Tb серебристый + подарок,Apple,1665810,SmartDuken,04.10.2026 | 18:30:54,https://kaspi.kz/shop/p/apple-iphone-17-pro-max-1tb-serebristyi-podarok-168642077/?c=750000000
167643394,Смартфон Apple iPhone Air 1Tb белый + подарок,Apple,1089888,SmartDuken,04.10.2026 | 18:30:54,https://kaspi.kz/shop/p/apple-iphone-air-1tb-belyi-podarok-167643394/?c=750000000
168036599,Смартфон Apple iPhone 17 Pro Max 1Tb серебристый + подарок,Apple,1532620,CN-MARKET,04.10.2026 | 18:30:54,https://kaspi.kz/shop/p/apple-iphone-17-pro-max-1tb-serebristyi-podarok-168036599/?c=750000000
167728814,Apple iPhone 17 512Gb белый + подарок,Apple,999955,Мобитайм,04.10.2026 | 18:30:54,https://kaspi.kz/shop/p/apple-iphone-17-512gb-belyi-podarok-167728814/?c=750000000
170829076,Apple iPhone 17 256Gb голубой + подарок,Apple,642790,Мобитайм,04.10.2026 | 18:30:54,https://kaspi.kz/shop/p/apple-iphone-17-256gb-goluboi-podarok-170829076/?c=750000000
152006789,Apple iPhone 17 Pro 1024Gb Dual eSim оранжевый + подарок (Яндекс Плюс 24 месяцев),Apple,869897,Sirius,04.10.2026 | 18:30:54,https://kaspi.kz/shop/p/apple-iphone-17-pro-1024gb-dual-esim-oranzhevyi-podarok-152006789/?c=750000000
157461707,Apple iPhone 17 Pro Max Dual eSim 1024Gb оранжевый + подарок,Apple,1108990,Techno Lider,04.10.2026 | 18:30:54,https://kaspi.kz/shop/p/apple-iphone-17-pro-max-dual-esim-1024gb-oranzhevyi-podarok-157461707/?c=750000000
167728757,Apple iPhone 17 512Gb черный + подарок,Apple,999890,Мобитайм,04.10.2026 | 18:30:54,https://kaspi.kz/shop/p/apple-iphone-17-512gb-chernyi-podarok-167728757/?c=750000000
167644610,Смартфон Apple iPhone Air 1Tb золотистый + подарок,Apple,1079788,SmartDuken,04.10.2026 | 18:30:54,https://kaspi.kz/shop/p/apple-iphone-air-1tb-zolotistyi-podarok-167644610/?c=750000000
168663486,Смартфон Apple iPhone 17 Pro 512Gb синий + подарок,Apple,1131368,MOBILS,04.10.2026 | 18:30:54,https://kaspi.kz/shop/p/apple-iphone-17-pro-512gb-sinii-podarok-168663486/?c=750000000
167238253,Смартфон Apple iPhone Air 256Gb голубой + подарок,Apple,678998,AG shop,04.10.2026 | 18:31:05,https://kaspi.kz/shop/p/apple-iphone-air-256gb-goluboi-podarok-167238253/?c=750000000
178957435,Apple iPhone 17 256Gb черный + подарок (Яндекс Плюс 36 месяцев),Apple,564900,Sirius,04.10.2026 | 18:31:05,https://kaspi.kz/shop/p/apple-iphone-17-256gb-chernyi-podarok-178957435/?c=750000000
168641804,Apple iPhone 17 Pro Max 2Tb APPLE2_GIFT_A20W_PODS CosmicOrange,Apple,1461990,NOVAMART,04.10.2026 | 18:31:05,https://kaspi.kz/shop/p/apple-iphone-17-pro-max-2tb-oranzhevyi-podarok-168641804/?c=750000000
168861066,Apple iPhone 17 Pro 1Tb серебристый + подарок,Apple,1147767,Мобитайм,04.10.2026 | 18:31:05,https://kaspi.kz/shop/p/apple-iphone-17-pro-1tb-serebristyi-podarok-168861066/?c=750000000
169618661,Смартфон Apple iPhone 17 Pro Max 12/256GB Cosmic Orange Адаптер Apple 20W USB-C (MD3J4ZM/A) Чехол Apple для iPhone 17 Pro Max Clear Case with MagSafe MGFW4ZM/A,Apple,793460,Sulpаk,04.10.2026 | 18:31:05,https://kaspi.kz/shop/p/apple-iphone-17-pro-max-12-gb-256-gb-oranzhevyi-podarok-169618661/?c=750000000
168036011,Смартфон Apple iPhone 17 Pro Max 512Gb синий + подарок,Apple,1199875,MOBILS,04.10.2026 | 18:31:05,https://kaspi.kz/shop/p/apple-iphone-17-pro-max-512gb-sinii-podarok-168036011/?c=750000000
167487454,Смартфон Apple iPhone 17 Pro Max 1Tb серебристый + подарок,Apple,1676035,MOBILS,04.10.2026 | 18:31:05,https://kaspi.kz/shop/p/apple-iphone-17-pro-max-1tb-serebristyi-podarok-167487454/?c=750000000
178948963,Смартфон Apple iPhone 17 Pro 256Gb оранжевый + подарок,Apple,794000,UMMAH STORE,04.10.2026 | 18:31:05,https://kaspi.kz/shop/p/apple-iphone-17-pro-256gb-oranzhevyi-podarok-178948963/?c=750000000
167728757,Apple iPhone 17 512Gb черный + подарок,Apple,999890,Мобитайм,04.10.2026 | 18:31:05,https://kaspi.kz/shop/p/apple-iphone-17-512gb-chernyi-podarok-167728757/?c=750000000
152032579,iPhone Air 512Gb черный + подарок,Apple,798990,Lynx,04.10.2026 | 18:31:05,https://kaspi.kz/shop/p/apple-iphone-air-512gb-chernyi-podarok-152032579/?c=750000000
168035404,Apple iPhone 17 Pro 256 APPLE2_GIFT_A20W_PODS_SE3S DeepBlue,Apple,984256,NOVAMART,04.10.2026 | 18:31:05,https://kaspi.kz/shop/p/apple-iphone-17-pro-256gb-temno-sinii-podarok-168035404/?c=750000000
178956171,,Apple,1750000,SmartDuken,04.10.2026 | 18:31:05,https://kaspi.kz/shop/p/apple-iphone-17-pro-max-2tb-oranzhevyi-podarok-178956171/?c=750000000
168156798,Смартфон Apple iPhone 17 512Gb зеленый + подарок,Apple,889000,UMMAH STORE 2,04.10.2026 | 18:31:14,https://kaspi.kz/shop/p/apple-iphone-17-512gb-zelenyi-podarok-168156798/?c=750000000
157461501,Смартфон Apple iPhone 17 Pro Max Dual eSim 1024Gb синий + подарок,Apple,1366000,SmartDuken,04.10.2026 | 18:31:14,https://kaspi.kz/shop/p/apple-iphone-17-pro-max-dual-esim-1024gb-sinii-podarok-157461501/?c=750000000
178947703,Apple iPhone 17 Pro Max 512 APPLE6_GIFT_A40W_EAR_YA24 CosmicOrange,Apple,998990,NOVAMART,04.10.2026 | 18:31:14,https://kaspi.kz/shop/p/apple-iphone-17-pro-max-512gb-oranzhevyi-podarok-178947703/?c=750000000
171675956,Смартфон Apple iPhone Air 12 ГБ/512 ГБ черный + подарок,Apple,831998,AG shop,04.10.2026 | 18:31:14,https://kaspi.kz/shop/p/apple-iphone-air-12-gb-512-gb-chernyi-podarok-171675956/?c=750000000
168642097,Смартфон Apple iPhone 17 Pro Max 1Tb оранжевый + подарок,Apple,1465553,SmartDuken,04.10.2026 | 18:31:14,https://kaspi.kz/shop/p/apple-iphone-17-pro-max-1tb-oranzhevyi-podarok-168642097/?c=750000000
168642086,Смартфон Apple iPhone 17 Pro Max 1Tb синий + подарок,Apple,1352900,SmartDuken,04.10.2026 | 18:31:14,https://kaspi.kz/shop/p/apple-iphone-17-pro-max-1tb-sinii-podarok-168642086/?c=750000000
167391176,Apple iPhone 17 Pro 1Tb APPLE1_GIFT_A20W_PPRO_YA12 CosmicOrange,Apple,1181374,NOVAMART,04.10.2026 | 18:31:14,https://kaspi.kz/shop/p/apple-iphone-17-pro-1tb-oranzhevyi-podarok-167391176/?c=750000000
168861062,Apple iPhone 17 Pro 1Tb APPLE2_GIFT_A20W_PPRO CosmicOrange,Apple,1173990,NOVAMART,04.10.2026 | 18:31:14,https://kaspi.kz/shop/p/apple-iphone-17-pro-1tb-oranzhevyi-podarok-168861062/?c=750000000
168036162,Смартфон Apple iPhone 17 Pro Max 2Tb серебристый + подарок,Apple,1820000,SmartDuken,04.10.2026 | 18:31:14,https://kaspi.kz/shop/p/apple-iphone-17-pro-max-2tb-serebristyi-podarok-168036162/?c=750000000
168035527,Смартфон Apple iPhone 17 Pro 256Gb серебристый + подарок,Apple,1008493,CN-MARKET,04.10.2026 | 18:31:14,https://kaspi.kz/shop/p/apple-iphone-17-pro-256gb-serebristyi-podarok-168035527/?c=750000000
167487545,Смартфон Apple iPhone 17 Pro Max 1Tb серебристый + подарок,Apple,1375000,SmartDuken,04.10.2026 | 18:31:14,https://kaspi.kz/shop/p/apple-iphone-17-pro-max-1tb-serebristyi-podarok-167487545/?c=750000000
167237856,iPhone Air 512Gb белый + подарок,Apple,809990,Lynx,04.10.2026 | 18:31:14,https://kaspi.kz/shop/p/apple-iphone-air-512gb-belyi-podarok-167237856/?c=750000000
179010778,Apple iPhone Air 256 APPLE6_GIFT_A40W_EAR SpaceBlack,Apple,651990,NOVAMART,04.10.2026 | 18:31:23,https://kaspi.kz/shop/p/apple-iphone-air-256gb-chernyi-podarok-179010778/?c=750000000
152029427,Apple iPhone Air 256 APPLE_GIFT_YA24 LightGold,Apple,627990,NOVAMART,04.10.2026 | 18:31:23,https://kaspi.kz/shop/p/apple-iphone-air-256gb-zolotistyi-podarok-152029427/?c=750000000
168035198,Apple iPhone 17 Pro 512Gb оранжевый + подарок,Apple,1120000,UMMAH STORE,04.10.2026 | 18:31:23,https://kaspi.kz/shop/p/apple-iphone-17-pro-512gb-oranzhevyi-podarok-168035198/?c=750000000
167237352,iPhone Air 512Gb золотистый + подарок,Apple,867990,Lynx,04.10.2026 | 18:31:23,https://kaspi.kz/shop/p/apple-iphone-air-512gb-zolotistyi-podarok-167237352/?c=750000000
178944385,Apple iPhone 17 Pro Max 512 APPLE6_GIFT_A40W CosmicOrange,Apple,972990,NOVAMART,04.10.2026 | 18:31:23,https://kaspi.kz/shop/p/apple-iphone-17-pro-max-512gb-oranzhevyi-podarok-178944385/?c=750000000
167643512,Apple iPhone Air 1Tb черный + подарок,Apple,1039880,Мобитайм,04.10.2026 | 18:31:23,https://kaspi.kz/shop/p/apple-iphone-air-1tb-chernyi-podarok-167643512/?c=750000000
167462130,Apple iPhone 17 Pro Max 2Tb APPLE1_GIFT_A20W_EAR_YA12 CosmicOrange,Apple,1400730,NOVAMART,04.10.2026 | 18:31:23,https://kaspi.kz/shop/p/apple-iphone-17-pro-max-2tb-oranzhevyi-podarok-167462130/?c=750000000
168663612,Смартфон Apple iPhone 17 Pro 512Gb оранжевый + подарок,Apple,973789,MOBILS,04.10.2026 | 18:31:23,https://kaspi.kz/shop/p/apple-iphone-17-pro-512gb-oranzhevyi-podarok-168663612/?c=750000000
154661130,Смартфон Apple iPhone 17 Dual eSim 256Gb черный + подарок,Apple,648999,SmartDuken,04.10.2026 | 18:31:23,https://kaspi.kz/shop/p/apple-iphone-17-dual-esim-256gb-chernyi-podarok-154661130/?c=750000000
157287066,Смартфон Apple iPhone 17 Pro 256Gb Dual eSim оранжевый + подарок,Apple,779000,UMMAH STORE,04.10.2026 | 18:31:23,https://kaspi.kz/shop/p/apple-iphone-17-pro-256gb-dual-esim-oranzhevyi-podarok-157287066/?c=750000000
152720379,Смартфон Apple iPhone 17 512Gb NanoSIM+eSIM голубой + подарок,Apple,795998,AG shop,04.10.2026 | 18:31:23,https://kaspi.kz/shop/p/apple-iphone-17-512gb-nanosim-esim-goluboi-podarok-152720379/?c=750000000
167728853,Смартфон Apple iPhone 17 512Gb голубой + подарок,Apple,994000,UMMAH STORE 2,04.10.2026 | 18:31:23,https://kaspi.kz/shop/p/apple-iphone-17-512gb-goluboi-podarok-167728853/?c=750000000
154660660,Apple iPhone 17 256Gb голубой + подарок (Яндекс Плюс 12 месяцев),Apple,558955,Sirius,04.10.2026 | 18:31:32,https://kaspi.kz/shop/p/apple-iphone-17-256gb-nanosim-esim-goluboi-podarok-154660660/?c=750000000
178941176,Apple iPhone 17 Pro 512 APPLE6_GIFT_A40W_EAR_YA24 Silver,Apple,932990,NOVAMART,04.10.2026 | 18:31:32,https://kaspi.kz/shop/p/apple-iphone-17-pro-512gb-serebristyi-podarok-178941176/?c=750000000
179009848,Apple iPhone Air 256 APPLE6_GIFT_A40W_EAR_YA24 SpaceBlack,Apple,663990,NOVAMART,04.10.2026 | 18:31:32,https://kaspi.kz/shop/p/apple-iphone-air-256gb-chernyi-podarok-179009848/?c=750000000
167238383,iPhone Air 1Tb голубой + подарок,Apple,978779,Lynx,04.10.2026 | 18:31:32,https://kaspi.kz/shop/p/apple-iphone-air-1tb-goluboi-podarok-167238383/?c=750000000
178946121,Apple iPhone 17 Pro Max 256 APPLE6_GIFT_A40W_EAR Silver,Apple,841990,NOVAMART,04.10.2026 | 18:31:32,https://kaspi.kz/shop/p/apple-iphone-17-pro-max-256-gb-serebristyi-podarok-178946121/?c=750000000
167487641,Смартфон Apple iPhone 17 Pro Max 1Tb оранжевый + подарок,Apple,1384963,SmartDuken,04.10.2026 | 18:31:32,https://kaspi.kz/shop/p/apple-iphone-17-pro-max-1tb-oranzhevyi-podarok-167487641/?c=750000000
168641534,Смартфон Apple iPhone 17 Pro Max 512Gb серебристый + подарок,Apple,1030008,MOBILS,04.10.2026 | 18:31:32,https://kaspi.kz/shop/p/apple-iphone-17-pro-max-512gb-serebristyi-podarok-168641534/?c=750000000
167239612,Смартфон Apple iPhone 17 512Gb зеленый + подарок,Apple,890000,UMMAH STORE,04.10.2026 | 18:31:32,https://kaspi.kz/shop/p/apple-iphone-17-512gb-zelenyi-podarok-167239612/?c=750000000
167643468,Apple iPhone Air 256 APPLE2_GIFT_A20W_PODS_SE3S LightGold,Apple,876524,NOVAMART,04.10.2026 | 18:31:32,https://kaspi.kz/shop/p/apple-iphone-air-256gb-zolotistyi-podarok-167643468/?c=750000000
178947005,Apple iPhone 17 Pro Max 2Tb APPLE6_GIFT_A40W CosmicOrange,Apple,1389990,NOVAMART,04.10.2026 | 18:31:32,https://kaspi.kz/shop/p/apple-iphone-17-pro-max-2tb-oranzhevyi-podarok-178947005/?c=750000000
167238491,iPhone Air 1Tb черный + подарок,Apple,848990,Lynx,04.10.2026 | 18:31:32,https://kaspi.kz/shop/p/apple-iphone-air-1tb-chernyi-podarok-167238491/?c=750000000
170829039,Apple iPhone 17 256Gb зеленый + подарок,Apple,622290,Мобитайм,04.10.2026 | 18:31:32,https://kaspi.kz/shop/p/apple-iphone-17-256gb-zelenyi-podarok-170829039/?c=750000000
168156765,Смартфон Apple iPhone 17 512Gb голубой + подарок,Apple,854000,UMMAH STORE 2,04.10.2026 | 18:31:42,https://kaspi.kz/shop/p/apple-iphone-17-512gb-goluboi-podarok-168156765/?c=750000000
167452592,Apple iPhone 17 Pro Max 512 APPLE1_GIFT_A20W_PODS_YA12 DeepBlue,Apple,1051900,NOVAMART,04.10.2026 | 18:31:42,https://kaspi.kz/shop/p/apple-iphone-17-pro-max-512gb-temno-sinii-podarok-167452592/?c=750000000
167231022,Смартфон Apple iPhone 17 8 ГБ/512 ГБ голубой + подарок,Apple,838000,AG shop,04.10.2026 | 18:31:42,https://kaspi.kz/shop/p/apple-iphone-17-8-gb-512-gb-goluboi-podarok-167231022/?c=750000000
167644531,Смартфон Apple iPhone Air 1Tb черный + подарок,Apple,1013304,SmartDuken,04.10.2026 | 18:31:42,https://kaspi.kz/shop/p/apple-iphone-air-1tb-chernyi-podarok-167644531/?c=750000000
178944492,Смартфон Apple iPhone 17 Pro 256Gb оранжевый + подарок,Apple,879000,UMMAH STORE,04.10.2026 | 18:31:42,https://kaspi.kz/shop/p/apple-iphone-17-pro-256gb-oranzhevyi-podarok-178944492/?c=750000000
171515053,Apple iPhone 17 Pro 256 APPLE5_GIFT_A35WD_YA36 Silver,Apple,808990,NOVAMART,04.10.2026 | 18:31:42,https://kaspi.kz/shop/p/apple-iphone-17-pro-256-gb-serebristyi-podarok-171515053/?c=750000000
167391276,Смартфон Apple iPhone 17 Pro 1Tb темно-синий + подарок,Apple,1257777,CN-MARKET,04.10.2026 | 18:31:42,https://kaspi.kz/shop/p/apple-iphone-17-pro-1tb-temno-sinii-podarok-167391276/?c=750000000
167643378,iPhone Air 1Tb голубой + подарок,Apple,1089890,Lynx,04.10.2026 | 18:31:42,https://kaspi.kz/shop/p/apple-iphone-air-1tb-goluboi-podarok-167643378/?c=750000000
178956130,Apple iPhone 17 Pro Max 256 APPLE6_GIFT_A40W CosmicOrange,Apple,835990,NOVAMART,04.10.2026 | 18:31:42,https://kaspi.kz/shop/p/apple-iphone-17-pro-max-256gb-oranzhevyi-podarok-178956130/?c=750000000
168036073,Смартфон Apple iPhone 17 Pro Max 512Gb синий + подарок,Apple,1424999,SmartDuken,04.10.2026 | 18:31:42,https://kaspi.kz/shop/p/apple-iphone-17-pro-max-512gb-sinii-podarok-168036073/?c=750000000
179007486,Apple iPhone Air 256 APPLE6_GIFT_A40W LightGold,Apple,637990,NOVAMART,04.10.2026 | 18:31:42,https://kaspi.kz/shop/p/apple-iphone-air-256gb-zolotistyi-podarok-179007486/?c=750000000
168036319,Смартфон Apple iPhone 17 Pro Max 2Tb оранжевый + подарок,Apple,1820000,SmartDuken,04.10.2026 | 18:31:42,https://kaspi.kz/shop/p/apple-iphone-17-pro-max-2tb-oranzhevyi-podarok-168036319/?c=750000000
168664360,Apple iPhone 17 Pro 512Gb синий + подарок,Apple,1069548,Lynx,04.10.2026 | 18:31:51,https://kaspi.kz/shop/p/apple-iphone-17-pro-512gb-sinii-podarok-168664360/?c=750000000
178945339,Apple iPhone 17 Pro 256 APPLE6_GIFT_A40W_EAR_YA24 Silver,Apple,794990,NOVAMART,04.10.2026 | 18:31:51,https://kaspi.kz/shop/p/apple-iphone-17-pro-256gb-serebristyi-podarok-178945339/?c=750000000
170829265,Apple iPhone 17 256Gb фиолетовый + подарок,Apple,623496,Мобитайм,04.10.2026 | 18:31:51,https://kaspi.kz/shop/p/apple-iphone-17-256gb-fioletovyi-podarok-170829265/?c=750000000
167238509,Смартфон Apple iPhone Air 1Tb голубой + подарок,Apple,878000,UMMAH STORE,04.10.2026 | 18:31:51,https://kaspi.kz/shop/p/apple-iphone-air-1tb-goluboi-podarok-167238509/?c=750000000
152008690,Смартфон Apple iPhone 17 512Gb Dual eSim фиолетовый + подарок,Apple,768000,UMMAH STORE,04.10.2026 | 18:31:51,https://kaspi.kz/shop/p/apple-iphone-17-512gb-dual-esim-fioletovyi-podarok-152008690/?c=750000000
167231042,Смартфон Apple iPhone 17 8 ГБ/512 ГБ фиолетовый + подарок,Apple,789000,UMMAH STORE,04.10.2026 | 18:31:51,https://kaspi.kz/shop/p/apple-iphone-17-8-gb-512-gb-fioletovyi-podarok-167231042/?c=750000000
168035185,Смартфон Apple iPhone 17 Pro 512Gb темно-синий + подарок,Apple,1318554,Aslan Tel,04.10.2026 | 18:31:51,https://kaspi.kz/shop/p/apple-iphone-17-pro-512gb-temno-sinii-podarok-168035185/?c=750000000
179005198,Apple iPhone 17 256Gb черный +подарок(Apple EarPods USB-C+Apple Power Adapter 20W+Яндекс 24 месяца),Apple,587900,Sirius,04.10.2026 | 18:31:51,https://kaspi.kz/shop/p/apple-iphone-17-256gb-chernyi-podarok-179005198/?c=750000000
168159128,Смартфон Apple iPhone Air 1Tb черный + подарок,Apple,870204,SmartDuken,04.10.2026 | 18:31:51,https://kaspi.kz/shop/p/apple-iphone-air-1tb-chernyi-podarok-168159128/?c=750000000
178946610,Apple iPhone 17 Pro Max 2Tb APPLE6_GIFT_A40W_EAR_YA24 CosmicOrange,Apple,1415990,NOVAMART,04.10.2026 | 18:31:51,https://kaspi.kz/shop/p/apple-iphone-17-pro-max-2tb-oranzhevyi-podarok-178946610/?c=750000000
168641870,Смартфон Apple iPhone 17 Pro Max 256Gb оранжевый + подарок,Apple,964197,MOBILS,04.10.2026 | 18:31:51,https://kaspi.kz/shop/p/apple-iphone-17-pro-max-256gb-oranzhevyi-podarok-168641870/?c=750000000
168156810,Смартфон Apple iPhone 17 512Gb фиолетовый + подарок,Apple,769000,UMMAH STORE,04.10.2026 | 18:31:51,https://kaspi.kz/shop/p/apple-iphone-17-512gb-fioletovyi-podarok-168156810/?c=750000000
167238609,iPhone Air 1Tb белый + подарок,Apple,859890,Lynx,04.10.2026 | 18:31:59,https://kaspi.kz/shop/p/apple-iphone-air-1tb-belyi-podarok-167238609/?c=750000000
152032508,iPhone Air 512Gb золотистый + подарок,Apple,798990,Lynx,04.10.2026 | 18:31:59,https://kaspi.kz/shop/p/apple-iphone-air-512gb-zolotistyi-podarok-152032508/?c=750000000
168664835,Apple iPhone 17 Pro 256Gb серебристый + подарок,Apple,920621,Lynx,04.10.2026 | 18:32:00,https://kaspi.kz/shop/p/apple-iphone-17-pro-256gb-serebristyi-podarok-168664835/?c=750000000
172964857,Смартфон Apple iPhone 17e 512Gb белый,Apple,580000,Tech.kz,04.10.2026 | 18:32:00,https://kaspi.kz/shop/p/apple-iphone-17e-512gb-belyi-172964857/?c=750000000
170829183,Apple iPhone 17 256Gb зеленый + подарок,Apple,631085,Mobile_Shop,04.10.2026 | 18:32:00,https://kaspi.kz/shop/p/apple-iphone-17-256gb-zelenyi-podarok-170829183/?c=750000000
167729207,Apple iPhone 17 256Gb зеленый + подарок,Apple,989990,Мобитайм,04.10.2026 | 18:32:00,https://kaspi.kz/shop/p/apple-iphone-17-256gb-zelenyi-podarok-167729207/?c=750000000
168665105,Apple iPhone 17 Pro 256 APPLE2_GIFT_A20W_PPRO DeepBlue,Apple,919812,NOVAMART,04.10.2026 | 18:32:00,https://kaspi.kz/shop/p/apple-iphone-17-pro-256gb-sinii-podarok-168665105/?c=750000000
171515161,Apple iPhone 17 Pro 256 APPLE5_GIFT_A35WD_YA36 DeepBlue,Apple,808990,NOVAMART,04.10.2026 | 18:32:00,https://kaspi.kz/shop/p/apple-iphone-17-pro-256-gb-temno-sinii-podarok-171515161/?c=750000000
152006139,Смартфон Apple iPhone 17 512Gb Dual eSim белый + подарок,Apple,790000,UMMAH STORE,04.10.2026 | 18:32:00,https://kaspi.kz/shop/p/apple-iphone-17-512gb-dual-esim-belyi-podarok-152006139/?c=750000000
178948037,Apple iPhone 17 Pro Max 512 APPLE6_GIFT_A40W_EAR CosmicOrange,Apple,985990,NOVAMART,04.10.2026 | 18:32:00,https://kaspi.kz/shop/p/apple-iphone-17-pro-max-512gb-oranzhevyi-podarok-178948037/?c=750000000
170829081,Apple iPhone 17 256Gb фиолетовый + подарок,Apple,649980,Мобитайм,04.10.2026 | 18:32:00,https://kaspi.kz/shop/p/apple-iphone-17-256gb-fioletovyi-podarok-170829081/?c=750000000
178957507,Apple iPhone 17 256Gb зеленый + подарок (Яндекс Плюс 36 месяцев),Apple,564900,Sirius,04.10.2026 | 18:32:00,https://kaspi.kz/shop/p/apple-iphone-17-256gb-zelenyi-podarok-178957507/?c=750000000
157461601,Смартфон Apple iPhone 17 Pro Max Dual eSim 1024Gb серебристый + подарок,Apple,1099988,AG shop,04.10.2026 | 18:32:11,https://kaspi.kz/shop/p/apple-iphone-17-pro-max-dual-esim-1024gb-serebristyi-podarok-157461601/?c=750000000
167644142,Apple iPhone Air 256Gb золотистый + подарок,Apple,999677,Мобитайм,04.10.2026 | 18:32:11,https://kaspi.kz/shop/p/apple-iphone-air-256gb-zolotistyi-podarok-167644142/?c=750000000
167461347,Apple iPhone 17 Pro Max 2Tb APPLE1_GIFT_A20W_EAR_YA12 DeepBlue,Apple,1337990,NOVAMART,04.10.2026 | 18:32:11,https://kaspi.kz/shop/p/apple-iphone-17-pro-max-2tb-temno-sinii-podarok-167461347/?c=750000000
168158293,Смартфон Apple iPhone Air 256Gb белый + подарок,Apple,740431,SmartDuken,04.10.2026 | 18:32:11,https://kaspi.kz/shop/p/apple-iphone-air-256gb-belyi-podarok-168158293/?c=750000000
168036562,Смартфон Apple iPhone 17 Pro Max 256Gb синий + подарок,Apple,1053323,AG shop,04.10.2026 | 18:32:11,https://kaspi.kz/shop/p/apple-iphone-17-pro-max-256gb-sinii-podarok-168036562/?c=750000000
170828858,Смартфон Apple iPhone 17 256Gb белый + подарок,Apple,601000,UMMAH STORE 2,04.10.2026 | 18:32:11,https://kaspi.kz/shop/p/apple-iphone-17-256gb-belyi-podarok-170828858/?c=750000000
167643412,Apple iPhone Air 256Gb голубой + подарок,Apple,959990,Мобитайм,04.10.2026 | 18:32:11,https://kaspi.kz/shop/p/apple-iphone-air-256gb-goluboi-podarok-167643412/?c=750000000
167389846,Смартфон Apple iPhone 17 Pro 512Gb темно-синий + подарок,Apple,1316999,SmartDuken,04.10.2026 | 18:32:11,https://kaspi.kz/shop/p/apple-iphone-17-pro-512gb-temno-sinii-podarok-167389846/?c=750000000
168157724,iPhone Air 512Gb черный + подарок,Apple,883333,Lynx,04.10.2026 | 18:32:11,https://kaspi.kz/shop/p/apple-iphone-air-512gb-chernyi-podarok-168157724/?c=750000000
152005585,Apple iPhone 17 Pro 512Gb Dual eSim серебристый + подарок,Apple,876985,Lynx,04.10.2026 | 18:32:11,https://kaspi.kz/shop/p/apple-iphone-17-pro-512gb-dual-esim-serebristyi-podarok-152005585/?c=750000000
157279163,Смартфон Apple iPhone 17 Pro Max 512Gb Dual eSim синий + подарок,Apple,831900,UMMAH STORE 2,04.10.2026 | 18:32:11,https://kaspi.kz/shop/p/apple-iphone-17-pro-max-512gb-dual-esim-sinii-podarok-157279163/?c=750000000
168664510,Смартфон Apple iPhone 17 Pro 512Gb серебристый + подарок,Apple,895466,Aslan Tel,04.10.2026 | 18:32:11,https://kaspi.kz/shop/p/apple-iphone-17-pro-512gb-serebristyi-podarok-168664510/?c=750000000
167457411,Apple iPhone 17 Pro Max 2Tb APPLE1_GIFT_A20W_PODS_YA12 DeepBlue,Apple,1406990,NOVAMART,04.10.2026 | 18:32:19,https://kaspi.kz/shop/p/apple-iphone-17-pro-max-2tb-temno-sinii-podarok-167457411/?c=750000000
152009221,Смартфон Apple iPhone 17 512Gb Dual eSim черный + подарок,Apple,787995,AG shop,04.10.2026 | 18:32:19,https://kaspi.kz/shop/p/apple-iphone-17-512gb-dual-esim-chernyi-podarok-152009221/?c=750000000
178946636,Apple iPhone 17 Pro Max 2Tb APPLE6_GIFT_A40W_EAR Silver,Apple,1402990,NOVAMART,04.10.2026 | 18:32:19,https://kaspi.kz/shop/p/apple-iphone-17-pro-max-2tb-serebristyi-podarok-178946636/?c=750000000
152721239,Смартфон Apple iPhone 17 Pro 1024Gb NanoSIM+eSIM серебристый + подарок,Apple,1151185,CN-MARKET,04.10.2026 | 18:32:19,https://kaspi.kz/shop/p/apple-iphone-17-pro-1024gb-nanosim-esim-serebristyi-podarok-152721239/?c=750000000
167487526,Смартфон Apple iPhone 17 Pro Max 1Tb оранжевый + подарок,Apple,1677877,SmartDuken,04.10.2026 | 18:32:19,https://kaspi.kz/shop/p/apple-iphone-17-pro-max-1tb-oranzhevyi-podarok-167487526/?c=750000000
167451628,Смартфон Apple iPhone 17 Pro Max 512Gb серебристый + подарок,Apple,1481991,MOBILS,04.10.2026 | 18:32:19,https://kaspi.kz/shop/p/apple-iphone-17-pro-max-512gb-serebristyi-podarok-167451628/?c=750000000
168642172,Смартфон Apple iPhone 17 Pro Max 1Tb серебристый + подарок,Apple,1324688,SmartDuken,04.10.2026 | 18:32:19,https://kaspi.kz/shop/p/apple-iphone-17-pro-max-1tb-serebristyi-podarok-168642172/?c=750000000
168158829,iPhone Air 1Tb золотистый + подарок,Apple,958890,Lynx,04.10.2026 | 18:32:19,https://kaspi.kz/shop/p/apple-iphone-air-1tb-zolotistyi-podarok-168158829/?c=750000000
167238468,iPhone Air 1Tb белый + подарок,Apple,948990,Lynx,04.10.2026 | 18:32:19,https://kaspi.kz/shop/p/apple-iphone-air-1tb-belyi-podarok-167238468/?c=750000000
168860592,Apple iPhone 17 Pro 1Tb серебристый + подарок,Apple,1173000,UMMAH STORE,04.10.2026 | 18:32:19,https://kaspi.kz/shop/p/apple-iphone-17-pro-1tb-serebristyi-podarok-168860592/?c=750000000
169699740,Смартфон Apple iPhone 17 Pro Max 12/256GB Deep Blue Чехол Apple для iPhone 17 Pro Max Silicone Case with MagSafe – Black MGFR4ZM/A,Apple,759980,Sulpаk,04.10.2026 | 18:32:19,https://kaspi.kz/shop/p/apple-iphone-17-pro-max-12-gb-256-gb-temno-sinii-podarok-169699740/?c=750000000
179005560,Apple iPhone 17 256Gb белый +подарок(Apple EarPods USB-C+Apple Power Adapter 20W+Яндекс 24 месяца),Apple,587900,Sirius,04.10.2026 | 18:32:19,https://kaspi.kz/shop/p/apple-iphone-17-256gb-belyi-podarok-179005560/?c=750000000
171515971,Apple iPhone 16 128 APPLE5_GIFT_A35WD_YA36 Black,Apple,565897,NOVAMART,04.10.2026 | 18:32:28,https://kaspi.kz/shop/p/apple-iphone-16-8-gb-128-gb-chernyi-podarok-171515971/?c=750000000
171516431,Apple iPhone 16 128 APPLE5_GIFT_A20W_YA36 Black,Apple,536888,NOVAMART,04.10.2026 | 18:32:28,https://kaspi.kz/shop/p/apple-iphone-16-8-gb-128-gb-chernyi-podarok-171516431/?c=750000000
171514508,Смартфон Apple iPhone 17 256 GB фиолетовый + подарок,Apple,667999,SmartDuken,04.10.2026 | 18:32:28,https://kaspi.kz/shop/p/apple-iphone-17-256-gb-fioletovyi-podarok-171514508/?c=750000000
168155040,Apple iPhone 16 128 APPLE2_GIFT_A20W_PODS Pink,Apple,596590,NOVAMART,04.10.2026 | 18:32:28,https://kaspi.kz/shop/p/apple-iphone-16-128gb-rozovyi-podarok-168155040/?c=750000000
157458415,Apple iPhone 16 128Gb черный + подарок (Яндекс Плюс 12 месяцев),Apple,464900,Sirius,04.10.2026 | 18:32:28,https://kaspi.kz/shop/p/apple-iphone-16-128gb-nanosim-esim-chernyi-podarok-157458415/?c=750000000
168641377,Apple iPhone 17 Pro Max 512Gb серебристый + подарок,Apple,1270343,Lynx,04.10.2026 | 18:32:28,https://kaspi.kz/shop/p/apple-iphone-17-pro-max-512gb-serebristyi-podarok-168641377/?c=750000000
113138053,Apple iPhone 15 Plus 256Gb NanoSIM+eSIM розовый,Apple,574097,1Bay,04.10.2026 | 18:32:28,https://kaspi.kz/shop/p/apple-iphone-15-plus-256gb-nanosim-esim-rozovyi-113138053/?c=750000000
147262171,Apple iPhone 16 128Gb черный + подарок (Яндекс Плюс 24 месяца),Apple,469900,Sirius,04.10.2026 | 18:32:28,https://kaspi.kz/shop/p/apple-iphone-16-128gb-nanosim-esim-chernyi-podarok-147262171/?c=750000000
178948227,Apple iPhone 17 Pro 512 APPLE6_GIFT_A40W_EAR Silver,Apple,920990,NOVAMART,04.10.2026 | 18:32:28,https://kaspi.kz/shop/p/apple-iphone-17-pro-512gb-serebristyi-podarok-178948227/?c=750000000
113589035,Смартфон Apple iPhone 15 Pro 1Tb Dual Sim черный,Apple,699998,iStore KZ,04.10.2026 | 18:32:28,https://kaspi.kz/shop/p/apple-iphone-15-pro-1tb-dual-sim-chernyi-113589035/?c=750000000
168156646,Смартфон Apple iPhone 15 256Gb синий + подарок,Apple,529000,UMMAH STORE,04.10.2026 | 18:32:28,https://kaspi.kz/shop/p/apple-iphone-15-256gb-sinii-podarok-168156646/?c=750000000
168158327,Смартфон Apple iPhone Air 256Gb голубой + подарок,Apple,604979,SmartDuken,04.10.2026 | 18:32:28,https://kaspi.kz/shop/p/apple-iphone-air-256gb-goluboi-podarok-168158327/?c=750000000
157458212,Смартфон Apple iPhone 16 128Gb NanoSIM+eSIM белый + подарок,Apple,539299,SmartDuken,04.10.2026 | 18:32:37,https://kaspi.kz/shop/p/apple-iphone-16-128gb-nanosim-esim-belyi-podarok-157458212/?c=750000000
167239298,Смартфон Apple iPhone 15 256Gb черный + подарок,Apple,558932,MOBILS,04.10.2026 | 18:32:37,https://kaspi.kz/shop/p/apple-iphone-15-256gb-chernyi-podarok-167239298/?c=750000000
135186258,Смартфон Apple iPhone 16e 512Gb NanoSIM+eSIM белый,Apple,452282,ASR Market,04.10.2026 | 18:32:37,https://kaspi.kz/shop/p/apple-iphone-16e-512gb-nanosim-esim-belyi-135186258/?c=750000000
143568155,Apple iPhone 16 Pro Max 256Gb NanoSIM+eSIM черный + подарок,Apple,930000,Мобитайм,04.10.2026 | 18:32:37,https://kaspi.kz/shop/p/apple-iphone-16-pro-max-256gb-nanosim-esim-chernyi-podarok-143568155/?c=750000000
147261973,Apple iPhone 15 256 APPLE_GIFT_YA24 Black,Apple,537999,NOVAMART,04.10.2026 | 18:32:37,https://kaspi.kz/shop/p/apple-iphone-15-256gb-nanosim-esim-chernyi-podarok-147261973/?c=750000000
113138335,Apple iPhone 15 Pro 512Gb NanoSIM+eSIM синий,Apple,825448,CN-MARKET,04.10.2026 | 18:32:37,https://kaspi.kz/shop/p/apple-iphone-15-pro-512gb-nanosim-esim-sinii-113138335/?c=750000000
177319261,Смартфон Apple iPhone 18 Pro Max 2Tb NanoSIM+eSIM черный,Apple,2000000,SMART ELECTRONICS,04.10.2026 | 18:32:37,https://kaspi.kz/shop/p/apple-iphone-18-pro-max-2tb-nanosim-esim-chernyi-177319261/?c=750000000
143578203,Смартфон Apple iPhone 15 128Gb NanoSIM+eSIM желтый + подарок,Apple,545000,Rose mobile,04.10.2026 | 18:32:37,https://kaspi.kz/shop/p/apple-iphone-15-128gb-nanosim-esim-zheltyi-podarok-143578203/?c=750000000
131015677,Смартфон Apple iPhone 16 Pro Max 256Gb Dual Sim белый,Apple,699995,PhoneKZ,04.10.2026 | 18:32:37,https://kaspi.kz/shop/p/apple-iphone-16-pro-max-256gb-dual-sim-belyi-131015677/?c=750000000
171584280,Смартфон Apple iPhone 15 6 ГБ/128 ГБ черный + подарок,Apple,502000,UMMAH STORE,04.10.2026 | 18:32:37,https://kaspi.kz/shop/p/apple-iphone-15-6-gb-128-gb-chernyi-podarok-171584280/?c=750000000
140897845,Смартфон Apple iPhone 16 Pro 256Gb Dual Sim белый,Apple,719999,OZEN,04.10.2026 | 18:32:37,https://kaspi.kz/shop/p/apple-iphone-16-pro-256gb-dual-sim-belyi-140897845/?c=750000000
149071353,Смартфон Apple iPhone 16 128Gb NanoSIM+eSIM розовый + подарок,Apple,548000,UMMAH STORE,04.10.2026 | 18:32:37,https://kaspi.kz/shop/p/apple-iphone-16-128gb-nanosim-esim-rozovyi-podarok-149071353/?c=750000000
171578811,Apple iPhone 15 256 APPLE5_GIFT_A35WD_YA36 Black,Apple,590990,NOVAMART,04.10.2026 | 18:32:46,https://kaspi.kz/shop/p/apple-iphone-15-6-gb-256-gb-chernyi-podarok-171578811/?c=750000000
171516303,Смартфон Apple iPhone 16 8 ГБ/128 ГБ белый + подарок,Apple,589000,UMMAH STORE,04.10.2026 | 18:32:46,https://kaspi.kz/shop/p/apple-iphone-16-8-gb-128-gb-belyi-podarok-171516303/?c=750000000
157459696,Смартфон Apple iPhone 15 256Gb NanoSIM+eSIM голубой + подарок,Apple,539000,UMMAH STORE,04.10.2026 | 18:32:46,https://kaspi.kz/shop/p/apple-iphone-15-256gb-nanosim-esim-goluboi-podarok-157459696/?c=750000000
121693378,Apple iPhone 15 128Gb Dual eSim зеленый,Apple,600000,Mobile_Shop,04.10.2026 | 18:32:46,https://kaspi.kz/shop/p/apple-iphone-15-128gb-dual-esim-zelenyi-121693378/?c=750000000
171578736,Смартфон Apple iPhone 15 6 ГБ/256 ГБ голубой + подарок,Apple,591000,UMMAH STORE,04.10.2026 | 18:32:46,https://kaspi.kz/shop/p/apple-iphone-15-6-gb-256-gb-goluboi-podarok-171578736/?c=750000000
123745316,Apple iPhone 16 Plus 128Gb NanoSIM+eSIM белый,Apple,546888,"ТОО ""BI TRADE""",04.10.2026 | 18:32:46,https://kaspi.kz/shop/p/apple-iphone-16-plus-128gb-nanosim-esim-belyi-123745316/?c=750000000
171515760,Смартфон Apple iPhone 16 8 ГБ/128 ГБ белый + подарок,Apple,589000,UMMAH STORE,04.10.2026 | 18:32:46,https://kaspi.kz/shop/p/apple-iphone-16-8-gb-128-gb-belyi-podarok-171515760/?c=750000000
134238610,Смартфон Apple iPhone 13 128Gb NanoSIM+eSIM черный + подарок,Apple,430900,UMMAH STORE 2,04.10.2026 | 18:32:46,https://kaspi.kz/shop/p/apple-iphone-13-128gb-nanosim-esim-chernyi-podarok-134238610/?c=750000000
171515838,Apple iPhone 16 128 APPLE5_GIFT_A35WD_YA36 Pink,Apple,565999,NOVAMART,04.10.2026 | 18:32:46,https://kaspi.kz/shop/p/apple-iphone-16-8-gb-128-gb-rozovyi-podarok-171515838/?c=750000000
124338734,Apple iPhone 16 Plus 256Gb Dual eSim синий,Apple,589000,UMMAH STORE,04.10.2026 | 18:32:46,https://kaspi.kz/shop/p/apple-iphone-16-plus-256gb-dual-esim-sinii-124338734/?c=750000000
107734353,Apple iPhone 14 256Gb Dual Sim голубой,Apple,529990,Mobile_Shop,04.10.2026 | 18:32:46,https://kaspi.kz/shop/p/apple-iphone-14-256gb-dual-sim-goluboi-107734353/?c=750000000
171578937,Смартфон Apple iPhone 15 6 ГБ/256 ГБ голубой + подарок,Apple,561000,UMMAH STORE,04.10.2026 | 18:32:46,https://kaspi.kz/shop/p/apple-iphone-15-6-gb-256-gb-goluboi-podarok-171578937/?c=750000000
177772480,Смартфон Apple iPhone 18 Pro Max 256Gb dual eSIM голубой,Apple,1150000,SMART ELECTRONICS,04.10.2026 | 18:32:55,https://kaspi.kz/shop/p/apple-iphone-18-pro-max-256gb-dual-esim-goluboi-177772480/?c=750000000
167281112,Смартфон Apple iPhone 16 256Gb черный + подарок,Apple,687000,UMMAH STORE 2,04.10.2026 | 18:32:55,https://kaspi.kz/shop/p/apple-iphone-16-256gb-chernyi-podarok-167281112/?c=750000000
113138454,Apple iPhone 15 Pro Max 1Tb NanoSIM+eSIM синий,Apple,897900,KHAN MOBILE,04.10.2026 | 18:32:55,https://kaspi.kz/shop/p/apple-iphone-15-pro-max-1tb-nanosim-esim-sinii-113138454/?c=750000000
177319424,Смартфон Apple iPhone 18 Pro Max 1Tb NanoSIM+eSIM серебристый,Apple,1700000,SMART ELECTRONICS,04.10.2026 | 18:32:55,https://kaspi.kz/shop/p/apple-iphone-18-pro-max-1tb-nanosim-esim-serebristyi-177319424/?c=750000000
122085248,Смартфон Apple iPhone 14 Pro 512Gb Dual eSim фиолетовый,Apple,890000,1Bay,04.10.2026 | 18:32:55,https://kaspi.kz/shop/p/apple-iphone-14-pro-512gb-dual-esim-fioletovyi-122085248/?c=750000000
168155172,Смартфон Apple iPhone 16 128Gb синий + подарок,Apple,556580,Rose mobile,04.10.2026 | 18:32:55,https://kaspi.kz/shop/p/apple-iphone-16-128gb-sinii-podarok-168155172/?c=750000000
114790815,Смартфон Apple iPhone 15 Pro 512Gb Dual Sim белый,Apple,679998,iStore KZ,04.10.2026 | 18:32:55,https://kaspi.kz/shop/p/apple-iphone-15-pro-512gb-dual-sim-belyi-114790815/?c=750000000
152720101,Смартфон Apple iPhone 16 Plus 128Gb NanoSIM+eSIM черный + подарок,Apple,619999,AG shop,04.10.2026 | 18:32:55,https://kaspi.kz/shop/p/apple-iphone-16-plus-128gb-nanosim-esim-chernyi-podarok-152720101/?c=750000000
177319233,Смартфон Apple iPhone 18 Pro Max 1Tb NanoSIM+eSIM черный,Apple,1700000,SMART ELECTRONICS,04.10.2026 | 18:32:55,https://kaspi.kz/shop/p/apple-iphone-18-pro-max-1tb-nanosim-esim-chernyi-177319233/?c=750000000
149071242,Смартфон Apple iPhone 16 128Gb NanoSIM+eSIM зеленый + подарок,Apple,511000,UMMAH STORE 2,04.10.2026 | 18:32:55,https://kaspi.kz/shop/p/apple-iphone-16-128gb-nanosim-esim-zelenyi-podarok-149071242/?c=750000000
167733530,Apple iPhone 16 128Gb белый + подарок,Apple,752589,MEGAPHONE,04.10.2026 | 18:32:55,https://kaspi.kz/shop/p/apple-iphone-16-128gb-belyi-podarok-167733530/?c=750000000
121694515,,Apple,718000,ZAKSTOR,04.10.2026 | 18:32:55,https://kaspi.kz/shop/p/apple-iphone-15-plus-256gb-dual-esim-rozovyi-121694515/?c=750000000
171516423,Apple iPhone 16 128 APPLE5_GIFT_A20W_YA36 Pink,Apple,535999,NOVAMART,04.10.2026 | 18:33:05,https://kaspi.kz/shop/p/apple-iphone-16-8-gb-128-gb-rozovyi-podarok-171516423/?c=750000000
168156202,Смартфон Apple iPhone 15 128Gb черный + подарок,Apple,563998,Amir.ON,04.10.2026 | 18:33:05,https://kaspi.kz/shop/p/apple-iphone-15-128gb-chernyi-podarok-168156202/?c=750000000
168155024,Apple iPhone 16 128Gb бирюзовый + подарок,Apple,597895,MEGAPHONE,04.10.2026 | 18:33:05,https://kaspi.kz/shop/p/apple-iphone-16-128gb-birjuzovyi-podarok-168155024/?c=750000000
124338670,Apple iPhone 16 Plus 128Gb Dual eSim розовый,Apple,579989,ZAKSTOR,04.10.2026 | 18:33:05,https://kaspi.kz/shop/p/apple-iphone-16-plus-128gb-dual-esim-rozovyi-124338670/?c=750000000
171516320,Смартфон Apple iPhone 16 8 ГБ/128 ГБ синий + подарок,Apple,569000,UMMAH STORE,04.10.2026 | 18:33:05,https://kaspi.kz/shop/p/apple-iphone-16-8-gb-128-gb-sinii-podarok-171516320/?c=750000000
147262321,Apple iPhone 16 128 APPLE_GIFT_YA24 Pink,Apple,497999,NOVAMART,04.10.2026 | 18:33:05,https://kaspi.kz/shop/p/apple-iphone-16-128gb-nanosim-esim-rozovyi-podarok-147262321/?c=750000000
122062756,Apple iPhone 14 512Gb Dual eSim голубой,Apple,534499,Mobile_Shop,04.10.2026 | 18:33:05,https://kaspi.kz/shop/p/apple-iphone-14-512gb-dual-esim-goluboi-122062756/?c=750000000
113138054,Apple iPhone 15 Plus 512Gb NanoSIM+eSIM розовый,Apple,565687,Zest Store,04.10.2026 | 18:33:05,https://kaspi.kz/shop/p/apple-iphone-15-plus-512gb-nanosim-esim-rozovyi-113138054/?c=750000000
107734101,Apple iPhone 14 128Gb Dual Sim голубой,Apple,432000,UMMAH STORE,04.10.2026 | 18:33:05,https://kaspi.kz/shop/p/apple-iphone-14-128gb-dual-sim-goluboi-107734101/?c=750000000
123776543,Apple iPhone 16 Plus 128Gb NanoSIM+eSIM зеленый,Apple,575933,Мобитайм,04.10.2026 | 18:33:05,https://kaspi.kz/shop/p/apple-iphone-16-plus-128gb-nanosim-esim-zelenyi-123776543/?c=750000000
121703281,Apple iPhone 15 Pro Max 512Gb Dual eSim белый,Apple,770000,Zest Store,04.10.2026 | 18:33:05,https://kaspi.kz/shop/p/apple-iphone-15-pro-max-512gb-dual-esim-belyi-121703281/?c=750000000
157460353,Apple iPhone 15 256 APPLE_GIFT_YA12 Black,Apple,533764,NOVAMART,04.10.2026 | 18:33:05,https://kaspi.kz/shop/p/apple-iphone-15-256gb-nanosim-esim-chernyi-podarok-157460353/?c=750000000
129269060,Смартфон Apple iPhone 16 Pro Max 1024Gb Dual Sim черный,Apple,899999,OZEN,04.10.2026 | 18:33:14,https://kaspi.kz/shop/p/apple-iphone-16-pro-max-1024gb-dual-sim-chernyi-129269060/?c=750000000
157458032,Apple iPhone 16 128 APPLE_GIFT_YA12 Teal,Apple,511990,NOVAMART,04.10.2026 | 18:33:14,https://kaspi.kz/shop/p/apple-iphone-16-128gb-nanosim-esim-zelenyi-podarok-157458032/?c=750000000
171515806,Apple iPhone 16 128 APPLE5_GIFT_A35WD_YA36 Teal,Apple,566990,NOVAMART,04.10.2026 | 18:33:14,https://kaspi.kz/shop/p/apple-iphone-16-8-gb-128-gb-zelenyi-podarok-171515806/?c=750000000
124338555,Apple iPhone 16 Pro Max 512Gb Dual eSim серебристый,Apple,897380,Tech.kz,04.10.2026 | 18:33:14,https://kaspi.kz/shop/p/apple-iphone-16-pro-max-512gb-dual-esim-serebristyi-124338555/?c=750000000
157457845,Apple iPhone 16 128 APPLE_GIFT_YA12 Pink,Apple,509999,NOVAMART,04.10.2026 | 18:33:14,https://kaspi.kz/shop/p/apple-iphone-16-128gb-nanosim-esim-rozovyi-podarok-157457845/?c=750000000
143568249,Apple iPhone 16 Pro Max 512Gb NanoSIM+eSIM золотистый + подарок,Apple,980002,"ТОО ""BI TRADE""",04.10.2026 | 18:33:14,https://kaspi.kz/shop/p/apple-iphone-16-pro-max-512gb-nanosim-esim-zolotistyi-podarok-143568249/?c=750000000
149070329,Смартфон Apple iPhone 16 256Gb NanoSIM+eSIM черный + подарок,Apple,638000,UMMAH STORE 2,04.10.2026 | 18:33:14,https://kaspi.kz/shop/p/apple-iphone-16-256gb-nanosim-esim-chernyi-podarok-149070329/?c=750000000
124338766,Apple iPhone 16 Plus 128Gb Dual eSim зеленый,Apple,616565,Mobile_Shop,04.10.2026 | 18:33:14,https://kaspi.kz/shop/p/apple-iphone-16-plus-128gb-dual-esim-zelenyi-124338766/?c=750000000
123889486,Apple iPhone 16 Pro 512Gb NanoSIM&#43;eSIM золотистый,Apple,878000,TOP_DEVICE,04.10.2026 | 18:33:14,https://kaspi.kz/shop/p/apple-iphone-16-pro-512gb-nanosim-esim-zolotistyi-123889486/?c=750000000
167728586,Apple iPhone 15 128Gb черный + подарок,Apple,713088,MEGAPHONE,04.10.2026 | 18:33:14,https://kaspi.kz/shop/p/apple-iphone-15-128gb-chernyi-podarok-167728586/?c=750000000
147262260,Apple iPhone 16 128Gb зеленый + подарок (Яндекс Плюс 24 месяца),Apple,469595,Sirius,04.10.2026 | 18:33:14,https://kaspi.kz/shop/p/apple-iphone-16-128gb-nanosim-esim-zelenyi-podarok-147262260/?c=750000000
113138293,Apple iPhone 15 Pro 512Gb NanoSIM+eSIM белый,Apple,817384,Мобитайм,04.10.2026 | 18:33:14,https://kaspi.kz/shop/p/apple-iphone-15-pro-512gb-nanosim-esim-belyi-113138293/?c=750000000
167728384,Смартфон Apple iPhone 15 256Gb черный + подарок,Apple,748999,SmartDuken,04.10.2026 | 18:33:24,https://kaspi.kz/shop/p/apple-iphone-15-256gb-chernyi-podarok-167728384/?c=750000000
147252727,Смартфон Apple iPhone 16 Plus 128Gb NanoSIM+eSIM черный + подарок,Apple,679999,AG shop,04.10.2026 | 18:33:24,https://kaspi.kz/shop/p/apple-iphone-16-plus-128gb-nanosim-esim-chernyi-podarok-147252727/?c=750000000
124338570,Apple iPhone 16 Pro Max 1Tb Dual eSim серебристый,Apple,1032547,Mobile_Shop,04.10.2026 | 18:33:24,https://kaspi.kz/shop/p/apple-iphone-16-pro-max-1tb-dual-esim-serebristyi-124338570/?c=750000000
124338719,Apple iPhone 16 Plus 128Gb Dual eSim синий,Apple,588999,ZAKSTOR,04.10.2026 | 18:33:24,https://kaspi.kz/shop/p/apple-iphone-16-plus-128gb-dual-esim-sinii-124338719/?c=750000000
171584278,Смартфон Apple iPhone 15 6 ГБ/128 ГБ голубой + подарок,Apple,522000,UMMAH STORE,04.10.2026 | 18:33:24,https://kaspi.kz/shop/p/apple-iphone-15-6-gb-128-gb-goluboi-podarok-171584278/?c=750000000
171584366,Смартфон Apple iPhone 15 6 ГБ/128 ГБ голубой + подарок,Apple,488982,MOBILS,04.10.2026 | 18:33:24,https://kaspi.kz/shop/p/apple-iphone-15-6-gb-128-gb-goluboi-podarok-171584366/?c=750000000
143711535,Apple iPhone 16 128Gb NanoSIM+eSIM розовый + подарок,Apple,536870,Мобитайм,04.10.2026 | 18:33:24,https://kaspi.kz/shop/p/apple-iphone-16-128gb-nanosim-esim-rozovyi-podarok-143711535/?c=750000000
122067481,Apple iPhone 14 Plus 512Gb Dual eSim черный,Apple,667777,CN-MARKET,04.10.2026 | 18:33:24,https://kaspi.kz/shop/p/apple-iphone-14-plus-512gb-dual-esim-chernyi-122067481/?c=750000000
149069765,Apple iPhone 16 128Gb NanoSIM+eSIM белый + подарок,Apple,575900,Galaxy Mobile,04.10.2026 | 18:33:24,https://kaspi.kz/shop/p/apple-iphone-16-128gb-nanosim-esim-belyi-podarok-149069765/?c=750000000
122061520,Смартфон Apple iPhone 14 128Gb Dual eSim сиреневый,Apple,446999,HanTech,04.10.2026 | 18:33:24,https://kaspi.kz/shop/p/apple-iphone-14-128gb-dual-esim-sirenevyi-122061520/?c=750000000
167728478,Смартфон Apple iPhone 15 128Gb синий + подарок,Apple,680000,SmartDuken,04.10.2026 | 18:33:24,https://kaspi.kz/shop/p/apple-iphone-15-128gb-sinii-podarok-167728478/?c=750000000
107734225,Apple iPhone 14 256Gb Dual Sim сиреневый,Apple,453000,UMMAH STORE,04.10.2026 | 18:33:24,https://kaspi.kz/shop/p/apple-iphone-14-256gb-dual-sim-sirenevyi-107734225/?c=750000000
107734439,Apple iPhone 14 128Gb Dual Sim сиреневый,Apple,528000,UMMAH STORE,04.10.2026 | 18:33:33,https://kaspi.kz/shop/p/apple-iphone-14-128gb-dual-sim-sirenevyi-107734439/?c=750000000
149069078,Смартфон Apple iPhone 16e 128Gb NanoSIM+eSIM белый + подарок,Apple,468000,UMMAH STORE,04.10.2026 | 18:33:33,https://kaspi.kz/shop/p/apple-iphone-16e-128gb-nanosim-esim-belyi-podarok-149069078/?c=750000000
106363188,Apple iPhone 14 256Gb NanoSIM+eSIM красный,Apple,485999,GadgetON,04.10.2026 | 18:33:33,https://kaspi.kz/shop/p/apple-iphone-14-256gb-nanosim-esim-krasnyi-106363188/?c=750000000
113138415,Смартфон Apple iPhone 15 Pro Max 1Tb NanoSIM+eSIM черный,Apple,990579,Joanna,04.10.2026 | 18:33:33,https://kaspi.kz/shop/p/apple-iphone-15-pro-max-1tb-nanosim-esim-chernyi-113138415/?c=750000000
167733756,Apple iPhone 16 128Gb бирюзовый + подарок,Apple,786028,MEGAPHONE,04.10.2026 | 18:33:33,https://kaspi.kz/shop/p/apple-iphone-16-128gb-birjuzovyi-podarok-167733756/?c=750000000
168155773,Apple iPhone 16 128Gb бирюзовый + подарок,Apple,528480,MEGAPHONE,04.10.2026 | 18:33:33,https://kaspi.kz/shop/p/apple-iphone-16-128gb-birjuzovyi-podarok-168155773/?c=750000000
124338464,Apple iPhone 16 Pro Max 512Gb Dual eSim белый,Apple,1000000,Mobile_Shop,04.10.2026 | 18:33:33,https://kaspi.kz/shop/p/apple-iphone-16-pro-max-512gb-dual-esim-belyi-124338464/?c=750000000
134234127,Смартфон Apple iPhone 16 128Gb NanoSIM+eSIM фиолетовый + подарок,Apple,530000,UMMAH STORE,04.10.2026 | 18:33:33,https://kaspi.kz/shop/p/apple-iphone-16-128gb-nanosim-esim-fioletovyi-podarok-134234127/?c=750000000
147252456,Смартфон Apple iPhone 16 Plus 128Gb NanoSIM+eSIM фиолетовый + подарок,Apple,621000,UMMAH STORE,04.10.2026 | 18:33:33,https://kaspi.kz/shop/p/apple-iphone-16-plus-128gb-nanosim-esim-fioletovyi-podarok-147252456/?c=750000000
143568193,Apple iPhone 16 Pro Max 512Gb NanoSIM+eSIM черный + подарок,Apple,910001,"ТОО ""BI TRADE""",04.10.2026 | 18:33:33,https://kaspi.kz/shop/p/apple-iphone-16-pro-max-512gb-nanosim-esim-chernyi-podarok-143568193/?c=750000000
167281218,Смартфон Apple iPhone 16 128Gb черный + подарок,Apple,605917,MOBILS,04.10.2026 | 18:33:33,https://kaspi.kz/shop/p/apple-iphone-16-128gb-chernyi-podarok-167281218/?c=750000000
113138050,Смартфон Apple iPhone 15 Plus 256Gb NanoSIM+eSIM голубой,Apple,611377,AG shop,04.10.2026 | 18:33:33,https://kaspi.kz/shop/p/apple-iphone-15-plus-256gb-nanosim-esim-goluboi-113138050/?c=750000000
113137965,Apple iPhone 15 512Gb NanoSIM+eSIM желтый,Apple,578240,GOLDEN_KZ,04.10.2026 | 18:33:41,https://kaspi.kz/shop/p/apple-iphone-15-512gb-nanosim-esim-zheltyi-113137965/?c=750000000
149071952,Смартфон Apple iPhone 16 128Gb NanoSIM+eSIM черный + подарок,Apple,544000,UMMAH STORE 2,04.10.2026 | 18:33:41,https://kaspi.kz/shop/p/apple-iphone-16-128gb-nanosim-esim-chernyi-podarok-149071952/?c=750000000
114323222,Apple iPhone 15 128Gb Dual Sim зеленый,Apple,600000,Mobile_Shop,04.10.2026 | 18:33:41,https://kaspi.kz/shop/p/apple-iphone-15-128gb-dual-sim-zelenyi-114323222/?c=750000000
171578875,Смартфон Apple iPhone 15 6 ГБ/256 ГБ розовый + подарок,Apple,699999,AG shop,04.10.2026 | 18:33:41,https://kaspi.kz/shop/p/apple-iphone-15-6-gb-256-gb-rozovyi-podarok-171578875/?c=750000000
143581169,Смартфон Apple iPhone 16 Plus 128Gb NanoSIM+eSIM белый + подарок,Apple,659898,AG shop,04.10.2026 | 18:33:41,https://kaspi.kz/shop/p/apple-iphone-16-plus-128gb-nanosim-esim-belyi-podarok-143581169/?c=750000000
143568180,Apple iPhone 16 Pro Max 512Gb NanoSIM+eSIM серебристый + подарок,Apple,986890,Мобитайм,04.10.2026 | 18:33:41,https://kaspi.kz/shop/p/apple-iphone-16-pro-max-512gb-nanosim-esim-serebristyi-podarok-143568180/?c=750000000
113587858,Apple iPhone 15 Pro Max 1Tb Dual Sim серый,Apple,949990,Mobile_Shop,04.10.2026 | 18:33:41,https://kaspi.kz/shop/p/apple-iphone-15-pro-max-1tb-dual-sim-seryi-113587858/?c=750000000
124338778,Apple iPhone 16 Plus 256Gb Dual eSim зеленый,Apple,579990,Mobile_Shop,04.10.2026 | 18:33:41,https://kaspi.kz/shop/p/apple-iphone-16-plus-256gb-dual-esim-zelenyi-124338778/?c=750000000
121703430,Смартфон Apple iPhone 15 Pro Max 1Tb Dual eSim синий,Apple,749999,Apple-Plus,04.10.2026 | 18:33:41,https://kaspi.kz/shop/p/apple-iphone-15-pro-max-1tb-dual-esim-sinii-121703430/?c=750000000
113138052,Apple iPhone 15 Plus 128Gb NanoSIM+eSIM розовый,Apple,598999,GadgetON,04.10.2026 | 18:33:41,https://kaspi.kz/shop/p/apple-iphone-15-plus-128gb-nanosim-esim-rozovyi-113138052/?c=750000000
102298431,Apple iPhone 13 128Gb NanoSIM+eSIM красный,Apple,529990,Mobile_Shop,04.10.2026 | 18:33:41,https://kaspi.kz/shop/p/apple-iphone-13-128gb-nanosim-esim-krasnyi-102298431/?c=750000000
113589043,Смартфон Apple iPhone 15 Pro 512Gb Dual Sim черный,Apple,679993,OZEN,04.10.2026 | 18:33:41,https://kaspi.kz/shop/p/apple-iphone-15-pro-512gb-dual-sim-chernyi-113589043/?c=750000000
128138599,Apple iPhone 16 Pro Max 1Tb Dual Sim золотистый,Apple,1099990,Mobile_Shop,04.10.2026 | 18:33:51,https://kaspi.kz/shop/p/apple-iphone-16-pro-max-1tb-dual-sim-zolotistyi-128138599/?c=750000000
106363213,Apple iPhone 14 Plus 128Gb NanoSIM+eSIM красный,Apple,482959,Мобитайм,04.10.2026 | 18:33:51,https://kaspi.kz/shop/p/apple-iphone-14-plus-128gb-nanosim-esim-krasnyi-106363213/?c=750000000
121701907,Apple iPhone 15 Pro 128Gb Dual eSim серый,Apple,690000,UMMAH STORE,04.10.2026 | 18:33:51,https://kaspi.kz/shop/p/apple-iphone-15-pro-128gb-dual-esim-seryi-121701907/?c=750000000
113138038,Apple iPhone 15 Plus 512Gb NanoSIM+eSIM черный,Apple,576257,Zest Store,04.10.2026 | 18:33:51,https://kaspi.kz/shop/p/apple-iphone-15-plus-512gb-nanosim-esim-chernyi-113138038/?c=750000000
113137962,Apple iPhone 15 256Gb NanoSIM+eSIM желтый,Apple,526615,Мобитайм,04.10.2026 | 18:33:51,https://kaspi.kz/shop/p/apple-iphone-15-256gb-nanosim-esim-zheltyi-113137962/?c=750000000
114323231,Apple iPhone 15 256Gb Dual Sim зеленый,Apple,600000,Mobile_Shop,04.10.2026 | 18:33:51,https://kaspi.kz/shop/p/apple-iphone-15-256gb-dual-sim-zelenyi-114323231/?c=750000000
106363237,Apple iPhone 14 Plus 256Gb NanoSIM+eSIM красный,Apple,543592,Zest Store,04.10.2026 | 18:33:51,https://kaspi.kz/shop/p/apple-iphone-14-plus-256gb-nanosim-esim-krasnyi-106363237/?c=750000000
147262573,Смартфон Apple iPhone 16e 128Gb NanoSIM+eSIM белый + подарок,Apple,459000,UMMAH STORE,04.10.2026 | 18:33:51,https://kaspi.kz/shop/p/apple-iphone-16e-128gb-nanosim-esim-belyi-podarok-147262573/?c=750000000
122061755,Apple iPhone 14 256Gb Dual eSim сиреневый,Apple,465800,UMMAH STORE,04.10.2026 | 18:33:51,https://kaspi.kz/shop/p/apple-iphone-14-256gb-dual-esim-sirenevyi-122061755/?c=750000000
167728498,Смартфон Apple iPhone 15 128Gb черный + подарок,Apple,695930,MOBILS,04.10.2026 | 18:33:51,https://kaspi.kz/shop/p/apple-iphone-15-128gb-chernyi-podarok-167728498/?c=750000000
128138668,Apple iPhone 16 Pro Max 512Gb Dual Sim золотистый,Apple,1000000,Mobile_Shop,04.10.2026 | 18:33:51,https://kaspi.kz/shop/p/apple-iphone-16-pro-max-512gb-dual-sim-zolotistyi-128138668/?c=750000000
124338480,Apple iPhone 16 Pro Max 1Tb Dual eSim белый,Apple,1069999,Mobile_Shop,04.10.2026 | 18:33:51,https://kaspi.kz/shop/p/apple-iphone-16-pro-max-1tb-dual-esim-belyi-124338480/?c=750000000
147252869,Смартфон Apple iPhone 16 Plus 256Gb NanoSIM+eSIM розовый + подарок,Apple,679000,SmartDuken,04.10.2026 | 18:34:00,https://kaspi.kz/shop/p/apple-iphone-16-plus-256gb-nanosim-esim-rozovyi-podarok-147252869/?c=750000000
147262190,Смартфон Apple iPhone 16 128Gb NanoSIM+eSIM фиолетовый + подарок,Apple,532000,UMMAH STORE,04.10.2026 | 18:34:00,https://kaspi.kz/shop/p/apple-iphone-16-128gb-nanosim-esim-fioletovyi-podarok-147262190/?c=750000000
134790946,Apple iPhone 13 512Gb Dual Sim красный,Apple,529990,Mobile_Shop,04.10.2026 | 18:34:00,https://kaspi.kz/shop/p/apple-iphone-13-512gb-dual-sim-krasnyi-134790946/?c=750000000
171516366,Apple iPhone 16 128 APPLE5_GIFT_A20W_YA36 Teal,Apple,536990,NOVAMART,04.10.2026 | 18:34:00,https://kaspi.kz/shop/p/apple-iphone-16-8-gb-128-gb-zelenyi-podarok-171516366/?c=750000000
121693222,Apple iPhone 15 512Gb Dual eSim розовый,Apple,559900,Zest Store,04.10.2026 | 18:34:00,https://kaspi.kz/shop/p/apple-iphone-15-512gb-dual-esim-rozovyi-121693222/?c=750000000
143581486,Смартфон Apple iPhone 16 Plus 128Gb NanoSIM+eSIM черный + подарок,Apple,678999,AG shop,04.10.2026 | 18:34:00,https://kaspi.kz/shop/p/apple-iphone-16-plus-128gb-nanosim-esim-chernyi-podarok-143581486/?c=750000000
106363239,Apple iPhone 14 Plus 512Gb NanoSIM+eSIM красный,Apple,531109,Zest Store,04.10.2026 | 18:34:00,https://kaspi.kz/shop/p/apple-iphone-14-plus-512gb-nanosim-esim-krasnyi-106363239/?c=750000000
106363190,Смартфон Apple iPhone 14 512Gb NanoSIM+eSIM красный,Apple,465000,GOLDEN_KZ,04.10.2026 | 18:34:00,https://kaspi.kz/shop/p/apple-iphone-14-512gb-nanosim-esim-krasnyi-106363190/?c=750000000
143711525,Apple iPhone 16 128Gb NanoSIM+eSIM белый + подарок,Apple,520900,Galaxy Mobile,04.10.2026 | 18:34:00,https://kaspi.kz/shop/p/apple-iphone-16-128gb-nanosim-esim-belyi-podarok-143711525/?c=750000000
143711615,Смартфон Apple iPhone 16 Plus 128Gb NanoSIM+eSIM черный + подарок,Apple,599999,AG shop,04.10.2026 | 18:34:00,https://kaspi.kz/shop/p/apple-iphone-16-plus-128gb-nanosim-esim-chernyi-podarok-143711615/?c=750000000
122063967,Смартфон Apple iPhone 14 128Gb Dual eSim желтый,Apple,480000,ZAKSTOR,04.10.2026 | 18:34:01,https://kaspi.kz/shop/p/apple-iphone-14-128gb-dual-esim-zheltyi-122063967/?c=750000000
131637785,Apple iPhone 16 Pro Max 1Tb Dual Sim белый,Apple,1089990,Mobile_Shop,04.10.2026 | 18:34:01,https://kaspi.kz/shop/p/apple-iphone-16-pro-max-1tb-dual-sim-belyi-131637785/?c=750000000
167732895,Apple iPhone 16 128Gb белый + подарок,Apple,768493,MEGAPHONE,04.10.2026 | 18:34:13,https://kaspi.kz/shop/p/apple-iphone-16-128gb-belyi-podarok-167732895/?c=750000000
121692531,Apple iPhone 15 512Gb Dual eSim голубой,Apple,599990,Mobile_Shop,04.10.2026 | 18:34:13,https://kaspi.kz/shop/p/apple-iphone-15-512gb-dual-esim-goluboi-121692531/?c=750000000
143711541,Смартфон Apple iPhone 16 128Gb NanoSIM+eSIM фиолетовый + подарок,Apple,526000,UMMAH STORE,04.10.2026 | 18:34:13,https://kaspi.kz/shop/p/apple-iphone-16-128gb-nanosim-esim-fioletovyi-podarok-143711541/?c=750000000
143711520,Смартфон Apple iPhone 16 256Gb NanoSIM+eSIM черный + подарок,Apple,605000,UMMAH STORE 2,04.10.2026 | 18:34:13,https://kaspi.kz/shop/p/apple-iphone-16-256gb-nanosim-esim-chernyi-podarok-143711520/?c=750000000
124338894,Apple iPhone 16 512Gb Dual eSim черный,Apple,740000,ZAKSTOR,04.10.2026 | 18:34:13,https://kaspi.kz/shop/p/apple-iphone-16-512gb-dual-esim-chernyi-124338894/?c=750000000
143568049,Смартфон Apple iPhone 16 Pro Max 1024Gb NanoSIM+eSIM черный + подарок,Apple,849999,AG shop,04.10.2026 | 18:34:13,https://kaspi.kz/shop/p/apple-iphone-16-pro-max-1024gb-nanosim-esim-chernyi-podarok-143568049/?c=750000000
143711603,Смартфон Apple iPhone 16 128Gb NanoSIM+eSIM черный + подарок,Apple,537000,UMMAH STORE,04.10.2026 | 18:34:13,https://kaspi.kz/shop/p/apple-iphone-16-128gb-nanosim-esim-chernyi-podarok-143711603/?c=750000000
167728339,Apple iPhone 15 256 APPLE2_GIFT_A20W_PODS_SE3S Black,Apple,776999,NOVAMART,04.10.2026 | 18:34:13,https://kaspi.kz/shop/p/apple-iphone-15-256gb-chernyi-podarok-167728339/?c=750000000
143568082,Apple iPhone 16 Pro Max 256Gb NanoSIM+eSIM белый + подарок,Apple,929998,Мобитайм,04.10.2026 | 18:34:13,https://kaspi.kz/shop/p/apple-iphone-16-pro-max-256gb-nanosim-esim-belyi-podarok-143568082/?c=750000000
167728311,,Apple,777879,SmartDuken,04.10.2026 | 18:34:13,https://kaspi.kz/shop/p/apple-iphone-15-256gb-sinii-podarok-167728311/?c=750000000
167733696,Apple iPhone 16 128 APPLE2_GIFT_A20W_PODS_SE3S Black,Apple,758999,NOVAMART,04.10.2026 | 18:34:13,https://kaspi.kz/shop/p/apple-iphone-16-128gb-chernyi-podarok-167733696/?c=750000000
134907464,Apple iPhone 16 Pro Max 1Tb Dual Sim серебристый,Apple,1099990,Mobile_Shop,04.10.2026 | 18:34:13,https://kaspi.kz/shop/p/apple-iphone-16-pro-max-1tb-dual-sim-serebristyi-134907464/?c=750000000
147262018,Смартфон Apple iPhone 15 128Gb NanoSIM+eSIM розовый + подарок,Apple,568500,Rose mobile,04.10.2026 | 18:34:22,https://kaspi.kz/shop/p/apple-iphone-15-128gb-nanosim-esim-rozovyi-podarok-147262018/?c=750000000
143568101,Apple iPhone 16 Pro Max 512Gb NanoSIM+eSIM белый + подарок,Apple,998074,"ТОО ""BI TRADE""",04.10.2026 | 18:34:22,https://kaspi.kz/shop/p/apple-iphone-16-pro-max-512gb-nanosim-esim-belyi-podarok-143568101/?c=750000000
121703057,Смартфон Apple iPhone 15 Pro 512Gb Dual eSim синий,Apple,699999,Apple-Plus,04.10.2026 | 18:34:22,https://kaspi.kz/shop/p/apple-iphone-15-pro-512gb-dual-esim-sinii-121703057/?c=750000000
143710779,Apple iPhone 16 Pro Max 512Gb NanoSIM+eSIM золотистый + подарок,Apple,1035985,Мобитайм,04.10.2026 | 18:34:22,https://kaspi.kz/shop/p/apple-iphone-16-pro-max-512gb-nanosim-esim-zolotistyi-podarok-143710779/?c=750000000
143710977,Apple iPhone 16 Pro Max 512Gb NanoSIM+eSIM черный + подарок,Apple,958990,Мобитайм,04.10.2026 | 18:34:22,https://kaspi.kz/shop/p/apple-iphone-16-pro-max-512gb-nanosim-esim-chernyi-podarok-143710977/?c=750000000
167733769,Apple iPhone 16 128Gb розовый + подарок,Apple,750001,MEGAPHONE,04.10.2026 | 18:34:22,https://kaspi.kz/shop/p/apple-iphone-16-128gb-rozovyi-podarok-167733769/?c=750000000
147262146,Смартфон Apple iPhone 16 256Gb NanoSIM+eSIM черный + подарок,Apple,627000,UMMAH STORE 2,04.10.2026 | 18:34:22,https://kaspi.kz/shop/p/apple-iphone-16-256gb-nanosim-esim-chernyi-podarok-147262146/?c=750000000
167732945,Apple iPhone 16 128 APPLE2_GIFT_A20W_PODS_SE3S Teal,Apple,764990,NOVAMART,04.10.2026 | 18:34:22,https://kaspi.kz/shop/p/apple-iphone-16-128gb-birjuzovyi-podarok-167732945/?c=750000000
143710795,Смартфон Apple iPhone 16 Pro Max 1Tb NanoSIM+eSIM черный + подарок,Apple,854999,AG shop,04.10.2026 | 18:34:22,https://kaspi.kz/shop/p/apple-iphone-16-pro-max-1tb-nanosim-esim-chernyi-podarok-143710795/?c=750000000
143710808,Apple iPhone 16 Pro Max 256Gb NanoSIM+eSIM черный + подарок,Apple,999811,Мобитайм,04.10.2026 | 18:34:22,https://kaspi.kz/shop/p/apple-iphone-16-pro-max-256gb-nanosim-esim-chernyi-podarok-143710808/?c=750000000
173025307,,Apple,620000,ZAKSTOR,04.10.2026 | 18:34:22,https://kaspi.kz/shop/p/apple-iphone-16e-512gb-dual-esim-chernyi-173025307/?c=750000000
171515787,Смартфон Apple iPhone 16 8 ГБ/128 ГБ синий + подарок,Apple,598000,UMMAH STORE,04.10.2026 | 18:34:22,https://kaspi.kz/shop/p/apple-iphone-16-8-gb-128-gb-sinii-podarok-171515787/?c=750000000
173025496,Смартфон Apple iPhone 16e 512Gb Dual eSim белый,Apple,614992,MOBILS,04.10.2026 | 18:34:30,https://kaspi.kz/shop/p/apple-iphone-16e-512gb-dual-esim-belyi-173025496/?c=750000000
143567957,Apple iPhone 16 Pro Max 1024Gb NanoSIM+eSIM белый + подарок,Apple,1118880,Мобитайм,04.10.2026 | 18:34:30,https://kaspi.kz/shop/p/apple-iphone-16-pro-max-1024gb-nanosim-esim-belyi-podarok-143567957/?c=750000000
157460148,Смартфон Apple iPhone 15 256Gb NanoSIM+eSIM голубой + подарок,Apple,540000,UMMAH STORE,04.10.2026 | 18:34:30,https://kaspi.kz/shop/p/apple-iphone-15-256gb-nanosim-esim-goluboi-podarok-157460148/?c=750000000
157460634,Смартфон Apple iPhone 15 128Gb NanoSIM+eSIM розовый + подарок,Apple,495000,Rose mobile,04.10.2026 | 18:34:30,https://kaspi.kz/shop/p/apple-iphone-15-128gb-nanosim-esim-rozovyi-podarok-157460634/?c=750000000
142747731,Apple iPhone 16 Pro Max 512Gb Dual Sim серебристый,Apple,1000000,Mobile_Shop,04.10.2026 | 18:34:30,https://kaspi.kz/shop/p/apple-iphone-16-pro-max-512gb-dual-sim-serebristyi-142747731/?c=750000000
147262432,Смартфон Apple iPhone 16 Pro 128Gb NanoSIM+eSIM серебристый + подарок,Apple,669900,UMMAH STORE 2,04.10.2026 | 18:34:30,https://kaspi.kz/shop/p/apple-iphone-16-pro-128gb-nanosim-esim-serebristyi-podarok-147262432/?c=750000000
143711456,Смартфон Apple iPhone 16 Pro 128Gb NanoSIM+eSIM золотистый + подарок,Apple,707000,UMMAH STORE,04.10.2026 | 18:34:30,https://kaspi.kz/shop/p/apple-iphone-16-pro-128gb-nanosim-esim-zolotistyi-podarok-143711456/?c=750000000
121192087,Apple iPhone 15 Plus 128Gb Dual Sim розовый,Apple,729000,UMMAH STORE,04.10.2026 | 18:34:30,https://kaspi.kz/shop/p/apple-iphone-15-plus-128gb-dual-sim-rozovyi-121192087/?c=750000000
157459977,Смартфон Apple iPhone 15 256Gb NanoSIM+eSIM розовый + подарок,Apple,649999,AG shop,04.10.2026 | 18:34:31,https://kaspi.kz/shop/p/apple-iphone-15-256gb-nanosim-esim-rozovyi-podarok-157459977/?c=750000000
171584329,Смартфон Apple iPhone 15 6 ГБ/128 ГБ розовый + подарок,Apple,659999,AG shop,04.10.2026 | 18:34:31,https://kaspi.kz/shop/p/apple-iphone-15-6-gb-128-gb-rozovyi-podarok-171584329/?c=750000000
167733189,Apple iPhone 16 128 APPLE2_GIFT_A20W_PODS_SE3S Pink,Apple,764990,NOVAMART,04.10.2026 | 18:34:31,https://kaspi.kz/shop/p/apple-iphone-16-128gb-rozovyi-podarok-167733189/?c=750000000
167728368,Смартфон Apple iPhone 15 256Gb синий + подарок,Apple,760899,SmartDuken,04.10.2026 | 18:34:31,https://kaspi.kz/shop/p/apple-iphone-15-256gb-sinii-podarok-167728368/?c=750000000
134233520,Смартфон Apple iPhone 16 Pro 128Gb NanoSIM+eSIM серебристый + подарок,Apple,695000,UMMAH STORE 2,04.10.2026 | 18:34:39,https://kaspi.kz/shop/p/apple-iphone-16-pro-128gb-nanosim-esim-serebristyi-podarok-134233520/?c=750000000
143711045,Apple iPhone 16 Pro Max 512Gb NanoSIM+eSIM серебристый + подарок,Apple,1009060,Мобитайм,04.10.2026 | 18:34:39,https://kaspi.kz/shop/p/apple-iphone-16-pro-max-512gb-nanosim-esim-serebristyi-podarok-143711045/?c=750000000
143710967,Смартфон Apple iPhone 16 Pro Max 1Tb NanoSIM+eSIM серебристый + подарок,Apple,949999,AG shop,04.10.2026 | 18:34:39,https://kaspi.kz/shop/p/apple-iphone-16-pro-max-1tb-nanosim-esim-serebristyi-podarok-143710967/?c=750000000
143568344,Apple iPhone 16 Pro Max 1024Gb NanoSIM+eSIM золотистый + подарок,Apple,1199500,"ТОО ""BI TRADE""",04.10.2026 | 18:34:39,https://kaspi.kz/shop/p/apple-iphone-16-pro-max-1024gb-nanosim-esim-zolotistyi-podarok-143568344/?c=750000000
147255345,Смартфон Apple iPhone 16 Pro 128Gb NanoSIM+eSIM золотистый + подарок,Apple,708000,UMMAH STORE,04.10.2026 | 18:34:39,https://kaspi.kz/shop/p/apple-iphone-16-pro-128gb-nanosim-esim-zolotistyi-podarok-147255345/?c=750000000
171584357,Смартфон Apple iPhone 15 6 ГБ/128 ГБ зеленый + подарок,Apple,519999,AG shop,04.10.2026 | 18:34:39,https://kaspi.kz/shop/p/apple-iphone-15-6-gb-128-gb-zelenyi-podarok-171584357/?c=750000000
143711029,Смартфон Apple iPhone 16 Pro Max 1Tb NanoSIM+eSIM белый + подарок,Apple,889999,AG shop,04.10.2026 | 18:34:39,https://kaspi.kz/shop/p/apple-iphone-16-pro-max-1tb-nanosim-esim-belyi-podarok-143711029/?c=750000000
149071196,Смартфон Apple iPhone 16 128Gb NanoSIM+eSIM фиолетовый + подарок,Apple,550000,UMMAH STORE,04.10.2026 | 18:34:39,https://kaspi.kz/shop/p/apple-iphone-16-128gb-nanosim-esim-fioletovyi-podarok-149071196/?c=750000000
134226673,Смартфон Apple iPhone 16 Pro 128Gb Dual Sim золотистый + подарок,Apple,719000,UMMAH STORE 2,04.10.2026 | 18:34:39,https://kaspi.kz/shop/p/apple-iphone-16-pro-128gb-dual-sim-zolotistyi-podarok-134226673/?c=750000000
157458723,Apple iPhone 15 256Gb NanoSIM+eSIM розовый + подарок,Apple,648451,Zest Store,04.10.2026 | 18:34:39,https://kaspi.kz/shop/p/apple-iphone-15-256gb-nanosim-esim-rozovyi-podarok-157458723/?c=750000000
143873332,Смартфон Apple iPhone 15 128Gb NanoSIM+eSIM синий + подарок,Apple,490000,UMMAH STORE,04.10.2026 | 18:34:39,https://kaspi.kz/shop/p/apple-iphone-15-128gb-nanosim-esim-sinii-podarok-143873332/?c=750000000
143579032,Смартфон Apple iPhone 15 128Gb NanoSIM+eSIM зеленый + подарок,Apple,529982,MOBILS,04.10.2026 | 18:34:39,https://kaspi.kz/shop/p/apple-iphone-15-128gb-nanosim-esim-zelenyi-podarok-143579032/?c=750000000
119229562,Смартфон Apple iPhone 15 Plus 256Gb Dual Sim розовый,Apple,729000,UMMAH STORE,04.10.2026 | 18:34:47,https://kaspi.kz/shop/p/apple-iphone-15-plus-256gb-dual-sim-rozovyi-119229562/?c=750000000
143568304,Apple iPhone 16 Pro Max 1024Gb NanoSIM+eSIM серебристый + подарок,Apple,1100082,Мобитайм,04.10.2026 | 18:34:47,https://kaspi.kz/shop/p/apple-iphone-16-pro-max-1024gb-nanosim-esim-serebristyi-podarok-143568304/?c=750000000
123726806,Apple iPhone 16 128Gb розовый,Apple,458994,ALPHA,04.10.2026 | 20:59:08,https://kaspi.kz/shop/p/apple-iphone-16-128gb-nanosim-esim-rozovyi-123726806/?c=750000000
123727574,Смартфон Apple iPhone 16 128Gb NanoSIM+eSIM зеленый,Apple,435995,"ТОО ""TECHNIC PLUS""",04.10.2026 | 20:59:09,https://kaspi.kz/shop/p/apple-iphone-16-128gb-nanosim-esim-zelenyi-123727574/?c=750000000
123890547,Apple iPhone 16 Pro Max 256Gb NanoSIM+eSIM золотистый,Apple,652268,BERLIN,04.10.2026 | 20:59:09,https://kaspi.kz/shop/p/apple-iphone-16-pro-max-256gb-nanosim-esim-zolotistyi-123890547/?c=750000000
148425720,Apple iPhone 17 Pro 256Gb Dual eSim серебристый,Apple,670000,SMART ELECTRONICS,04.10.2026 | 20:59:10,https://kaspi.kz/shop/p/apple-iphone-17-pro-256gb-dual-esim-serebristyi-148425720/?c=750000000
145466665,Apple iPhone 17 256Gb NanoSIM+eSIM фиолетовый,Apple,549976,iNomad,04.10.2026 | 20:59:10,https://kaspi.kz/shop/p/apple-iphone-17-256gb-nanosim-esim-fioletovyi-145466665/?c=750000000
145467562,Смартфон iPhone 17 Pro 256GB Silver MG8G4HX/A,Apple,702970,ABC Retail,04.10.2026 | 20:59:11,https://kaspi.kz/shop/p/apple-iphone-17-pro-256gb-nanosim-esim-serebristyi-145467562/?c=750000000
177318065,Смартфон Apple iPhone 18 Pro 512Gb NanoSIM+eSIM черный,Apple,1099990,Mobile Planet,04.10.2026 | 20:59:11,https://kaspi.kz/shop/p/apple-iphone-18-pro-512gb-nanosim-esim-chernyi-177318065/?c=750000000
145438959,Смартфон Apple iPhone 17 Pro 256Gb NanoSIM+eSIM темно-синий,Apple,692730,ArrowXKZ,04.10.2026 | 20:59:11,https://kaspi.kz/shop/p/apple-iphone-17-pro-256gb-nanosim-esim-temno-sinii-145438959/?c=750000000
145468241,Смартфон iPhone 17 Pro Max 256GB Cosmic Orange MFYN4HX/A,Apple,713378,ABC Retail,04.10.2026 | 20:59:12,https://kaspi.kz/shop/p/apple-iphone-17-pro-max-256gb-nanosim-esim-oranzhevyi-145468241/?c=750000000
177318181,iPhone 18 Pro 256GB Silver,Apple,849990,iSpace Apple Premium Partner,04.10.2026 | 20:59:12,https://kaspi.kz/shop/p/apple-iphone-18-pro-256gb-nanosim-esim-serebristyi-177318181/?c=750000000
145468150,Смартфон iPhone 17 Pro Max 256GB Silver MFYM4HX/A,Apple,750076,ABC Retail,04.10.2026 | 20:59:12,https://kaspi.kz/shop/p/apple-iphone-17-pro-max-256gb-nanosim-esim-serebristyi-145468150/?c=750000000
177316418,iPhone 18 Pro 256GB Burgundy,Apple,849990,iSpace Apple Premium Partner,04.10.2026 | 20:59:12,https://kaspi.kz/shop/p/apple-iphone-18-pro-256gb-nanosim-esim-bordovyi-177316418/?c=750000000
145467625,Смартфон iPhone 17 Pro 256GB Cosmic Orange MG8H4HX/A,Apple,694718,ABC Retail,04.10.2026 | 20:59:12,https://kaspi.kz/shop/p/apple-iphone-17-pro-256gb-nanosim-esim-oranzhevyi-145467625/?c=750000000
113137790,Apple iPhone 15 128Gb черный,Apple,395697,FORTUNA,04.10.2026 | 20:59:12,https://kaspi.kz/shop/p/apple-iphone-15-128gb-nanosim-esim-chernyi-113137790/?c=750000000
177318415,Смартфон Apple iPhone 18 Pro 512Gb NanoSIM+eSIM голубой,Apple,1169990,MOBILE CITY 001,04.10.2026 | 20:59:12,https://kaspi.kz/shop/p/apple-iphone-18-pro-512gb-nanosim-esim-goluboi-177318415/?c=750000000
177319119,iPhone 18 Pro Max 256GB Black,Apple,909990,iSpace Apple Premium Partner,04.10.2026 | 20:59:12,https://kaspi.kz/shop/p/apple-iphone-18-pro-max-256gb-nanosim-esim-chernyi-177319119/?c=750000000
177318761,iPhone 18 Pro Max 256GB Glacier,Apple,909990,iSpace Apple Premium Partner,04.10.2026 | 20:59:12,https://kaspi.kz/shop/p/apple-iphone-18-pro-max-256gb-nanosim-esim-goluboi-177318761/?c=750000000
123727182,Смартфон Apple iPhone 16 128Gb NanoSIM+eSIM фиолетовый,Apple,439997,1Bay,04.10.2026 | 20:59:12,https://kaspi.kz/shop/p/apple-iphone-16-128gb-nanosim-esim-fioletovyi-123727182/?c=750000000
113137931,Смартфон Apple iPhone 15 256Gb NanoSIM+eSIM голубой,Apple,500000,Sana Market,04.10.2026 | 20:59:13,https://kaspi.kz/shop/p/apple-iphone-15-256gb-nanosim-esim-goluboi-113137931/?c=750000000
113138428,Apple iPhone 15 Pro Max 256Gb NanoSIM+eSIM синий,Apple,746030,Мобитайм,04.10.2026 | 20:59:21,https://kaspi.kz/shop/p/apple-iphone-15-pro-max-256gb-nanosim-esim-sinii-113138428/?c=750000000
148442483,Apple iPhone 17 256Gb Dual eSim фиолетовый,Apple,524987,ALPHA,04.10.2026 | 20:59:21,https://kaspi.kz/shop/p/apple-iphone-17-256gb-dual-esim-fioletovyi-148442483/?c=750000000
145467681,Смартфон Apple iPhone 17 Pro 1024Gb NanoSIM+eSIM оранжевый,Apple,886951,TULPAR STORE,04.10.2026 | 20:59:21,https://kaspi.kz/shop/p/apple-iphone-17-pro-1024gb-nanosim-esim-oranzhevyi-145467681/?c=750000000
123890381,Apple iPhone 16 Pro Max 1Tb NanoSIM+eSIM черный,Apple,803365,BERLIN,04.10.2026 | 20:59:21,https://kaspi.kz/shop/p/apple-iphone-16-pro-max-1tb-nanosim-esim-chernyi-123890381/?c=750000000
124338543,Apple iPhone 16 Pro Max 256Gb Dual eSim серебристый,Apple,754000,ZAKSTOR,04.10.2026 | 20:59:21,https://kaspi.kz/shop/p/apple-iphone-16-pro-max-256gb-dual-esim-serebristyi-124338543/?c=750000000
124337884,Смартфон Apple iPhone 16 128Gb Dual eSim черный,Apple,450000,Apple-Plus,04.10.2026 | 20:59:21,https://kaspi.kz/shop/p/apple-iphone-16-128gb-dual-esim-chernyi-124337884/?c=750000000
113138420,Apple iPhone 15 Pro Max 256Gb NanoSIM+eSIM серый,Apple,717777,CN-MARKET,04.10.2026 | 20:59:21,https://kaspi.kz/shop/p/apple-iphone-15-pro-max-256gb-nanosim-esim-seryi-113138420/?c=750000000
148442876,Apple iPhone 17 256Gb Dual eSim черный,Apple,541712,Yablo,04.10.2026 | 20:59:21,https://kaspi.kz/shop/p/apple-iphone-17-256gb-dual-esim-chernyi-148442876/?c=750000000
113138331,Apple iPhone 15 Pro 256Gb NanoSIM+eSIM синий,Apple,795914,Мобитайм,04.10.2026 | 20:59:21,https://kaspi.kz/shop/p/apple-iphone-15-pro-256gb-nanosim-esim-sinii-113138331/?c=750000000
113138461,Apple iPhone 15 Pro Max 512Gb NanoSIM+eSIM серый,Apple,829555,Мобитайм,04.10.2026 | 20:59:21,https://kaspi.kz/shop/p/apple-iphone-15-pro-max-512gb-nanosim-esim-seryi-113138461/?c=750000000
148424821,Apple iPhone 17 Pro 512Gb Dual eSim темно-синий,Apple,789981,PhoneKZ,04.10.2026 | 20:59:21,https://kaspi.kz/shop/p/apple-iphone-17-pro-512gb-dual-esim-temno-sinii-148424821/?c=750000000
145468599,Apple iPhone Air 256Gb голубой,Apple,525707,BERLIN,04.10.2026 | 20:59:21,https://kaspi.kz/shop/p/apple-iphone-air-256gb-goluboi-145468599/?c=750000000
145466661,Apple iPhone 17 512Gb черный,Apple,637595,FORTUNA,04.10.2026 | 20:59:31,https://kaspi.kz/shop/p/apple-iphone-17-512gb-nanosim-esim-chernyi-145466661/?c=750000000
113933011,Apple iPhone 15 128 Gb Dual Sim черный,Apple,436999,ZAKSTOR,04.10.2026 | 20:59:31,https://kaspi.kz/shop/p/apple-iphone-15-128-gb-dual-sim-chernyi-113933011/?c=750000000
102298977,Смартфон Apple iPhone 13 Pro Max 256Gb NanoSIM+eSIM серый,Apple,599999,OZEN,04.10.2026 | 20:59:31,https://kaspi.kz/shop/p/apple-iphone-13-pro-max-256gb-nanosim-esim-seryi-102298977/?c=750000000
123776586,Apple iPhone 16 Plus 256Gb NanoSIM+eSIM зеленый,Apple,540389,ЭКОSALE,04.10.2026 | 20:59:31,https://kaspi.kz/shop/p/apple-iphone-16-plus-256gb-nanosim-esim-zelenyi-123776586/?c=750000000
113138214,Apple iPhone 15 Pro 512Gb NanoSIM+eSIM серый,Apple,807609,Мобитайм,04.10.2026 | 20:59:31,https://kaspi.kz/shop/p/apple-iphone-15-pro-512gb-nanosim-esim-seryi-113138214/?c=750000000
102298380,Apple iPhone 13 256Gb NanoSIM+eSIM синий,Apple,529990,Mobile_Shop,04.10.2026 | 20:59:31,https://kaspi.kz/shop/p/apple-iphone-13-256gb-nanosim-esim-sinii-102298380/?c=750000000
177318181,iPhone 18 Pro 256GB Silver,Apple,849990,iSpace Apple Premium Partner,04.10.2026 | 20:59:31,https://kaspi.kz/shop/p/apple-iphone-18-pro-256gb-nanosim-esim-serebristyi-177318181/?c=750000000
135186516,Apple iPhone 16e 256Gb NanoSIM+eSIM черный,Apple,534688,Мобитайм,04.10.2026 | 20:59:31,https://kaspi.kz/shop/p/apple-iphone-16e-256gb-nanosim-esim-chernyi-135186516/?c=750000000
135186217,Apple iPhone 16e 256Gb NanoSIM+eSIM белый,Apple,494857,Мобитайм,04.10.2026 | 20:59:31,https://kaspi.kz/shop/p/apple-iphone-16e-256gb-nanosim-esim-belyi-135186217/?c=750000000
113138453,Apple iPhone 15 Pro Max 512Gb NanoSIM+eSIM синий,Apple,790077,NIKA SHOP,04.10.2026 | 20:59:31,https://kaspi.kz/shop/p/apple-iphone-15-pro-max-512gb-nanosim-esim-sinii-113138453/?c=750000000
124338820,Apple iPhone 16 256Gb Dual eSim черный,Apple,607999,ZAKSTOR,04.10.2026 | 20:59:31,https://kaspi.kz/shop/p/apple-iphone-16-256gb-dual-esim-chernyi-124338820/?c=750000000
145468555,Apple iPhone Air 512Gb золотистый,Apple,587111,MIMISTORE,04.10.2026 | 20:59:31,https://kaspi.kz/shop/p/apple-iphone-air-512gb-zolotistyi-145468555/?c=750000000
123726722,Apple iPhone 16 128Gb белый,Apple,453887,FORTUNA,04.10.2026 | 20:59:31,https://kaspi.kz/shop/p/apple-iphone-16-128gb-nanosim-esim-belyi-123726722/?c=750000000
124338805,Apple iPhone 16 128Gb Dual eSim зеленый,Apple,489000,UMMAH STORE,04.10.2026 | 20:59:41,https://kaspi.kz/shop/p/apple-iphone-16-128gb-dual-esim-zelenyi-124338805/?c=750000000
123888843,Apple iPhone 16 Pro 1Tb NanoSIM+eSIM белый,Apple,989000,MOBILS,04.10.2026 | 20:59:41,https://kaspi.kz/shop/p/apple-iphone-16-pro-1tb-nanosim-esim-belyi-123888843/?c=750000000
124338262,Apple iPhone 16 Pro 128Gb Dual eSim золотистый,Apple,707300,UMMAH STORE,04.10.2026 | 20:59:41,https://kaspi.kz/shop/p/apple-iphone-16-pro-128gb-dual-esim-zolotistyi-124338262/?c=750000000
121692148,Apple iPhone 15 256Gb Dual eSim черный,Apple,529999,ZAKSTOR,04.10.2026 | 20:59:41,https://kaspi.kz/shop/p/apple-iphone-15-256gb-dual-esim-chernyi-121692148/?c=750000000
124338596,Apple iPhone 16 Plus 128Gb Dual eSim черный,Apple,627996,Mobile_Shop,04.10.2026 | 20:59:41,https://kaspi.kz/shop/p/apple-iphone-16-plus-128gb-dual-esim-chernyi-124338596/?c=750000000
122062592,Apple iPhone 14 128Gb Dual eSim голубой,Apple,408000,UMMAH STORE,04.10.2026 | 20:59:41,https://kaspi.kz/shop/p/apple-iphone-14-128gb-dual-esim-goluboi-122062592/?c=750000000
177318415,Смартфон Apple iPhone 18 Pro 512Gb NanoSIM+eSIM голубой,Apple,1169990,MOBILE CITY 001,04.10.2026 | 20:59:41,https://kaspi.kz/shop/p/apple-iphone-18-pro-512gb-nanosim-esim-goluboi-177318415/?c=750000000
177319119,iPhone 18 Pro Max 256GB Black,Apple,909990,iSpace Apple Premium Partner,04.10.2026 | 20:59:41,https://kaspi.kz/shop/p/apple-iphone-18-pro-max-256gb-nanosim-esim-chernyi-177319119/?c=750000000
102298432,Apple iPhone 13 256Gb NanoSIM+eSIM красный,Apple,529990,Mobile_Shop,04.10.2026 | 20:59:41,https://kaspi.kz/shop/p/apple-iphone-13-256gb-nanosim-esim-krasnyi-102298432/?c=750000000
148426997,Смартфон Apple iPhone 17 Pro Max 2Tb Dual eSim серебристый,Apple,1218030,iPlus Store,04.10.2026 | 20:59:41,https://kaspi.kz/shop/p/apple-iphone-17-pro-max-2tb-dual-esim-serebristyi-148426997/?c=750000000
107734543,Apple iPhone 14 128Gb Dual Sim черный,Apple,459000,UMMAH STORE,04.10.2026 | 20:59:41,https://kaspi.kz/shop/p/apple-iphone-14-128gb-dual-sim-chernyi-107734543/?c=750000000
148445160,,Apple,623400,MOBILS,04.10.2026 | 20:59:41,https://kaspi.kz/shop/p/apple-iphone-17-512-gb-dual-esim-chernyi-148445160/?c=750000000
106363158,Смартфон Apple iPhone 14 128Gb NanoSIM+eSIM красный,Apple,430000,MOBILNIK.KZ,04.10.2026 | 20:59:51,https://kaspi.kz/shop/p/apple-iphone-14-128gb-nanosim-esim-krasnyi-106363158/?c=750000000
124338609,Apple iPhone 16 Plus 256Gb Dual eSim черный,Apple,619495,Mobile_Shop,04.10.2026 | 20:59:51,https://kaspi.kz/shop/p/apple-iphone-16-plus-256gb-dual-esim-chernyi-124338609/?c=750000000
123775957,Apple iPhone 16 Plus 128Gb NanoSIM+eSIM розовый,Apple,573899,Мобитайм,04.10.2026 | 20:59:51,https://kaspi.kz/shop/p/apple-iphone-16-plus-128gb-nanosim-esim-rozovyi-123775957/?c=750000000
143582377,Смартфон Apple iPhone 13 128Gb NanoSIM+eSIM темно-синий + подарок,Apple,445900,UMMAH STORE 2,04.10.2026 | 20:59:51,https://kaspi.kz/shop/p/apple-iphone-13-128gb-nanosim-esim-temno-sinii-podarok-143582377/?c=750000000
113589060,Смартфон Apple iPhone 15 Pro 128Gb Dual Sim черный,Apple,599993,OZEN,04.10.2026 | 20:59:51,https://kaspi.kz/shop/p/apple-iphone-15-pro-128gb-dual-sim-chernyi-113589060/?c=750000000
152025050,Apple iPhone 17 Pro Max 256Gb Dual eSim оранжевый + подарок,Apple,760048,GadgetON,04.10.2026 | 20:59:51,https://kaspi.kz/shop/p/apple-iphone-17-pro-max-256gb-dual-esim-oranzhevyi-podarok-152025050/?c=750000000
116157108,Apple iPhone 15 256Gb Dual Sim синий,Apple,548499,ZAKSTOR,04.10.2026 | 20:59:51,https://kaspi.kz/shop/p/apple-iphone-15-256gb-dual-sim-sinii-116157108/?c=750000000
152005225,Смартфон Apple iPhone 17 Pro 256Gb Dual eSim синий + подарок,Apple,735472,MOBILS,04.10.2026 | 20:59:51,https://kaspi.kz/shop/p/apple-iphone-17-pro-256gb-dual-esim-sinii-podarok-152005225/?c=750000000
106363170,Apple iPhone 14 Plus 128Gb NanoSIM+eSIM черный,Apple,439989,GadgetON,04.10.2026 | 20:59:51,https://kaspi.kz/shop/p/apple-iphone-14-plus-128gb-nanosim-esim-chernyi-106363170/?c=750000000
113589052,Смартфон Apple iPhone 15 Pro 256Gb Dual Sim черный,Apple,629999,OZEN,04.10.2026 | 20:59:51,https://kaspi.kz/shop/p/apple-iphone-15-pro-256gb-dual-sim-chernyi-113589052/?c=750000000
106363230,Смартфон Apple iPhone 14 Plus 512Gb NanoSIM+eSIM сиреневый,Apple,492185,MOBILS,04.10.2026 | 20:59:51,https://kaspi.kz/shop/p/apple-iphone-14-plus-512gb-nanosim-esim-sirenevyi-106363230/?c=750000000
148444724,Смартфон Apple iPhone 17 512Gb Dual eSim голубой,Apple,616267,NewTechno верифицированный,04.10.2026 | 20:59:51,https://kaspi.kz/shop/p/apple-iphone-17-512gb-dual-esim-goluboi-148444724/?c=750000000
123787551,Смартфон Apple iPhone 16 Pro Max 256Gb NanoSIM+eSIM черный,Apple,817775,Joanna,04.10.2026 | 20:59:57,https://kaspi.kz/shop/p/apple-iphone-16-pro-max-256gb-nanosim-esim-chernyi-123787551/?c=750000000
115701533,Apple iPhone 15 256Gb Dual Sim розовый,Apple,600000,Mobile_Shop,04.10.2026 | 21:00:00,https://kaspi.kz/shop/p/apple-iphone-15-256gb-dual-sim-rozovyi-115701533/?c=750000000
152025555,Apple iPhone 17 Pro Max 512Gb Dual eSim оранжевый + подарок,Apple,882339,Lynx,04.10.2026 | 21:00:00,https://kaspi.kz/shop/p/apple-iphone-17-pro-max-512gb-dual-esim-oranzhevyi-podarok-152025555/?c=750000000
143580120,Apple iPhone 14 128Gb NanoSIM+eSIM темно-синий + подарок,Apple,479000,UMMAH STORE,04.10.2026 | 21:00:00,https://kaspi.kz/shop/p/apple-iphone-14-128gb-nanosim-esim-temno-sinii-podarok-143580120/?c=750000000
177318065,Смартфон Apple iPhone 18 Pro 512Gb NanoSIM+eSIM черный,Apple,1099990,Mobile Planet,04.10.2026 | 21:00:00,https://kaspi.kz/shop/p/apple-iphone-18-pro-512gb-nanosim-esim-chernyi-177318065/?c=750000000
113137984,Apple iPhone 15 512Gb NanoSIM+eSIM зеленый,Apple,505852,GOLDEN_KZ,04.10.2026 | 21:00:00,https://kaspi.kz/shop/p/apple-iphone-15-512gb-nanosim-esim-zelenyi-113137984/?c=750000000
113138036,Apple iPhone 15 Plus 256Gb NanoSIM+eSIM черный,Apple,579000,Мобитайм,04.10.2026 | 21:00:00,https://kaspi.kz/shop/p/apple-iphone-15-plus-256gb-nanosim-esim-chernyi-113138036/?c=750000000
152005104,Apple iPhone 17 Pro 256Gb Dual eSim серебристый + подарок (Яндекс Плюс 24 месяцев),Apple,699897,Sirius,04.10.2026 | 21:00:00,https://kaspi.kz/shop/p/apple-iphone-17-pro-256gb-dual-esim-serebristyi-podarok-152005104/?c=750000000
106363208,Apple iPhone 14 Plus 128Gb NanoSIM+eSIM сиреневый,Apple,490000,GadgetON,04.10.2026 | 21:00:00,https://kaspi.kz/shop/p/apple-iphone-14-plus-128gb-nanosim-esim-sirenevyi-106363208/?c=750000000
152022534,Apple iPhone 17 Pro Max 256Gb Dual eSim серебристый + подарок,Apple,767767,Lynx,04.10.2026 | 21:00:00,https://kaspi.kz/shop/p/apple-iphone-17-pro-max-256gb-dual-esim-serebristyi-podarok-152022534/?c=750000000
113137936,Apple iPhone 15 512Gb NanoSIM+eSIM голубой,Apple,510927,BERLIN,04.10.2026 | 21:00:00,https://kaspi.kz/shop/p/apple-iphone-15-512gb-nanosim-esim-goluboi-113137936/?c=750000000
177318761,iPhone 18 Pro Max 256GB Glacier,Apple,909990,iSpace Apple Premium Partner,04.10.2026 | 21:00:00,https://kaspi.kz/shop/p/apple-iphone-18-pro-max-256gb-nanosim-esim-goluboi-177318761/?c=750000000
113138051,Смартфон Apple iPhone 15 Plus 512Gb NanoSIM+eSIM голубой,Apple,537391,AG shop,04.10.2026 | 21:00:00,https://kaspi.kz/shop/p/apple-iphone-15-plus-512gb-nanosim-esim-goluboi-113138051/?c=750000000
147534436,Apple iPhone Air 256 APPLE_GIFT_USB_C_20W LightGold,Apple,608329,NOVAMART,04.10.2026 | 21:00:17,https://kaspi.kz/shop/p/apple-iphone-air-256gb-zolotistyi-podarok-147534436/?c=750000000
143572882,Apple iPhone 16 Pro 128Gb NanoSIM+eSIM золотистый + подарок,Apple,698600,UMMAH STORE,04.10.2026 | 21:00:17,https://kaspi.kz/shop/p/apple-iphone-16-pro-128gb-nanosim-esim-zolotistyi-podarok-143572882/?c=750000000
152721050,Смартфон Apple iPhone 17 Pro Max 1024Gb NanoSIM+eSIM серебристый + подарок,Apple,1185864,MOBILS,04.10.2026 | 21:00:17,https://kaspi.kz/shop/p/apple-iphone-17-pro-max-1024gb-nanosim-esim-serebristyi-podarok-152721050/?c=750000000
152005701,Смартфон Apple iPhone 17 Pro 512Gb Dual eSim оранжевый + подарок,Apple,963990,MOBILS,04.10.2026 | 21:00:17,https://kaspi.kz/shop/p/apple-iphone-17-pro-512gb-dual-esim-oranzhevyi-podarok-152005701/?c=750000000
143567548,Apple iPhone 16 256Gb NanoSIM+eSIM зеленый + подарок,Apple,588760,GadgetON,04.10.2026 | 21:00:17,https://kaspi.kz/shop/p/apple-iphone-16-256gb-nanosim-esim-zelenyi-podarok-143567548/?c=750000000
113138058,Apple iPhone 15 Plus 256Gb NanoSIM+eSIM желтый,Apple,534479,GOLDEN_KZ,04.10.2026 | 21:00:17,https://kaspi.kz/shop/p/apple-iphone-15-plus-256gb-nanosim-esim-zheltyi-113138058/?c=750000000
143568326,Apple iPhone 16 Pro Max 256Gb NanoSIM+eSIM серебристый + подарок,Apple,869990,Мобитайм,04.10.2026 | 21:00:17,https://kaspi.kz/shop/p/apple-iphone-16-pro-max-256gb-nanosim-esim-serebristyi-podarok-143568326/?c=750000000
152028751,Смартфон Apple iPhone 17 Pro Max 1024Gb Dual eSim синий + подарок,Apple,1114747,AG shop,04.10.2026 | 21:00:17,https://kaspi.kz/shop/p/apple-iphone-17-pro-max-1024gb-dual-esim-sinii-podarok-152028751/?c=750000000
113138057,Apple iPhone 15 Plus 128Gb NanoSIM+eSIM желтый,Apple,489703,PROFIT-ACTIVE,04.10.2026 | 21:00:17,https://kaspi.kz/shop/p/apple-iphone-15-plus-128gb-nanosim-esim-zheltyi-113138057/?c=750000000
124338633,Apple iPhone 16 Plus 128Gb Dual eSim белый,Apple,579989,ZAKSTOR,04.10.2026 | 21:00:17,https://kaspi.kz/shop/p/apple-iphone-16-plus-128gb-dual-esim-belyi-124338633/?c=750000000
121692857,Apple iPhone 15 256Gb Dual eSim розовый,Apple,629990,Mobile_Shop,04.10.2026 | 21:00:17,https://kaspi.kz/shop/p/apple-iphone-15-256gb-dual-esim-rozovyi-121692857/?c=750000000
152006486,Apple iPhone 17 Pro 1024Gb Dual eSim синий + подарок,Apple,972684,Lynx,04.10.2026 | 21:00:17,https://kaspi.kz/shop/p/apple-iphone-17-pro-1024gb-dual-esim-sinii-podarok-152006486/?c=750000000
152027603,iPhone Air 256Gb белый + подарок,Apple,689990,Lynx,04.10.2026 | 21:00:25,https://kaspi.kz/shop/p/apple-iphone-air-256gb-belyi-podarok-152027603/?c=750000000
134791161,Apple iPhone 13 512Gb Dual Sim синий,Apple,529990,Mobile_Shop,04.10.2026 | 21:00:25,https://kaspi.kz/shop/p/apple-iphone-13-512gb-dual-sim-sinii-134791161/?c=750000000
124338681,Apple iPhone 16 Plus 256Gb Dual eSim розовый,Apple,583441,Mobile_Shop,04.10.2026 | 21:00:25,https://kaspi.kz/shop/p/apple-iphone-16-plus-256gb-dual-esim-rozovyi-124338681/?c=750000000
135186532,Смартфон Apple iPhone 16e 512Gb NanoSIM+eSIM черный,Apple,453450,ASR Market,04.10.2026 | 21:00:25,https://kaspi.kz/shop/p/apple-iphone-16e-512gb-nanosim-esim-chernyi-135186532/?c=750000000
147533908,Apple iPhone Air 256 APPLE_GIFT_YA12 SpaceBlack,Apple,619449,NOVAMART,04.10.2026 | 21:00:25,https://kaspi.kz/shop/p/apple-iphone-air-256gb-chernyi-podarok-147533908/?c=750000000
143710810,Apple iPhone 16 Pro Max 256Gb NanoSIM+eSIM серебристый + подарок,Apple,929998,Мобитайм,04.10.2026 | 21:00:25,https://kaspi.kz/shop/p/apple-iphone-16-pro-max-256gb-nanosim-esim-serebristyi-podarok-143710810/?c=750000000
122062680,Смартфон Apple iPhone 14 256Gb Dual eSim голубой,Apple,519650,HanTech,04.10.2026 | 21:00:25,https://kaspi.kz/shop/p/apple-iphone-14-256gb-dual-esim-goluboi-122062680/?c=750000000
113138067,Смартфон Apple iPhone 15 Plus 512Gb NanoSIM+eSIM зеленый,Apple,573968,PROFIT-ACTIVE,04.10.2026 | 21:00:25,https://kaspi.kz/shop/p/apple-iphone-15-plus-512gb-nanosim-esim-zelenyi-113138067/?c=750000000
122062190,Смартфон Apple iPhone 14 256Gb Dual eSim бежевый,Apple,505121,HanTech,04.10.2026 | 21:00:25,https://kaspi.kz/shop/p/apple-iphone-14-256gb-dual-esim-bezhevyi-122062190/?c=750000000
152026808,Смартфон Apple iPhone 17 Pro Max 512Gb Dual eSim синий + подарок,Apple,863000,UMMAH STORE 2,04.10.2026 | 21:00:25,https://kaspi.kz/shop/p/apple-iphone-17-pro-max-512gb-dual-esim-sinii-podarok-152026808/?c=750000000
143873310,Смартфон Apple iPhone 15 256Gb NanoSIM+eSIM черный + подарок,Apple,565000,UMMAH STORE,04.10.2026 | 21:00:25,https://kaspi.kz/shop/p/apple-iphone-15-256gb-nanosim-esim-chernyi-podarok-143873310/?c=750000000
143577273,Apple iPhone 15 128Gb NanoSIM+eSIM розовый + подарок,Apple,479990,Мобитайм,04.10.2026 | 21:00:25,https://kaspi.kz/shop/p/apple-iphone-15-128gb-nanosim-esim-rozovyi-podarok-143577273/?c=750000000
143710717,Apple iPhone 16 Pro Max 1Tb NanoSIM+eSIM золотистый + подарок,Apple,1199998,Мобитайм,04.10.2026 | 21:00:35,https://kaspi.kz/shop/p/apple-iphone-16-pro-max-1tb-nanosim-esim-zolotistyi-podarok-143710717/?c=750000000
121703259,Apple iPhone 15 Pro Max 1Tb Dual eSim серый,Apple,899990,Mobile_Shop,04.10.2026 | 21:00:35,https://kaspi.kz/shop/p/apple-iphone-15-pro-max-1tb-dual-esim-seryi-121703259/?c=750000000
145467562,Смартфон iPhone 17 Pro 256GB Silver MG8G4HX/A,Apple,702970,ABC Retail,04.10.2026 | 21:00:35,https://kaspi.kz/shop/p/apple-iphone-17-pro-256gb-nanosim-esim-serebristyi-145467562/?c=750000000
143873238,Смартфон Apple iPhone 15 128Gb NanoSIM+eSIM черный + подарок,Apple,477000,UMMAH STORE,04.10.2026 | 21:00:35,https://kaspi.kz/shop/p/apple-iphone-15-128gb-nanosim-esim-chernyi-podarok-143873238/?c=750000000
145468241,Смартфон iPhone 17 Pro Max 256GB Cosmic Orange MFYN4HX/A,Apple,713378,ABC Retail,04.10.2026 | 21:00:35,https://kaspi.kz/shop/p/apple-iphone-17-pro-max-256gb-nanosim-esim-oranzhevyi-145468241/?c=750000000
143710745,Apple iPhone 16 Pro Max 256Gb NanoSIM+eSIM белый + подарок,Apple,940000,Мобитайм,04.10.2026 | 21:00:35,https://kaspi.kz/shop/p/apple-iphone-16-pro-max-256gb-nanosim-esim-belyi-podarok-143710745/?c=750000000
145468150,Смартфон iPhone 17 Pro Max 256GB Silver MFYM4HX/A,Apple,750076,ABC Retail,04.10.2026 | 21:00:35,https://kaspi.kz/shop/p/apple-iphone-17-pro-max-256gb-nanosim-esim-serebristyi-145468150/?c=750000000
145467625,Смартфон iPhone 17 Pro 256GB Cosmic Orange MG8H4HX/A,Apple,694718,ABC Retail,04.10.2026 | 21:00:35,https://kaspi.kz/shop/p/apple-iphone-17-pro-256gb-nanosim-esim-oranzhevyi-145467625/?c=750000000
1005122,Apple iPhone 11 128Gb NanoSIM+eSIM красный,Apple,399850,QazSeller,04.10.2026 | 21:00:35,https://kaspi.kz/shop/p/apple-iphone-11-128gb-nanosim-esim-krasnyi-1005122/?c=750000000
143873283,Смартфон Apple iPhone 15 128Gb NanoSIM+eSIM розовый + подарок,Apple,521500,Rose mobile,04.10.2026 | 21:00:35,https://kaspi.kz/shop/p/apple-iphone-15-128gb-nanosim-esim-rozovyi-podarok-143873283/?c=750000000
152030464,Apple iPhone 17 Pro Max 1024Gb Dual eSim серебристый + подарок,Apple,1212179,PhoneKZ,04.10.2026 | 21:00:35,https://kaspi.kz/shop/p/apple-iphone-17-pro-max-1024gb-dual-esim-serebristyi-podarok-152030464/?c=750000000
143711570,Apple iPhone 16 128Gb NanoSIM+eSIM зеленый + подарок,Apple,512590,Мобитайм,04.10.2026 | 21:00:35,https://kaspi.kz/shop/p/apple-iphone-16-128gb-nanosim-esim-zelenyi-podarok-143711570/?c=750000000
123728177,Apple iPhone 16 256Gb NanoSIM+eSIM черный,Apple,600000,ZAKSTOR,04.10.2026 | 21:00:45,https://kaspi.kz/shop/p/apple-iphone-16-256gb-nanosim-esim-chernyi-123728177/?c=750000000
113137897,Смартфон Apple iPhone 15 256Gb NanoSIM+eSIM черный,Apple,481290,Alloo,04.10.2026 | 21:00:45,https://kaspi.kz/shop/p/apple-iphone-15-256gb-nanosim-esim-chernyi-113137897/?c=750000000
145438959,Смартфон Apple iPhone 17 Pro 256Gb NanoSIM+eSIM темно-синий,Apple,692730,ArrowXKZ,04.10.2026 | 21:00:45,https://kaspi.kz/shop/p/apple-iphone-17-pro-256gb-nanosim-esim-temno-sinii-145438959/?c=750000000
102298404,Apple iPhone 13 128Gb NanoSIM+eSIM черный,Apple,372644,BERLIN,04.10.2026 | 21:00:45,https://kaspi.kz/shop/p/apple-iphone-13-128gb-nanosim-esim-chernyi-102298404/?c=750000000
145466818,Apple iPhone 17 256Gb NanoSIM+eSIM белый,Apple,537291,Click Tech,04.10.2026 | 21:00:45,https://kaspi.kz/shop/p/apple-iphone-17-256gb-nanosim-esim-belyi-145466818/?c=750000000
148425828,Смартфон Apple iPhone 17 Pro Max 256Gb Dual eSim оранжевый,Apple,696999,Dora,04.10.2026 | 21:00:45,https://kaspi.kz/shop/p/apple-iphone-17-pro-max-256gb-dual-esim-oranzhevyi-148425828/?c=750000000
145440732,Смартфон iPhone 17 Pro Max 256GB Deep Blue MFYP4HX/A,Apple,730415,ABC Retail,04.10.2026 | 21:00:45,https://kaspi.kz/shop/p/apple-iphone-17-pro-max-256gb-nanosim-esim-temno-sinii-145440732/?c=750000000
113137929,Apple iPhone 15 128Gb голубой,Apple,386845,ALPHA,04.10.2026 | 21:00:45,https://kaspi.kz/shop/p/apple-iphone-15-128gb-nanosim-esim-goluboi-113137929/?c=750000000
148424478,Apple iPhone 17 Pro 256Gb Dual eSim темно-синий,Apple,680028,VerifyTech - верифицированный,04.10.2026 | 21:00:45,https://kaspi.kz/shop/p/apple-iphone-17-pro-256gb-dual-esim-temno-sinii-148424478/?c=750000000
123713453,Apple iPhone 16 128Gb NanoSIM+eSIM черный,Apple,444309,"ТОО ""TECHNIC PLUS""",04.10.2026 | 21:00:45,https://kaspi.kz/shop/p/apple-iphone-16-128gb-nanosim-esim-chernyi-123713453/?c=750000000
148425910,Apple iPhone 17 Pro Max 256Gb Dual eSim серебристый,Apple,724937,TOP_DEVICE,04.10.2026 | 21:00:45,https://kaspi.kz/shop/p/apple-iphone-17-pro-max-256gb-dual-esim-serebristyi-148425910/?c=750000000
148446946,Apple iPhone 17 Pro 256Gb Dual eSim оранжевый,Apple,665191,FORTUNA,04.10.2026 | 21:00:45,https://kaspi.kz/shop/p/apple-iphone-17-pro-256gb-dual-esim-oranzhevyi-148446946/?c=750000000
148426174,Apple iPhone 17 Pro Max 512Gb Dual eSim оранжевый,Apple,790424,ALPHA,04.10.2026 | 21:00:55,https://kaspi.kz/shop/p/apple-iphone-17-pro-max-512gb-dual-esim-oranzhevyi-148426174/?c=750000000
106363023,Apple iPhone 14 128Gb NanoSIM+eSIM черный,Apple,389900,GOLDEN_KZ,04.10.2026 | 21:00:55,https://kaspi.kz/shop/p/apple-iphone-14-128gb-nanosim-esim-chernyi-106363023/?c=750000000
123730579,Apple iPhone 16 256Gb NanoSIM+eSIM белый,Apple,979989,PROFIT-ACTIVE,04.10.2026 | 21:00:55,https://kaspi.kz/shop/p/apple-iphone-16-256gb-nanosim-esim-belyi-123730579/?c=750000000
145467519,Apple iPhone 17 Pro 512 Silver,Apple,857774,NOVAMART,04.10.2026 | 21:00:55,https://kaspi.kz/shop/p/apple-iphone-17-pro-512gb-nanosim-esim-serebristyi-145467519/?c=750000000
145468140,Apple iPhone 17 Pro Max 512Gb NanoSIM+eSIM серебристый,Apple,922212,VerifyTech - верифицированный,04.10.2026 | 21:00:55,https://kaspi.kz/shop/p/apple-iphone-17-pro-max-512gb-nanosim-esim-serebristyi-145468140/?c=750000000
148426100,Apple iPhone 17 Pro Max 256Gb Dual eSim темно-синий,Apple,712866,QazSeller,04.10.2026 | 21:00:55,https://kaspi.kz/shop/p/apple-iphone-17-pro-max-256gb-dual-esim-temno-sinii-148426100/?c=750000000
145467626,Apple iPhone 17 Pro 512Gb NanoSIM+eSIM оранжевый,Apple,819125,PhoneTech,04.10.2026 | 21:00:55,https://kaspi.kz/shop/p/apple-iphone-17-pro-512gb-nanosim-esim-oranzhevyi-145467626/?c=750000000
145466867,Смартфон Apple iPhone 17 256Gb NanoSIM+eSIM зеленый,Apple,538899,ArrowXKZ,04.10.2026 | 21:00:55,https://kaspi.kz/shop/p/apple-iphone-17-256gb-nanosim-esim-zelenyi-145466867/?c=750000000
145309655,Apple iPhone 17 256Gb NanoSIM+eSIM голубой,Apple,537106,Sirius,04.10.2026 | 21:00:55,https://kaspi.kz/shop/p/apple-iphone-17-256gb-nanosim-esim-goluboi-145309655/?c=750000000
113137949,Apple iPhone 15 128Gb NanoSIM+eSIM розовый,Apple,434911,PROFIT-ACTIVE,04.10.2026 | 21:00:55,https://kaspi.kz/shop/p/apple-iphone-15-128gb-nanosim-esim-rozovyi-113137949/?c=750000000
145468227,Apple iPhone 17 Pro Max 512Gb NanoSIM+eSIM оранжевый,Apple,872581,GOLDEN_KZ,04.10.2026 | 21:00:55,https://kaspi.kz/shop/p/apple-iphone-17-pro-max-512gb-nanosim-esim-oranzhevyi-145468227/?c=750000000
145468049,Apple iPhone 17 Pro Max 512Gb NanoSIM+eSIM темно-синий,Apple,878400,Click Tech,04.10.2026 | 21:00:55,https://kaspi.kz/shop/p/apple-iphone-17-pro-max-512gb-nanosim-esim-temno-sinii-145468049/?c=750000000
145468223,Смартфон Apple iPhone 17 Pro Max 1024Gb NanoSIM+eSIM оранжевый,Apple,1024315,iSeller,04.10.2026 | 21:01:12,https://kaspi.kz/shop/p/apple-iphone-17-pro-max-1024gb-nanosim-esim-oranzhevyi-145468223/?c=750000000
148426392,Apple iPhone 17 Pro Max 512Gb Dual eSim темно-синий,Apple,805858,SMART ELECTRONICS,04.10.2026 | 21:01:12,https://kaspi.kz/shop/p/apple-iphone-17-pro-max-512gb-dual-esim-temno-sinii-148426392/?c=750000000
146819175,Смартфон Apple iPhone 17 256Gb Dual eSim белый,Apple,541814,FONIQ,04.10.2026 | 21:01:12,https://kaspi.kz/shop/p/apple-iphone-17-256gb-dual-esim-belyi-146819175/?c=750000000
106363265,Apple iPhone 14 Pro 256Gb NanoSIM+eSIM черный,Apple,857777,CN-MARKET,04.10.2026 | 21:01:12,https://kaspi.kz/shop/p/apple-iphone-14-pro-256gb-nanosim-esim-chernyi-106363265/?c=750000000
148426561,Apple iPhone 17 Pro Max 1024Gb Dual eSim оранжевый,Apple,890984,ALPHA,04.10.2026 | 21:01:12,https://kaspi.kz/shop/p/apple-iphone-17-pro-max-1024gb-dual-esim-oranzhevyi-148426561/?c=750000000
123730867,Apple iPhone 16 256Gb NanoSIM+eSIM розовый,Apple,643945,PhoneTech,04.10.2026 | 21:01:12,https://kaspi.kz/shop/p/apple-iphone-16-256gb-nanosim-esim-rozovyi-123730867/?c=750000000
145468171,Смартфон Apple iPhone 17 Pro Max 1024Gb NanoSIM+eSIM серебристый,Apple,1104990,Express_Market,04.10.2026 | 21:01:12,https://kaspi.kz/shop/p/apple-iphone-17-pro-max-1024gb-nanosim-esim-serebristyi-145468171/?c=750000000
148426301,Apple iPhone 17 Pro Max 512Gb Dual eSim серебристый,Apple,816801,VerifyTech - верифицированный,04.10.2026 | 21:01:12,https://kaspi.kz/shop/p/apple-iphone-17-pro-max-512gb-dual-esim-serebristyi-148426301/?c=750000000
145468625,Apple iPhone Air 256Gb черный,Apple,519454,ALPHA,04.10.2026 | 21:01:12,https://kaspi.kz/shop/p/apple-iphone-air-256gb-chernyi-145468625/?c=750000000
145467425,Apple iPhone 17 Pro 512Gb NanoSIM+eSIM темно-синий,Apple,849983,WORLD  Верифицированных IMEI,04.10.2026 | 21:01:12,https://kaspi.kz/shop/p/apple-iphone-17-pro-512gb-nanosim-esim-temno-sinii-145467425/?c=750000000
123890752,Apple iPhone 16 Pro Max 256Gb NanoSIM+eSIM серебристый,Apple,810305,Мобитайм,04.10.2026 | 21:01:12,https://kaspi.kz/shop/p/apple-iphone-16-pro-max-256gb-nanosim-esim-serebristyi-123890752/?c=750000000
148425447,Apple iPhone 17 Pro 512Gb Dual eSim оранжевый,Apple,750494,ALPHA,04.10.2026 | 21:01:12,https://kaspi.kz/shop/p/apple-iphone-17-pro-512gb-dual-esim-oranzhevyi-148425447/?c=750000000
145468540,Apple iPhone Air 256Gb золотистый,Apple,538361,PhoneTech,04.10.2026 | 21:01:21,https://kaspi.kz/shop/p/apple-iphone-air-256gb-zolotistyi-145468540/?c=750000000
145468065,Смартфон Apple iPhone 17 Pro Max 1024Gb NanoSIM+eSIM темно-синий,Apple,1015000,Aslan Tel,04.10.2026 | 21:01:21,https://kaspi.kz/shop/p/apple-iphone-17-pro-max-1024gb-nanosim-esim-temno-sinii-145468065/?c=750000000
113137951,Apple iPhone 15 256Gb NanoSIM+eSIM розовый,Apple,488900,GOLDEN_KZ,04.10.2026 | 21:01:21,https://kaspi.kz/shop/p/apple-iphone-15-256gb-nanosim-esim-rozovyi-113137951/?c=750000000
148426774,Смартфон Apple iPhone 17 Pro Max 1024Gb Dual eSim темно-синий,Apple,919026,Dora,04.10.2026 | 21:01:21,https://kaspi.kz/shop/p/apple-iphone-17-pro-max-1024gb-dual-esim-temno-sinii-148426774/?c=750000000
106363150,Apple iPhone 14 128Gb NanoSIM+eSIM голубой,Apple,384373,KHAN MOBILE,04.10.2026 | 21:01:21,https://kaspi.kz/shop/p/apple-iphone-14-128gb-nanosim-esim-goluboi-106363150/?c=750000000
148425333,Apple iPhone 17 Pro 512Gb Dual eSim серебристый,Apple,798985,VerifyTech - верифицированный,04.10.2026 | 21:01:21,https://kaspi.kz/shop/p/apple-iphone-17-pro-512gb-dual-esim-serebristyi-148425333/?c=750000000
148444173,Apple iPhone 17 256Gb Dual eSim голубой,Apple,519997,ALPHA,04.10.2026 | 21:01:21,https://kaspi.kz/shop/p/apple-iphone-17-256gb-dual-esim-goluboi-148444173/?c=750000000
123888919,Смартфон Apple iPhone 16 Pro 128Gb NanoSIM+eSIM золотистый,Apple,706800,UMMAH STORE,04.10.2026 | 21:01:21,https://kaspi.kz/shop/p/apple-iphone-16-pro-128gb-nanosim-esim-zolotistyi-123888919/?c=750000000
148426624,Apple iPhone 17 Pro Max 1024Gb Dual eSim серебристый,Apple,938755,Yablo,04.10.2026 | 21:01:21,https://kaspi.kz/shop/p/apple-iphone-17-pro-max-1024gb-dual-esim-serebristyi-148426624/?c=750000000
135185112,Смартфон Apple iPhone 16e 128Gb NanoSIM+eSIM белый,Apple,369500,NOVKAZ,04.10.2026 | 21:01:21,https://kaspi.kz/shop/p/apple-iphone-16e-128gb-nanosim-esim-belyi-135185112/?c=750000000
135186486,Apple iPhone 16e 128Gb NanoSIM+eSIM черный,Apple,406999,TEXNO MARKET,04.10.2026 | 21:01:21,https://kaspi.kz/shop/p/apple-iphone-16e-128gb-nanosim-esim-chernyi-135186486/?c=750000000
145467476,Apple iPhone 17 Pro 1024Gb NanoSIM+eSIM серебристый,Apple,988361,VerifyTech - верифицированный,04.10.2026 | 21:01:21,https://kaspi.kz/shop/p/apple-iphone-17-pro-1024gb-nanosim-esim-serebristyi-145467476/?c=750000000
106363245,Apple iPhone 14 Pro 128Gb NanoSIM+eSIM черный,Apple,579900,Khan Grоup,04.10.2026 | 21:01:31,https://kaspi.kz/shop/p/apple-iphone-14-pro-128gb-nanosim-esim-chernyi-106363245/?c=750000000
160189080,Apple iPhone 17e 256 Black,Apple,475902,NOVAMART,04.10.2026 | 21:01:31,https://kaspi.kz/shop/p/apple-iphone-17e-256gb-nanosim-esim-chernyi-160189080/?c=750000000
113138213,Смартфон Apple iPhone 15 Pro 256Gb NanoSIM+eSIM серый,Apple,748000,UMMAH STORE,04.10.2026 | 21:01:31,https://kaspi.kz/shop/p/apple-iphone-15-pro-256gb-nanosim-esim-seryi-113138213/?c=750000000
131015547,Смартфон Apple iPhone 16 Pro 128Gb Dual Sim серебристый,Apple,669998,Apple-Plus,04.10.2026 | 21:01:31,https://kaspi.kz/shop/p/apple-iphone-16-pro-128gb-dual-sim-serebristyi-131015547/?c=750000000
123890593,Смартфон Apple iPhone 16 Pro Max 512Gb NanoSIM+eSIM золотистый,Apple,800145,ArrowXKZ,04.10.2026 | 21:01:31,https://kaspi.kz/shop/p/apple-iphone-16-pro-max-512gb-nanosim-esim-zolotistyi-123890593/?c=750000000
102298364,Apple iPhone 13 128Gb NanoSIM+eSIM синий,Apple,529990,Mobile_Shop,04.10.2026 | 21:01:31,https://kaspi.kz/shop/p/apple-iphone-13-128gb-nanosim-esim-sinii-102298364/?c=750000000
140898230,Смартфон Apple iPhone 16 Pro 128Gb Dual Sim золотистый,Apple,629999,Apple-Plus,04.10.2026 | 21:01:31,https://kaspi.kz/shop/p/apple-iphone-16-pro-128gb-dual-sim-zolotistyi-140898230/?c=750000000
140287393,Смартфон Apple iPhone 16 Pro 128Gb Dual Sim белый,Apple,619660,"ТОО ""RADAMI""",04.10.2026 | 21:01:31,https://kaspi.kz/shop/p/apple-iphone-16-pro-128gb-dual-sim-belyi-140287393/?c=750000000
148425512,Смартфон Apple iPhone 17 Pro 1024Gb Dual eSim оранжевый,Apple,847426,TULPAR STORE,04.10.2026 | 21:01:31,https://kaspi.kz/shop/p/apple-iphone-17-pro-1024gb-dual-esim-oranzhevyi-148425512/?c=750000000
123890421,Apple iPhone 16 Pro Max 256Gb NanoSIM+eSIM белый,Apple,889911,Click Tech,04.10.2026 | 21:01:31,https://kaspi.kz/shop/p/apple-iphone-16-pro-max-256gb-nanosim-esim-belyi-123890421/?c=750000000
145468501,Apple iPhone Air 256Gb белый,Apple,539862,FORTUNA,04.10.2026 | 21:01:31,https://kaspi.kz/shop/p/apple-iphone-air-256gb-belyi-145468501/?c=750000000
148442339,Смартфон Apple iPhone 17 256Gb Dual eSim зеленый,Apple,519948,iPlus Store,04.10.2026 | 21:01:31,https://kaspi.kz/shop/p/apple-iphone-17-256gb-dual-esim-zelenyi-148442339/?c=750000000
123744028,Смартфон Apple iPhone 16 Plus 128Gb NanoSIM+eSIM черный,Apple,540434,AG shop,04.10.2026 | 21:01:40,https://kaspi.kz/shop/p/apple-iphone-16-plus-128gb-nanosim-esim-chernyi-123744028/?c=750000000
145468211,Apple iPhone 17 Pro Max 2Tb NanoSIM+eSIM оранжевый,Apple,1219382,TOP_DEVICE,04.10.2026 | 21:01:40,https://kaspi.kz/shop/p/apple-iphone-17-pro-max-2tb-nanosim-esim-oranzhevyi-145468211/?c=750000000
145467430,Apple iPhone 17 Pro 1024Gb NanoSIM+eSIM темно-синий,Apple,929317,CN-MARKET,04.10.2026 | 21:01:40,https://kaspi.kz/shop/p/apple-iphone-17-pro-1024gb-nanosim-esim-temno-sinii-145467430/?c=750000000
121691395,Смартфон Apple iPhone 15 128Gb Dual eSim черный,Apple,421940,Apple-Plus,04.10.2026 | 21:01:40,https://kaspi.kz/shop/p/apple-iphone-15-128gb-dual-esim-chernyi-121691395/?c=750000000
124338499,Apple iPhone 16 Pro Max 256Gb Dual eSim золотистый,Apple,709555,Apple-Plus,04.10.2026 | 21:01:40,https://kaspi.kz/shop/p/apple-iphone-16-pro-max-256gb-dual-esim-zolotistyi-124338499/?c=750000000
145468192,Apple iPhone 17 Pro Max 2Tb NanoSIM+eSIM серебристый,Apple,1268815,TOP_DEVICE,04.10.2026 | 21:01:40,https://kaspi.kz/shop/p/apple-iphone-17-pro-max-2tb-nanosim-esim-serebristyi-145468192/?c=750000000
123731034,Apple iPhone 16 256Gb NanoSIM+eSIM фиолетовый,Apple,579920,KHAN MOBILE,04.10.2026 | 21:01:40,https://kaspi.kz/shop/p/apple-iphone-16-256gb-nanosim-esim-fioletovyi-123731034/?c=750000000
123731287,Apple iPhone 16 256Gb NanoSIM+eSIM зеленый,Apple,547644,VerifyTech - верифицированный,04.10.2026 | 21:01:41,https://kaspi.kz/shop/p/apple-iphone-16-256gb-nanosim-esim-zelenyi-123731287/?c=750000000
123890344,Apple iPhone 16 Pro Max 512Gb NanoSIM+eSIM черный,Apple,859860,PROFIT-ACTIVE,04.10.2026 | 21:01:41,https://kaspi.kz/shop/p/apple-iphone-16-pro-max-512gb-nanosim-esim-chernyi-123890344/?c=750000000
160188663,iPhone 17e 256GB (Soft Pink),Apple,447990,Top-Sale,04.10.2026 | 21:01:41,https://kaspi.kz/shop/p/apple-iphone-17e-256gb-nanosim-esim-rozovyi-160188663/?c=750000000
106363283,Apple iPhone 14 Pro 128Gb NanoSIM+eSIM фиолетовый,Apple,579900,Khan Grоup,04.10.2026 | 21:01:41,https://kaspi.kz/shop/p/apple-iphone-14-pro-128gb-nanosim-esim-fioletovyi-106363283/?c=750000000
160188852,Apple iPhone 17e 256Gb белый,Apple,441922,FORTUNA,04.10.2026 | 21:01:41,https://kaspi.kz/shop/p/apple-iphone-17e-256gb-nanosim-esim-belyi-160188852/?c=750000000
106363267,Смартфон Apple iPhone 14 Pro 512Gb NanoSIM+eSIM черный,Apple,790000,1Bay,04.10.2026 | 21:01:50,https://kaspi.kz/shop/p/apple-iphone-14-pro-512gb-nanosim-esim-chernyi-106363267/?c=750000000
113138191,Apple iPhone 15 Pro 256Gb NanoSIM+eSIM черный,Apple,797777,CN-MARKET,04.10.2026 | 21:01:50,https://kaspi.kz/shop/p/apple-iphone-15-pro-256gb-nanosim-esim-chernyi-113138191/?c=750000000
145466822,Смартфон Apple iPhone 17 512Gb NanoSIM+eSIM белый,Apple,734600,UMMAH STORE 2,04.10.2026 | 21:01:50,https://kaspi.kz/shop/p/apple-iphone-17-512gb-nanosim-esim-belyi-145466822/?c=750000000
148425564,Смартфон Apple iPhone 17 Pro 1024Gb Dual eSim серебристый,Apple,887000,MOBILNIK.KZ,04.10.2026 | 21:01:50,https://kaspi.kz/shop/p/apple-iphone-17-pro-1024gb-dual-esim-serebristyi-148425564/?c=750000000
145468626,Apple iPhone Air 512Gb черный,Apple,603649,BERLIN,04.10.2026 | 21:01:50,https://kaspi.kz/shop/p/apple-iphone-air-512gb-chernyi-145468626/?c=750000000
113138222,Apple iPhone 15 Pro 128Gb NanoSIM+eSIM синий,Apple,837777,CN-MARKET,04.10.2026 | 21:01:50,https://kaspi.kz/shop/p/apple-iphone-15-pro-128gb-nanosim-esim-sinii-113138222/?c=750000000
143579622,Смартфон Apple iPhone 15 128Gb NanoSIM+eSIM черный + подарок,Apple,419751,MOBILS,04.10.2026 | 21:01:50,https://kaspi.kz/shop/p/apple-iphone-15-128gb-nanosim-esim-chernyi-podarok-143579622/?c=750000000
113138363,Apple iPhone 15 Pro Max 256Gb NanoSIM+eSIM черный,Apple,735087,Мобитайм,04.10.2026 | 21:01:50,https://kaspi.kz/shop/p/apple-iphone-15-pro-max-256gb-nanosim-esim-chernyi-113138363/?c=750000000
145466664,Apple iPhone 17 512Gb NanoSIM+eSIM фиолетовый,Apple,743687,T-Space,04.10.2026 | 21:01:50,https://kaspi.kz/shop/p/apple-iphone-17-512gb-nanosim-esim-fioletovyi-145466664/?c=750000000
148425635,Apple iPhone 17 Pro 1024Gb Dual eSim темно-синий,Apple,878993,CN-MARKET,04.10.2026 | 21:01:50,https://kaspi.kz/shop/p/apple-iphone-17-pro-1024gb-dual-esim-temno-sinii-148425635/?c=750000000
145468104,Смартфон Apple iPhone 17 Pro Max 2Tb темно-синий,Apple,1198803,APG техникс,04.10.2026 | 21:01:50,https://kaspi.kz/shop/p/apple-iphone-17-pro-max-2tb-nanosim-esim-temno-sinii-145468104/?c=750000000
148426912,Apple iPhone 17 Pro Max 2Tb Dual eSim оранжевый,Apple,1142230,PhoneKZ,04.10.2026 | 21:01:50,https://kaspi.kz/shop/p/apple-iphone-17-pro-max-2tb-dual-esim-oranzhevyi-148426912/?c=750000000
145468595,Apple iPhone Air 512Gb голубой,Apple,593953,PhoneTech,04.10.2026 | 21:01:58,https://kaspi.kz/shop/p/apple-iphone-air-512gb-goluboi-145468595/?c=750000000
106363155,Apple iPhone 14 256Gb NanoSIM+eSIM голубой,Apple,529990,Mobile_Shop,04.10.2026 | 21:01:58,https://kaspi.kz/shop/p/apple-iphone-14-256gb-nanosim-esim-goluboi-106363155/?c=750000000
123890467,Смартфон Apple iPhone 16 Pro Max 512Gb NanoSIM+eSIM белый,Apple,828628,OZEN,04.10.2026 | 21:01:58,https://kaspi.kz/shop/p/apple-iphone-16-pro-max-512gb-nanosim-esim-belyi-123890467/?c=750000000
122033448,Apple iPhone 14 128Gb Dual eSim черный,Apple,468999,Tech.kz,04.10.2026 | 21:01:58,https://kaspi.kz/shop/p/apple-iphone-14-128gb-dual-esim-chernyi-122033448/?c=750000000
169542919,Apple iPhone 17 Pro 256 APPLE4_GIFT_A20W DeepBlue,Apple,731256,NOVAMART,04.10.2026 | 21:01:58,https://kaspi.kz/shop/p/apple-iphone-17-pro-12-gb-256-gb-temno-sinii-adapter-20vt-usb-c-169542919/?c=750000000
169542974,Смартфон Apple iPhone 17 Pro 12 ГБ/256 ГБ серебристый + Адаптер 20Вт USB-C,Apple,733000,ИП МАРАЛОВА Л.М.,04.10.2026 | 21:01:58,https://kaspi.kz/shop/p/apple-iphone-17-pro-12-gb-256-gb-serebristyi-adapter-20vt-usb-c-169542974/?c=750000000
177317967,Смартфон iPhone 18 Pro 256GB Black MJRP4AF/A,Apple,849990,Evrika,04.10.2026 | 21:01:58,https://kaspi.kz/shop/p/apple-iphone-18-pro-256gb-nanosim-esim-chernyi-177317967/?c=750000000
169543039,Apple iPhone 17 Pro Max 12 ГБ/256 ГБ серебристый + Адаптер 20Вт USB-C,Apple,783937,Mobile_Shop,04.10.2026 | 21:01:58,https://kaspi.kz/shop/p/apple-iphone-17-pro-max-12-gb-256-gb-serebristyi-adapter-20vt-usb-c-169543039/?c=750000000
145466522,Смартфон Apple iPhone 17 512Gb NanoSIM+eSIM голубой,Apple,690000,SMART TRADE,04.10.2026 | 21:01:58,https://kaspi.kz/shop/p/apple-iphone-17-512gb-nanosim-esim-goluboi-145466522/?c=750000000
177318388,iPhone 18 Pro 256GB Glacier,Apple,849990,iSpace Apple Premium Partner,04.10.2026 | 21:01:58,https://kaspi.kz/shop/p/apple-iphone-18-pro-256gb-nanosim-esim-goluboi-177318388/?c=750000000
145466872,Apple iPhone 17 512Gb NanoSIM+eSIM зеленый,Apple,687075,T-Space,04.10.2026 | 21:01:58,https://kaspi.kz/shop/p/apple-iphone-17-512gb-nanosim-esim-zelenyi-145466872/?c=750000000
169542849,Смартфон Apple iPhone 17 8 ГБ/256 ГБ черный + Адаптер 20Вт USB-C,Apple,559493,ArrowXKZ,04.10.2026 | 21:01:58,https://kaspi.kz/shop/p/apple-iphone-17-8-gb-256-gb-chernyi-adapter-20vt-usb-c-169542849/?c=750000000
169542929,Apple iPhone 17 Pro 256 APPLE4_GIFT_A20W CosmicOrange,Apple,732662,NOVAMART,04.10.2026 | 21:02:12,https://kaspi.kz/shop/p/apple-iphone-17-pro-12-gb-256-gb-oranzhevyi-adapter-20vt-usb-c-169542929/?c=750000000
169543024,Apple iPhone 17 Pro Max 12 ГБ/256 ГБ темно-синий + Адаптер 20Вт USB-C,Apple,754465,Region верифицированный,04.10.2026 | 21:02:12,https://kaspi.kz/shop/p/apple-iphone-17-pro-max-12-gb-256-gb-temno-sinii-adapter-20vt-usb-c-169543024/?c=750000000
143567625,Apple iPhone 16 128Gb NanoSIM+eSIM черный + подарок,Apple,474000,UMMAH STORE,04.10.2026 | 21:02:12,https://kaspi.kz/shop/p/apple-iphone-16-128gb-nanosim-esim-chernyi-podarok-143567625/?c=750000000
148444285,Apple iPhone 17 512Gb Dual eSim белый,Apple,635533,Click Tech,04.10.2026 | 21:02:12,https://kaspi.kz/shop/p/apple-iphone-17-512gb-dual-esim-belyi-148444285/?c=750000000
143580585,Apple iPhone 15 128Gb NanoSIM+eSIM синий + подарок,Apple,403876,Amir.ON,04.10.2026 | 21:02:12,https://kaspi.kz/shop/p/apple-iphone-15-128gb-nanosim-esim-sinii-podarok-143580585/?c=750000000
113587942,Apple iPhone 15 Pro Max 256Gb Dual Sim серый,Apple,838995,Mobile_Shop,04.10.2026 | 21:02:12,https://kaspi.kz/shop/p/apple-iphone-15-pro-max-256gb-dual-sim-seryi-113587942/?c=750000000
169542995,Смартфон Apple iPhone 17 Pro Max 12 ГБ/256 ГБ оранжевый + Адаптер 20Вт USB-C,Apple,732990,Technology,04.10.2026 | 21:02:12,https://kaspi.kz/shop/p/apple-iphone-17-pro-max-12-gb-256-gb-oranzhevyi-adapter-20vt-usb-c-169542995/?c=750000000
128746228,Смартфон Apple iPhone 16 Pro Max 256Gb Dual Sim черный,Apple,699990,OZEN,04.10.2026 | 21:02:12,https://kaspi.kz/shop/p/apple-iphone-16-pro-max-256gb-dual-sim-chernyi-128746228/?c=750000000
113138396,Apple iPhone 15 Pro Max 512Gb NanoSIM+eSIM черный,Apple,810777,CN-MARKET,04.10.2026 | 21:02:12,https://kaspi.kz/shop/p/apple-iphone-15-pro-max-512gb-nanosim-esim-chernyi-113138396/?c=750000000
123775652,Apple iPhone 16 Plus 256Gb NanoSIM+eSIM белый,Apple,545925,TOP_DEVICE,04.10.2026 | 21:02:12,https://kaspi.kz/shop/p/apple-iphone-16-plus-256gb-nanosim-esim-belyi-123775652/?c=750000000
148427416,Apple iPhone 17 Pro Max 2Tb Dual eSim темно-синий,Apple,1119795,Sirius,04.10.2026 | 21:02:12,https://kaspi.kz/shop/p/apple-iphone-17-pro-max-2tb-dual-esim-temno-sinii-148427416/?c=750000000
106363195,Apple iPhone 14 Plus 256Gb NanoSIM+eSIM черный,Apple,435275,Lynx,04.10.2026 | 21:02:12,https://kaspi.kz/shop/p/apple-iphone-14-plus-256gb-nanosim-esim-chernyi-106363195/?c=750000000
106363156,Смартфон Apple iPhone 14 512Gb NanoSIM+eSIM голубой,Apple,475000,Best Tech,04.10.2026 | 21:02:22,https://kaspi.kz/shop/p/apple-iphone-14-512gb-nanosim-esim-goluboi-106363156/?c=750000000
124338452,Apple iPhone 16 Pro Max 256Gb Dual eSim белый,Apple,727715,TOP_DEVICE,04.10.2026 | 21:02:22,https://kaspi.kz/shop/p/apple-iphone-16-pro-max-256gb-dual-esim-belyi-124338452/?c=750000000
123890803,Apple iPhone 16 Pro Max 512Gb NanoSIM+eSIM серебристый,Apple,824300,"ТОО ""BI TRADE""",04.10.2026 | 21:02:22,https://kaspi.kz/shop/p/apple-iphone-16-pro-max-512gb-nanosim-esim-serebristyi-123890803/?c=750000000
152024370,Смартфон Apple iPhone 17 Pro Max 256Gb Dual eSim синий + подарок,Apple,767046,MOBILS,04.10.2026 | 21:02:22,https://kaspi.kz/shop/p/apple-iphone-17-pro-max-256gb-dual-esim-sinii-podarok-152024370/?c=750000000
151761043,Смартфон Apple iPhone 17 Pro 256Gb Dual eSim оранжевый + подарок,Apple,733891,MOBILS,04.10.2026 | 21:02:22,https://kaspi.kz/shop/p/apple-iphone-17-pro-256gb-dual-esim-oranzhevyi-podarok-151761043/?c=750000000
123745196,Apple iPhone 16 Plus 256Gb NanoSIM+eSIM черный,Apple,547766,Мобитайм,04.10.2026 | 21:02:22,https://kaspi.kz/shop/p/apple-iphone-16-plus-256gb-nanosim-esim-chernyi-123745196/?c=750000000
152720530,Apple iPhone 17 Pro Max 256 APPLE_GIFT_YA24 CosmicOrange,Apple,788899,NOVAMART,04.10.2026 | 21:02:22,https://kaspi.kz/shop/p/apple-iphone-17-pro-max-256gb-nanosim-esim-oranzhevyi-podarok-152720530/?c=750000000
113138184,Смартфон Apple iPhone 15 Pro 128Gb NanoSIM+eSIM серый,Apple,693902,Aslan Tel,04.10.2026 | 21:02:22,https://kaspi.kz/shop/p/apple-iphone-15-pro-128gb-nanosim-esim-seryi-113138184/?c=750000000
148445009,Apple iPhone 17 512Gb Dual eSim фиолетовый,Apple,679993,MEGAPHONE,04.10.2026 | 21:02:22,https://kaspi.kz/shop/p/apple-iphone-17-512gb-dual-esim-fioletovyi-148445009/?c=750000000
121703209,Смартфон Apple iPhone 15 Pro Max 256Gb Dual eSim серый,Apple,679999,Apple-Plus,04.10.2026 | 21:02:22,https://kaspi.kz/shop/p/apple-iphone-15-pro-max-256gb-dual-esim-seryi-121703209/?c=750000000
145438023,Apple iPhone Air 512Gb белый,Apple,604997,ALPHA,04.10.2026 | 21:02:22,https://kaspi.kz/shop/p/apple-iphone-air-512gb-belyi-145438023/?c=750000000
113138605,Apple iPhone 15 Pro Max 512Gb белый,Apple,740583,Best Tech,04.10.2026 | 21:02:22,https://kaspi.kz/shop/p/apple-iphone-15-pro-max-512gb-nanosim-esim-belyi-113138605/?c=750000000
113137974,Apple iPhone 15 128Gb NanoSIM+eSIM зеленый,Apple,600000,Mobile_Shop,04.10.2026 | 21:02:31,https://kaspi.kz/shop/p/apple-iphone-15-128gb-nanosim-esim-zelenyi-113137974/?c=750000000
106363222,Apple iPhone 14 Plus 256Gb NanoSIM+eSIM сиреневый,Apple,540586,Мобитайм,04.10.2026 | 21:02:31,https://kaspi.kz/shop/p/apple-iphone-14-plus-256gb-nanosim-esim-sirenevyi-106363222/?c=750000000
114790867,Смартфон Apple iPhone 15 Pro 256Gb Dual Sim белый,Apple,629998,iStore KZ,04.10.2026 | 21:02:31,https://kaspi.kz/shop/p/apple-iphone-15-pro-256gb-dual-sim-belyi-114790867/?c=750000000
146090795,Смартфон Apple iPhone 17 8 ГБ/256 ГБ голубой + подарок,Apple,588709,SmartDuken,04.10.2026 | 21:02:31,https://kaspi.kz/shop/p/apple-iphone-17-8-gb-256-gb-goluboi-podarok-146090795/?c=750000000
131880206,Apple iPhone 16 128Gb Dual Sim черный,Apple,489000,UMMAH STORE,04.10.2026 | 21:02:31,https://kaspi.kz/shop/p/apple-iphone-16-128gb-dual-sim-chernyi-131880206/?c=750000000
124337961,Apple iPhone 16 128Gb Dual eSim белый,Apple,493494,Galaxy Mobile,04.10.2026 | 21:02:31,https://kaspi.kz/shop/p/apple-iphone-16-128gb-dual-esim-belyi-124337961/?c=750000000
143567479,Apple iPhone 16 128Gb NanoSIM+eSIM белый + подарок,Apple,473600,UMMAH STORE,04.10.2026 | 21:02:31,https://kaspi.kz/shop/p/apple-iphone-16-128gb-nanosim-esim-belyi-podarok-143567479/?c=750000000
106363209,Apple iPhone 14 Plus 128Gb NanoSIM+eSIM бежевый,Apple,521722,Мобитайм,04.10.2026 | 21:02:31,https://kaspi.kz/shop/p/apple-iphone-14-plus-128gb-nanosim-esim-bezhevyi-106363209/?c=750000000
152720870,Смартфон Apple iPhone 17 Pro Max 256Gb NanoSIM+eSIM темно-синий + подарок,Apple,811882,AG shop,04.10.2026 | 21:02:31,https://kaspi.kz/shop/p/apple-iphone-17-pro-max-256gb-nanosim-esim-temno-sinii-podarok-152720870/?c=750000000
113138285,Смартфон Apple iPhone 15 Pro 256Gb NanoSIM+eSIM белый,Apple,689998,VerifyTech - верифицированный,04.10.2026 | 21:02:31,https://kaspi.kz/shop/p/apple-iphone-15-pro-256gb-nanosim-esim-belyi-113138285/?c=750000000
152721148,Apple iPhone 17 Pro 256 APPLE_GIFT_YA24 Silver,Apple,753222,NOVAMART,04.10.2026 | 21:02:31,https://kaspi.kz/shop/p/apple-iphone-17-pro-256gb-nanosim-esim-serebristyi-podarok-152721148/?c=750000000
152721139,Apple iPhone 17 Pro 256 APPLE_GIFT_YA24 CosmicOrange,Apple,726643,NOVAMART,04.10.2026 | 21:02:32,https://kaspi.kz/shop/p/apple-iphone-17-pro-256gb-nanosim-esim-oranzhevyi-podarok-152721139/?c=750000000
123890646,Apple iPhone 16 Pro Max 1Tb золотистый,Apple,804902,Mobile Land,04.10.2026 | 21:02:41,https://kaspi.kz/shop/p/apple-iphone-16-pro-max-1tb-nanosim-esim-zolotistyi-123890646/?c=750000000
152720326,Apple iPhone 17 256Gb черный + подарок (Яндекс Плюс 24 месяцев),Apple,559900,Sirius,04.10.2026 | 21:02:41,https://kaspi.kz/shop/p/apple-iphone-17-256gb-nanosim-esim-chernyi-podarok-152720326/?c=750000000
106363312,Apple iPhone 14 Pro 256Gb золотистый,Apple,857777,CN-MARKET,04.10.2026 | 21:02:41,https://kaspi.kz/shop/p/apple-iphone-14-pro-256gb-nanosim-esim-zolotistyi-106363312/?c=750000000
152720736,Apple iPhone 17 Pro Max 256 APPLE_GIFT_YA24 Silver,Apple,811543,NOVAMART,04.10.2026 | 21:02:41,https://kaspi.kz/shop/p/apple-iphone-17-pro-max-256gb-nanosim-esim-serebristyi-podarok-152720736/?c=750000000
113137983,Apple iPhone 15 256Gb NanoSIM+eSIM зеленый,Apple,507957,Mobile_Shop,04.10.2026 | 21:02:41,https://kaspi.kz/shop/p/apple-iphone-15-256gb-nanosim-esim-zelenyi-113137983/?c=750000000
113587997,Apple iPhone 15 Pro Max 256Gb Dual Sim черный,Apple,649978,PhoneKZ,04.10.2026 | 21:02:41,https://kaspi.kz/shop/p/apple-iphone-15-pro-max-256gb-dual-sim-chernyi-113587997/?c=750000000
113587925,Apple iPhone 15 Pro Max 512Gb Dual Sim серый,Apple,744831,PhoneKZ,04.10.2026 | 21:02:41,https://kaspi.kz/shop/p/apple-iphone-15-pro-max-512gb-dual-sim-seryi-113587925/?c=750000000
113933974,Apple iPhone 15 128Gb Dual Sim синий,Apple,446999,ZAKSTOR,04.10.2026 | 21:02:41,https://kaspi.kz/shop/p/apple-iphone-15-128gb-dual-sim-sinii-113933974/?c=750000000
145468558,Смартфон Apple iPhone Air 1024Gb золотистый,Apple,774997,iPlus Store,04.10.2026 | 21:02:41,https://kaspi.kz/shop/p/apple-iphone-air-1024gb-zolotistyi-145468558/?c=750000000
113589021,Смартфон Apple iPhone 15 Pro 256Gb Dual Sim серый,Apple,669999,OZEN,04.10.2026 | 21:02:41,https://kaspi.kz/shop/p/apple-iphone-15-pro-256gb-dual-sim-seryi-113589021/?c=750000000
106363141,Смартфон Apple iPhone 14 256Gb NanoSIM+eSIM сиреневый,Apple,440800,UMMAH STORE,04.10.2026 | 21:02:41,https://kaspi.kz/shop/p/apple-iphone-14-256gb-nanosim-esim-sirenevyi-106363141/?c=750000000
123776337,Смартфон Apple iPhone 16 Plus 128Gb NanoSIM+eSIM синий,Apple,536918,Tech.kz,04.10.2026 | 21:02:41,https://kaspi.kz/shop/p/apple-iphone-16-plus-128gb-nanosim-esim-sinii-123776337/?c=750000000
163961550,Apple iPhone 17 256Gb черный + подарок,Apple,597260,Мобитайм,04.10.2026 | 21:02:50,https://kaspi.kz/shop/p/apple-iphone-17-256gb-chernyi-podarok-163961550/?c=750000000
152720206,Apple iPhone 17 256Gb голубой + подарок (Яндекс Плюс 24 месяцев),Apple,559900,Sirius,04.10.2026 | 21:02:50,https://kaspi.kz/shop/p/apple-iphone-17-256gb-nanosim-esim-goluboi-podarok-152720206/?c=750000000
167231531,Смартфон Apple iPhone 17 8 ГБ/256 ГБ черный + подарок,Apple,592734,AG shop,04.10.2026 | 21:02:51,https://kaspi.kz/shop/p/apple-iphone-17-8-gb-256-gb-chernyi-podarok-167231531/?c=750000000
124337999,Смартфон Apple iPhone 16 128Gb Dual eSim розовый,Apple,496700,UMMAH STORE 2,04.10.2026 | 21:02:51,https://kaspi.kz/shop/p/apple-iphone-16-128gb-dual-esim-rozovyi-124337999/?c=750000000
143577616,Смартфон Apple iPhone 15 256Gb NanoSIM+eSIM черный + подарок,Apple,514836,MOBILS,04.10.2026 | 21:02:51,https://kaspi.kz/shop/p/apple-iphone-15-256gb-nanosim-esim-chernyi-podarok-143577616/?c=750000000
106363236,Смартфон Apple iPhone 14 Plus 512Gb NanoSIM+eSIM бежевый,Apple,548942,MOBILS,04.10.2026 | 21:02:51,https://kaspi.kz/shop/p/apple-iphone-14-plus-512gb-nanosim-esim-bezhevyi-106363236/?c=750000000
145468628,Смартфон Apple iPhone Air 1024Gb черный,Apple,711200,UMMAH STORE 2,04.10.2026 | 21:02:51,https://kaspi.kz/shop/p/apple-iphone-air-1024gb-chernyi-145468628/?c=750000000
113587969,Apple iPhone 15 Pro Max 512Gb Dual Sim черный,Apple,679979,PhoneKZ,04.10.2026 | 21:02:51,https://kaspi.kz/shop/p/apple-iphone-15-pro-max-512gb-dual-sim-chernyi-113587969/?c=750000000
152721159,Apple iPhone 17 Pro 256 APPLE_GIFT_YA24 DeepBlue,Apple,729677,NOVAMART,04.10.2026 | 21:02:51,https://kaspi.kz/shop/p/apple-iphone-17-pro-256gb-nanosim-esim-temno-sinii-podarok-152721159/?c=750000000
168156615,Смартфон Apple iPhone 15 128Gb черный + подарок,Apple,444992,MOBILS,04.10.2026 | 21:02:51,https://kaspi.kz/shop/p/apple-iphone-15-128gb-chernyi-podarok-168156615/?c=750000000
147534417,Apple iPhone Air 256Gb черный + подарок,Apple,587941,PhoneKZ,04.10.2026 | 21:02:51,https://kaspi.kz/shop/p/apple-iphone-air-256gb-chernyi-podarok-147534417/?c=750000000
148444404,Apple iPhone 17 512Gb Dual eSim зеленый,Apple,619614,FORTUNA,04.10.2026 | 21:02:51,https://kaspi.kz/shop/p/apple-iphone-17-512gb-dual-esim-zelenyi-148444404/?c=750000000
154660564,Apple iPhone 17 256Gb черный + подарок (Яндекс Плюс 12 месяцев),Apple,559900,Sirius,04.10.2026 | 21:03:27,https://kaspi.kz/shop/p/apple-iphone-17-256gb-nanosim-esim-chernyi-podarok-154660564/?c=750000000
167231243,Смартфон Apple iPhone 17 8 ГБ/256 ГБ белый + подарок,Apple,583877,MOBILS,04.10.2026 | 21:03:27,https://kaspi.kz/shop/p/apple-iphone-17-8-gb-256-gb-belyi-podarok-167231243/?c=750000000
143567514,Apple iPhone 16 128Gb NanoSIM+eSIM фиолетовый + подарок,Apple,475971,GadgetON,04.10.2026 | 21:03:27,https://kaspi.kz/shop/p/apple-iphone-16-128gb-nanosim-esim-fioletovyi-podarok-143567514/?c=750000000
113587645,Смартфон Apple iPhone 15 Pro Max 256Gb Dual Sim белый,Apple,646875,OZEN,04.10.2026 | 21:03:27,https://kaspi.kz/shop/p/apple-iphone-15-pro-max-256gb-dual-sim-belyi-113587645/?c=750000000
113138015,Apple iPhone 15 Plus 128Gb NanoSIM+eSIM черный,Apple,540000,Мобитайм,04.10.2026 | 21:03:27,https://kaspi.kz/shop/p/apple-iphone-15-plus-128gb-nanosim-esim-chernyi-113138015/?c=750000000
143567720,Смартфон Apple iPhone 16 256Gb NanoSIM+eSIM розовый + розовый,Apple,650000,MOBILS,04.10.2026 | 21:03:27,https://kaspi.kz/shop/p/apple-iphone-16-256gb-nanosim-esim-rozovyi-rozovyi-143567720/?c=750000000
131734933,Apple iPhone 16 128Gb Dual Sim белый,Apple,493900,Galaxy Mobile,04.10.2026 | 21:03:27,https://kaspi.kz/shop/p/apple-iphone-16-128gb-dual-sim-belyi-131734933/?c=750000000
102298395,Смартфон Apple iPhone 13 512Gb NanoSIM+eSIM синий,Apple,500000,ProUnit,04.10.2026 | 21:03:27,https://kaspi.kz/shop/p/apple-iphone-13-512gb-nanosim-esim-sinii-102298395/?c=750000000
123776191,Apple iPhone 16 Plus 256Gb NanoSIM+eSIM розовый,Apple,553867,T-Space,04.10.2026 | 21:03:27,https://kaspi.kz/shop/p/apple-iphone-16-plus-256gb-nanosim-esim-rozovyi-123776191/?c=750000000
102298980,Смартфон Apple iPhone 13 Pro Max 512Gb NanoSIM+eSIM серый,Apple,619999,OZEN,04.10.2026 | 21:03:27,https://kaspi.kz/shop/p/apple-iphone-13-pro-max-512gb-nanosim-esim-seryi-102298980/?c=750000000
121703275,Смартфон Apple iPhone 15 Pro Max 256Gb Dual eSim белый,Apple,660000,Apple-Plus,04.10.2026 | 21:03:27,https://kaspi.kz/shop/p/apple-iphone-15-pro-max-256gb-dual-esim-belyi-121703275/?c=750000000
177319302,iPhone 18 Pro Max 256GB Silver,Apple,909990,iSpace Apple Premium Partner,04.10.2026 | 21:03:27,https://kaspi.kz/shop/p/apple-iphone-18-pro-max-256gb-nanosim-esim-serebristyi-177319302/?c=750000000
102298986,Смартфон Apple iPhone 13 Pro Max 1Tb NanoSIM+eSIM серый,Apple,649999,OZEN,04.10.2026 | 21:03:38,https://kaspi.kz/shop/p/apple-iphone-13-pro-max-1tb-nanosim-esim-seryi-102298986/?c=750000000
124337614,Apple iPhone 16 128Gb Dual eSim фиолетовый,Apple,489000,UMMAH STORE,04.10.2026 | 21:03:38,https://kaspi.kz/shop/p/apple-iphone-16-128gb-dual-esim-fioletovyi-124337614/?c=750000000
121692313,Apple iPhone 15 128Gb Dual eSim голубой,Apple,440000,UMMAH STORE,04.10.2026 | 21:03:38,https://kaspi.kz/shop/p/apple-iphone-15-128gb-dual-esim-goluboi-121692313/?c=750000000
114963265,Apple iPhone 15 256Gb Dual Sim черный,Apple,529400,UMMAH STORE,04.10.2026 | 21:03:38,https://kaspi.kz/shop/p/apple-iphone-15-dual-sim-6-gb-256-gb-chernyi-114963265/?c=750000000
168156670,Apple iPhone 15 256 APPLE2_GIFT_A20W_EAR Black,Apple,533414,NOVAMART,04.10.2026 | 21:03:38,https://kaspi.kz/shop/p/apple-iphone-15-256gb-chernyi-podarok-168156670/?c=750000000
168157098,Смартфон Apple iPhone 17 256Gb черный + подарок,Apple,654436,MOBILS,04.10.2026 | 21:03:38,https://kaspi.kz/shop/p/apple-iphone-17-256gb-chernyi-podarok-168157098/?c=750000000
152720177,iPhone 17 256Gb NanoSIM+eSIM белый + подарок,Apple,559790,Lynx,04.10.2026 | 21:03:38,https://kaspi.kz/shop/p/apple-iphone-17-256gb-nanosim-esim-belyi-podarok-152720177/?c=750000000
124338514,Apple iPhone 16 Pro Max 512Gb Dual eSim золотистый,Apple,1000000,Mobile_Shop,04.10.2026 | 21:03:38,https://kaspi.kz/shop/p/apple-iphone-16-pro-max-512gb-dual-esim-zolotistyi-124338514/?c=750000000
152720245,Apple iPhone 17 256Gb NanoSIM+eSIM фиолетовый + подарок,Apple,598979,Lynx,04.10.2026 | 21:03:38,https://kaspi.kz/shop/p/apple-iphone-17-256gb-nanosim-esim-fioletovyi-podarok-152720245/?c=750000000
169699246,Apple iPhone 17 8 ГБ/256 ГБ черный + подарок,Apple,618504,Мобитайм,04.10.2026 | 21:03:38,https://kaspi.kz/shop/p/apple-iphone-17-8-gb-256-gb-chernyi-podarok-169699246/?c=750000000
143563956,Apple iPhone 16 128Gb NanoSIM+eSIM розовый + подарок,Apple,478000,UMMAH STORE,04.10.2026 | 21:03:38,https://kaspi.kz/shop/p/apple-iphone-16-128gb-nanosim-esim-rozovyi-podarok-143563956/?c=750000000
113138062,Apple iPhone 15 Plus 128Gb NanoSIM+eSIM зеленый,Apple,489950,GadgetON,04.10.2026 | 21:03:38,https://kaspi.kz/shop/p/apple-iphone-15-plus-128gb-nanosim-esim-zelenyi-113138062/?c=750000000
106363323,Apple iPhone 14 Pro 1Tb фиолетовый,Apple,777777,CN-MARKET,04.10.2026 | 21:03:50,https://kaspi.kz/shop/p/apple-iphone-14-pro-1tb-nanosim-esim-fioletovyi-106363323/?c=750000000
168157632,Apple iPhone 17256Gb фиолетовый + подарок,Apple,613181,Mobile_Shop,04.10.2026 | 21:03:50,https://kaspi.kz/shop/p/apple-iphone-17256gb-fioletovyi-podarok-168157632/?c=750000000
128138782,Apple iPhone 16 Pro Max 256Gb Dual Sim золотистый,Apple,837999,Mobile_Shop,04.10.2026 | 21:03:50,https://kaspi.kz/shop/p/apple-iphone-16-pro-max-256gb-dual-sim-zolotistyi-128138782/?c=750000000
169699857,Смартфон Apple iPhone 17 Pro Max 12/256GB Cosmic Orange Чехол Apple для iPhone 17 Pro Max Clear Case with MagSafe MGFW4ZM/A,Apple,778980,Sulpаk,04.10.2026 | 21:03:50,https://kaspi.kz/shop/p/apple-iphone-17-pro-max-12-gb-256-gb-oranzhevyi-podarok-169699857/?c=750000000
167390672,Apple iPhone 17 Pro 256 APPLE1_GIFT_A20W_EAR_YA12 Silver,Apple,778990,NOVAMART,04.10.2026 | 21:03:50,https://kaspi.kz/shop/p/apple-iphone-17-pro-256gb-serebristyi-podarok-167390672/?c=750000000
134454675,Смартфон Apple iPhone 16 128Gb Dual Sim розовый,Apple,489000,UMMAH STORE,04.10.2026 | 21:03:50,https://kaspi.kz/shop/p/apple-iphone-16-128gb-dual-sim-rozovyi-134454675/?c=750000000
123890508,Apple iPhone 16 Pro Max 1Tb белый,Apple,805113,Mobile Land,04.10.2026 | 21:03:50,https://kaspi.kz/shop/p/apple-iphone-16-pro-max-1tb-nanosim-esim-belyi-123890508/?c=750000000
168155811,Apple iPhone 16 128 APPLE2_GIFT_A20W_EAR Black,Apple,518185,NOVAMART,04.10.2026 | 21:03:50,https://kaspi.kz/shop/p/apple-iphone-16-128gb-chernyi-podarok-168155811/?c=750000000
145468579,Apple iPhone Air 1024Gb голубой,Apple,739887,Dora,04.10.2026 | 21:03:50,https://kaspi.kz/shop/p/apple-iphone-air-1024gb-goluboi-145468579/?c=750000000
167487379,Apple iPhone 17 Pro Max 256Gb оранжевый + подарок,Apple,837945,Lynx,04.10.2026 | 21:03:50,https://kaspi.kz/shop/p/apple-iphone-17-pro-max-256gb-oranzhevyi-podarok-167487379/?c=750000000
113137957,Apple iPhone 15 128Gb NanoSIM+eSIM желтый,Apple,466279,ASR Market,04.10.2026 | 21:03:50,https://kaspi.kz/shop/p/apple-iphone-15-128gb-nanosim-esim-zheltyi-113137957/?c=750000000
143567273,Apple iPhone 16 128Gb NanoSIM+eSIM зеленый + подарок,Apple,476999,GadgetON,04.10.2026 | 21:03:50,https://kaspi.kz/shop/p/apple-iphone-16-128gb-nanosim-esim-zelenyi-podarok-143567273/?c=750000000
168157656,Apple iPhone 17 256Gb черный + подарок (Apple EarPods USB-C White + Apple Power Adapter 20w),Apple,574897,Sirius,04.10.2026 | 21:03:59,https://kaspi.kz/shop/p/apple-iphone-17-256gb-chernyi-podarok-168157656/?c=750000000
142747406,Смартфон Apple iPhone 16 Pro Max 512Gb Dual Sim черный,Apple,799998,iStore KZ,04.10.2026 | 21:03:59,https://kaspi.kz/shop/p/apple-iphone-16-pro-max-512gb-dual-sim-chernyi-142747406/?c=750000000
167281247,Смартфон Apple iPhone 16 128Gb черный + подарок,Apple,502893,MOBILS,04.10.2026 | 21:03:59,https://kaspi.kz/shop/p/apple-iphone-16-128gb-chernyi-podarok-167281247/?c=750000000
152721170,Смартфон Apple iPhone 17 Pro 512Gb NanoSIM+eSIM оранжевый + подарок,Apple,875710,MOBILS,04.10.2026 | 21:03:59,https://kaspi.kz/shop/p/apple-iphone-17-pro-512gb-nanosim-esim-oranzhevyi-podarok-152721170/?c=750000000
167231254,Смартфон Apple iPhone 17 8 ГБ/256 ГБ черный + подарок,Apple,671197,MOBILS,04.10.2026 | 21:03:59,https://kaspi.kz/shop/p/apple-iphone-17-8-gb-256-gb-chernyi-podarok-167231254/?c=750000000
152005911,Apple iPhone 17 256Gb Dual eSim черный + подарок,Apple,648960,Lynx,04.10.2026 | 21:03:59,https://kaspi.kz/shop/p/apple-iphone-17-256gb-dual-esim-chernyi-podarok-152005911/?c=750000000
167487345,Смартфон Apple iPhone 17 Pro Max 256Gb темно-синий + подарок,Apple,846947,MOBILS,04.10.2026 | 21:03:59,https://kaspi.kz/shop/p/apple-iphone-17-pro-max-256gb-temno-sinii-podarok-167487345/?c=750000000
167390793,Apple iPhone 17 Pro 256 APPLE1_GIFT_A20W_EAR_YA12 CosmicOrange,Apple,778999,NOVAMART,04.10.2026 | 21:03:59,https://kaspi.kz/shop/p/apple-iphone-17-pro-256gb-oranzhevyi-podarok-167390793/?c=750000000
113138043,Смартфон Apple iPhone 15 Plus 128Gb NanoSIM+eSIM голубой,Apple,613549,AG shop,04.10.2026 | 21:03:59,https://kaspi.kz/shop/p/apple-iphone-15-plus-128gb-nanosim-esim-goluboi-113138043/?c=750000000
168155747,,Apple,522978,MOBILS,04.10.2026 | 21:03:59,https://kaspi.kz/shop/p/apple-iphone-16-128gb-belyi-podarok-168155747/?c=750000000
168157082,Apple iPhone 17 256Gb фиолетовый + подарок,Apple,652884,Lynx,04.10.2026 | 21:03:59,https://kaspi.kz/shop/p/apple-iphone-17-256gb-fioletovyi-podarok-168157082/?c=750000000
152030166,Apple iPhone Air 256 APPLE_GIFT_YA24 SpaceBlack,Apple,599989,NOVAMART,04.10.2026 | 21:03:59,https://kaspi.kz/shop/p/apple-iphone-air-256gb-chernyi-podarok-152030166/?c=750000000
113587585,Apple iPhone 15 Pro Max 512Gb Dual Sim белый,Apple,736815,TOP_DEVICE,04.10.2026 | 21:04:12,https://kaspi.kz/shop/p/apple-iphone-15-pro-max-512gb-dual-sim-belyi-113587585/?c=750000000
113137952,Apple iPhone 15 512Gb NanoSIM+eSIM розовый,Apple,504304,BERLIN,04.10.2026 | 21:04:12,https://kaspi.kz/shop/p/apple-iphone-15-512gb-nanosim-esim-rozovyi-113137952/?c=750000000
168860534,Apple iPhone 17 Pro 256 APPLE2_GIFT_A20W_EAR Silver,Apple,770341,NOVAMART,04.10.2026 | 21:04:12,https://kaspi.kz/shop/p/apple-iphone-17-pro-256gb-serebristyi-podarok-168860534/?c=750000000
147262004,Смартфон Apple iPhone 15 128Gb NanoSIM+eSIM черный + подарок,Apple,469997,SmartDuken,04.10.2026 | 21:04:12,https://kaspi.kz/shop/p/apple-iphone-15-128gb-nanosim-esim-chernyi-podarok-147262004/?c=750000000
133017964,Apple iPhone 16 128Gb Dual Sim фиолетовый,Apple,497000,SMART TRADE,04.10.2026 | 21:04:12,https://kaspi.kz/shop/p/apple-iphone-16-128gb-dual-sim-fioletovyi-133017964/?c=750000000
102298904,Смартфон Apple iPhone 13 Pro Max 512Gb NanoSIM+eSIM серебристый,Apple,619999,OZEN,04.10.2026 | 21:04:12,https://kaspi.kz/shop/p/apple-iphone-13-pro-max-512gb-nanosim-esim-serebristyi-102298904/?c=750000000
143568128,Apple iPhone 16 Pro Max 256Gb NanoSIM+eSIM золотистый + подарок,Apple,699000,Мобитайм,04.10.2026 | 21:04:12,https://kaspi.kz/shop/p/apple-iphone-16-pro-max-256gb-nanosim-esim-zolotistyi-podarok-143568128/?c=750000000
168860507,Apple iPhone 17 Pro 256 APPLE2_GIFT_A20W_PODS Silver,Apple,835358,NOVAMART,04.10.2026 | 21:04:12,https://kaspi.kz/shop/p/apple-iphone-17-pro-256gb-serebristyi-podarok-168860507/?c=750000000
152721002,Смартфон Apple iPhone 17 Pro Max 512Gb NanoSIM+eSIM темно-синий + подарок,Apple,960868,MOBILS,04.10.2026 | 21:04:12,https://kaspi.kz/shop/p/apple-iphone-17-pro-max-512gb-nanosim-esim-temno-sinii-podarok-152721002/?c=750000000
124338427,Apple iPhone 16 Pro Max 512Gb Dual eSim черный,Apple,1000000,Mobile_Shop,04.10.2026 | 21:04:12,https://kaspi.kz/shop/p/apple-iphone-16-pro-max-512gb-dual-esim-chernyi-124338427/?c=750000000
147534261,Смартфон Apple iPhone Air 256Gb белый + подарок,Apple,608999,SmartDuken,04.10.2026 | 21:04:12,https://kaspi.kz/shop/p/apple-iphone-air-256gb-belyi-podarok-147534261/?c=750000000
113138194,Apple iPhone 15 Pro 512Gb NanoSIM+eSIM черный,Apple,807536,Мобитайм,04.10.2026 | 21:04:12,https://kaspi.kz/shop/p/apple-iphone-15-pro-512gb-nanosim-esim-chernyi-113138194/?c=750000000
168641939,Смартфон Apple iPhone 17 Pro Max 256Gb синий + подарок,Apple,884230,NewTechno верифицированный,04.10.2026 | 21:04:21,https://kaspi.kz/shop/p/apple-iphone-17-pro-max-256gb-sinii-podarok-168641939/?c=750000000
102298435,Apple iPhone 13 512Gb NanoSIM+eSIM красный,Apple,529990,Mobile_Shop,04.10.2026 | 21:04:21,https://kaspi.kz/shop/p/apple-iphone-13-512gb-nanosim-esim-krasnyi-102298435/?c=750000000
154660597,Смартфон Apple iPhone 17 256Gb NanoSIM+eSIM фиолетовый + подарок,Apple,637499,MOBILS,04.10.2026 | 21:04:21,https://kaspi.kz/shop/p/apple-iphone-17-256gb-nanosim-esim-fioletovyi-podarok-154660597/?c=750000000
168641912,Apple iPhone 17 Pro Max 256 APPLE2_GIFT_A20W_PODS Silver,Apple,896999,NOVAMART,04.10.2026 | 21:04:21,https://kaspi.kz/shop/p/apple-iphone-17-pro-max-256gb-serebristyi-podarok-168641912/?c=750000000
124338365,Apple iPhone 16 Pro 128Gb Dual eSim серебристый,Apple,698000,UMMAH STORE,04.10.2026 | 21:04:21,https://kaspi.kz/shop/p/apple-iphone-16-pro-128gb-dual-esim-serebristyi-124338365/?c=750000000
152721064,Смартфон Apple iPhone 17 Pro Max 1024Gb NanoSIM+eSIM темно-синий + подарок,Apple,1152911,AG shop,04.10.2026 | 21:04:21,https://kaspi.kz/shop/p/apple-iphone-17-pro-max-1024gb-nanosim-esim-temno-sinii-podarok-152721064/?c=750000000
121692452,Смартфон Apple iPhone 15 256Gb Dual eSim голубой,Apple,529000,UMMAH STORE 2,04.10.2026 | 21:04:21,https://kaspi.kz/shop/p/apple-iphone-15-256gb-dual-esim-goluboi-121692452/?c=750000000
152721025,Смартфон Apple iPhone 17 Pro Max 1024Gb NanoSIM+eSIM оранжевый + подарок,Apple,1158899,SmartDuken,04.10.2026 | 21:04:21,https://kaspi.kz/shop/p/apple-iphone-17-pro-max-1024gb-nanosim-esim-oranzhevyi-podarok-152721025/?c=750000000
124338439,Смартфон Apple iPhone 16 Pro Max 1Tb Dual eSim черный,Apple,803360,VerifyTech - верифицированный,04.10.2026 | 21:04:21,https://kaspi.kz/shop/p/apple-iphone-16-pro-max-1tb-dual-esim-chernyi-124338439/?c=750000000
145468523,Смартфон Apple iPhone Air 1024Gb белый,Apple,749247,iPlus Store,04.10.2026 | 21:04:21,https://kaspi.kz/shop/p/apple-iphone-air-1024gb-belyi-145468523/?c=750000000
171183193,Apple iPhone 17e 256Gb dual eSIM белый,Apple,475009,ZAKSTOR,04.10.2026 | 21:04:21,https://kaspi.kz/shop/p/apple-iphone-17e-256gb-dual-esim-belyi-171183193/?c=750000000
152720974,Apple iPhone 17 Pro Max 512Gb NanoSIM+eSIM серебристый + подарок,Apple,1020304,Lynx,04.10.2026 | 21:04:21,https://kaspi.kz/shop/p/apple-iphone-17-pro-max-512gb-nanosim-esim-serebristyi-podarok-152720974/?c=750000000
147534458,Смартфон Apple iPhone Air 256Gb голубой + подарок,Apple,609166,AG shop,04.10.2026 | 21:04:30,https://kaspi.kz/shop/p/apple-iphone-air-256gb-goluboi-podarok-147534458/?c=750000000
152720932,Apple iPhone 17 Pro Max 512 APPLE_GIFT_YA24 CosmicOrange,Apple,961009,NOVAMART,04.10.2026 | 21:04:30,https://kaspi.kz/shop/p/apple-iphone-17-pro-max-512gb-nanosim-esim-oranzhevyi-podarok-152720932/?c=750000000
102298435,Apple iPhone 13 512Gb NanoSIM+eSIM красный,Apple,529990,Mobile_Shop,04.10.2026 | 21:04:30,https://kaspi.kz/shop/p/apple-iphone-13-512gb-nanosim-esim-krasnyi-102298435/?c=750000000
121702321,Смартфон Apple iPhone 15 Pro 256Gb Dual eSim серый,Apple,748800,UMMAH STORE 2,04.10.2026 | 21:04:30,https://kaspi.kz/shop/p/apple-iphone-15-pro-256gb-dual-esim-seryi-121702321/?c=750000000
109339995,Смартфон Apple iPhone 14 128Gb NanoSIM+eSIM желтый,Apple,488433,ProUnit,04.10.2026 | 21:04:30,https://kaspi.kz/shop/p/apple-iphone-14-128gb-nanosim-esim-zheltyi-109339995/?c=750000000
168860560,Apple iPhone 17 Pro 256 APPLE2_GIFT_A20W_EAR CosmicOrange,Apple,759997,NOVAMART,04.10.2026 | 21:04:30,https://kaspi.kz/shop/p/apple-iphone-17-pro-256gb-oranzhevyi-podarok-168860560/?c=750000000
168035175,Смартфон Apple iPhone 17 Pro 512Gb оранжевый + подарок,Apple,1066112,MOBILS,04.10.2026 | 21:04:30,https://kaspi.kz/shop/p/apple-iphone-17-pro-512gb-oranzhevyi-podarok-168035175/?c=750000000
167231462,Смартфон Apple iPhone 17 8 ГБ/256 ГБ фиолетовый + подарок,Apple,599988,MOBILS,04.10.2026 | 21:04:30,https://kaspi.kz/shop/p/apple-iphone-17-8-gb-256-gb-fioletovyi-podarok-167231462/?c=750000000
113138463,Apple iPhone 15 Pro Max 1Tb NanoSIM+eSIM серый,Apple,785430,GOLDEN_KZ,04.10.2026 | 21:04:30,https://kaspi.kz/shop/p/apple-iphone-15-pro-max-1tb-nanosim-esim-seryi-113138463/?c=750000000
168035607,Смартфон Apple iPhone 17 Pro 256Gb темно-синий + подарок,Apple,840000,UMMAH STORE,04.10.2026 | 21:04:30,https://kaspi.kz/shop/p/apple-iphone-17-pro-256gb-temno-sinii-podarok-168035607/?c=750000000
121703122,Смартфон Apple iPhone 15 Pro Max 256Gb Dual eSim черный,Apple,669999,Apple-Plus,04.10.2026 | 21:04:30,https://kaspi.kz/shop/p/apple-iphone-15-pro-max-256gb-dual-esim-chernyi-121703122/?c=750000000
168860538,Apple iPhone 17 Pro 256 APPLE2_GIFT_A20W_PODS DeepBlue,Apple,836955,NOVAMART,04.10.2026 | 21:04:30,https://kaspi.kz/shop/p/apple-iphone-17-pro-256gb-sinii-podarok-168860538/?c=750000000
107195822,Apple iPhone 13 128Gb Dual Sim синий,Apple,529990,Mobile_Shop,04.10.2026 | 21:04:40,https://kaspi.kz/shop/p/apple-iphone-13-128gb-dual-sim-sinii-107195822/?c=750000000
167455186,Смартфон Apple iPhone 17 Pro Max 512Gb серебристый + подарок,Apple,1108239,MOBILS,04.10.2026 | 21:04:40,https://kaspi.kz/shop/p/apple-iphone-17-pro-max-512gb-serebristyi-podarok-167455186/?c=750000000
147261963,Смартфон Apple iPhone 15 128Gb NanoSIM+eSIM синий + подарок (Яндекс Плюс 24 месяца),Apple,409900,Sirius,04.10.2026 | 21:04:40,https://kaspi.kz/shop/p/apple-iphone-15-128gb-nanosim-esim-sinii-podarok-147261963/?c=750000000
168157401,Apple iPhone 17 256Gb голубой + подарок (Apple EarPods USB-C White + Apple Power Adapter 20w),Apple,569897,Sirius,04.10.2026 | 21:04:40,https://kaspi.kz/shop/p/apple-iphone-17-256gb-goluboi-podarok-168157401/?c=750000000
171515231,Apple iPhone 17 Pro 256 APPLE5_GIFT_A20W_YA36 CosmicOrange,Apple,763982,NOVAMART,04.10.2026 | 21:04:40,https://kaspi.kz/shop/p/apple-iphone-17-pro-256-gb-oranzhevyi-podarok-171515231/?c=750000000
169699812,Apple iPhone 17 Pro Max 12 ГБ/256 ГБ серебристый + подарок,Apple,808935,Mobile_Shop,04.10.2026 | 21:04:40,https://kaspi.kz/shop/p/apple-iphone-17-pro-max-12-gb-256-gb-serebristyi-podarok-169699812/?c=750000000
167231272,Смартфон Apple iPhone 17 8 ГБ/256 ГБ голубой + подарок,Apple,583977,MOBILS,04.10.2026 | 21:04:40,https://kaspi.kz/shop/p/apple-iphone-17-8-gb-256-gb-goluboi-podarok-167231272/?c=750000000
168155140,Apple iPhone 16 128 APPLE2_GIFT_A20W_PODS Black,Apple,579599,NOVAMART,04.10.2026 | 21:04:40,https://kaspi.kz/shop/p/apple-iphone-16-128gb-chernyi-podarok-168155140/?c=750000000
169699467,Смартфон Apple iPhone 17 Pro 12/256GB Cosmic Orange Чехол Apple для iPhone 17 Pro Clear Case with MagSafe MGFT4ZM/A,Apple,743980,Sulpаk,04.10.2026 | 21:04:40,https://kaspi.kz/shop/p/apple-iphone-17-pro-12-gb-256-gb-oranzhevyi-podarok-169699467/?c=750000000
167456115,Apple iPhone 17 Pro Max 512 APPLE1_GIFT_A20W_EAR_YA12 CosmicOrange,Apple,983640,NOVAMART,04.10.2026 | 21:04:40,https://kaspi.kz/shop/p/apple-iphone-17-pro-max-512gb-oranzhevyi-podarok-167456115/?c=750000000
106363198,Смартфон Apple iPhone 14 Plus 512Gb NanoSIM+eSIM черный,Apple,650000,MOBILS,04.10.2026 | 21:04:40,https://kaspi.kz/shop/p/apple-iphone-14-plus-512gb-nanosim-esim-chernyi-106363198/?c=750000000
168036327,Apple iPhone 17 Pro Max 256 APPLE2_GIFT_A20W_PODS_SE3S Silver,Apple,1036677,NOVAMART,04.10.2026 | 21:04:40,https://kaspi.kz/shop/p/apple-iphone-17-pro-max-256gb-serebristyi-podarok-168036327/?c=750000000
168860553,Смартфон Apple iPhone 17 Pro 256Gb оранжевый + подарок,Apple,837976,NewTechno верифицированный,04.10.2026 | 21:04:49,https://kaspi.kz/shop/p/apple-iphone-17-pro-256gb-oranzhevyi-podarok-168860553/?c=750000000
146090717,Apple iPhone Air 12 ГБ/256 ГБ голубой + подарок,Apple,679590,Мобитайм,04.10.2026 | 21:04:49,https://kaspi.kz/shop/p/apple-iphone-air-12-gb-256-gb-goluboi-podarok-146090717/?c=750000000
170829111,Смартфон Apple iPhone 17 256Gb белый + подарок,Apple,556342,MOBILS,04.10.2026 | 21:04:49,https://kaspi.kz/shop/p/apple-iphone-17-256gb-belyi-podarok-170829111/?c=750000000
106363117,Смартфон Apple iPhone 14 128Gb NanoSIM+eSIM сиреневый,Apple,474000,UMMAH STORE,04.10.2026 | 21:04:49,https://kaspi.kz/shop/p/apple-iphone-14-128gb-nanosim-esim-sirenevyi-106363117/?c=750000000
169618122,Apple iPhone 17 Pro 256 APPLE4_GIFT_A20W_17PBLA DeepBlue,Apple,753459,NOVAMART,04.10.2026 | 21:04:49,https://kaspi.kz/shop/p/apple-iphone-17-pro-12-gb-256-gb-temno-sinii-podarok-169618122/?c=750000000
123776418,Apple iPhone 16 Plus 256Gb NanoSIM+eSIM синий,Apple,554962,"ТОО ""BI TRADE""",04.10.2026 | 21:04:49,https://kaspi.kz/shop/p/apple-iphone-16-plus-256gb-nanosim-esim-sinii-123776418/?c=750000000
167231129,,Apple,714986,SmartDuken,04.10.2026 | 21:04:49,https://kaspi.kz/shop/p/apple-iphone-17-8-gb-256-gb-belyi-podarok-167231129/?c=750000000
168642047,Смартфон Apple iPhone 17 Pro Max 256Gb оранжевый + подарок,Apple,837423,MOBILS,04.10.2026 | 21:04:49,https://kaspi.kz/shop/p/apple-iphone-17-pro-max-256gb-oranzhevyi-podarok-168642047/?c=750000000
168641970,Apple iPhone 17 Pro Max 256Gb серебристый + подарок,Apple,817173,Mobile_Shop,04.10.2026 | 21:04:49,https://kaspi.kz/shop/p/apple-iphone-17-pro-max-256gb-serebristyi-podarok-168641970/?c=750000000
167239490,Смартфон Apple iPhone 15 128Gb черный + подарок,Apple,456170,MOBILS,04.10.2026 | 21:04:49,https://kaspi.kz/shop/p/apple-iphone-15-128gb-chernyi-podarok-167239490/?c=750000000
167728962,Apple iPhone 17 256Gb белый + подарок,Apple,872653,Мобитайм,04.10.2026 | 21:04:49,https://kaspi.kz/shop/p/apple-iphone-17-256gb-belyi-podarok-167728962/?c=750000000
167643900,Смартфон Apple iPhone Air 256Gb черный + подарок,Apple,821306,AG shop,04.10.2026 | 21:04:49,https://kaspi.kz/shop/p/apple-iphone-air-256gb-chernyi-podarok-167643900/?c=750000000
168154894,Apple iPhone 16 128Gb белый + подарок,Apple,629998,Mobile_Shop,04.10.2026 | 21:04:58,https://kaspi.kz/shop/p/apple-iphone-16-128gb-belyi-podarok-168154894/?c=750000000
169699262,Смартфон Apple iPhone 17 Pro Max 12/256GB Cosmic Orange Чехол Apple для iPhone 17 Pro Max Silicone Case with MagSafe – Black MGFR4ZM/A,Apple,759980,Sulpаk,04.10.2026 | 21:04:58,https://kaspi.kz/shop/p/apple-iphone-17-pro-max-12-gb-256-gb-oranzhevyi-podarok-169699262/?c=750000000
167487307,Смартфон Apple iPhone 17 Pro Max 256Gb серебристый + подарок,Apple,834484,MOBILS,04.10.2026 | 21:04:58,https://kaspi.kz/shop/p/apple-iphone-17-pro-max-256gb-serebristyi-podarok-167487307/?c=750000000
177318857,Смартфон Apple iPhone 18 Pro Max 512Gb NanoSIM+eSIM голубой,Apple,1400000,SMART ELECTRONICS,04.10.2026 | 21:04:58,https://kaspi.kz/shop/p/apple-iphone-18-pro-max-512gb-nanosim-esim-goluboi-177318857/?c=750000000
168641955,Смартфон Apple iPhone 17 Pro Max 256Gb оранжевый + подарок,Apple,904437,MOBILS,04.10.2026 | 21:04:58,https://kaspi.kz/shop/p/apple-iphone-17-pro-max-256gb-oranzhevyi-podarok-168641955/?c=750000000
169618552,Apple iPhone 17 Pro 256 APPLE4_GIFT_A20W_17PBLA Silver,Apple,762990,NOVAMART,04.10.2026 | 21:04:58,https://kaspi.kz/shop/p/apple-iphone-17-pro-12-gb-256-gb-serebristyi-podarok-169618552/?c=750000000
168157033,Смартфон Apple iPhone 17 256Gb голубой + подарок,Apple,741221,MOBILS,04.10.2026 | 21:04:58,https://kaspi.kz/shop/p/apple-iphone-17-256gb-goluboi-podarok-168157033/?c=750000000
168036518,Apple iPhone 17 Pro Max 256 APPLE2_GIFT_A20W_PODS_SE3S CosmicOrange,Apple,1033832,NOVAMART,04.10.2026 | 21:04:58,https://kaspi.kz/shop/p/apple-iphone-17-pro-max-256gb-oranzhevyi-podarok-168036518/?c=750000000
167390741,Apple iPhone 17 Pro 256 APPLE1_GIFT_A20W_EAR_YA12 DeepBlue,Apple,778897,NOVAMART,04.10.2026 | 21:04:58,https://kaspi.kz/shop/p/apple-iphone-17-pro-256gb-temno-sinii-podarok-167390741/?c=750000000
167389947,Apple iPhone 17 Pro 512Gb темно-синий + подарок,Apple,1050189,Lynx,04.10.2026 | 21:04:58,https://kaspi.kz/shop/p/apple-iphone-17-pro-512gb-temno-sinii-podarok-167389947/?c=750000000
167231190,Смартфон Apple iPhone 17 8 ГБ/256 ГБ голубой + подарок,Apple,701687,MOBILS,04.10.2026 | 21:04:58,https://kaspi.kz/shop/p/apple-iphone-17-8-gb-256-gb-goluboi-podarok-167231190/?c=750000000
169617748,Apple iPhone 17 8 ГБ/256 ГБ черный + подарок,Apple,644000,UMMAH STORE,04.10.2026 | 21:04:58,https://kaspi.kz/shop/p/apple-iphone-17-8-gb-256-gb-chernyi-podarok-169617748/?c=750000000
169699287,Apple iPhone 17 Pro 256 APPLE4_GIFT_17PBLA CosmicOrange,Apple,738979,NOVAMART,04.10.2026 | 21:05:11,https://kaspi.kz/shop/p/apple-iphone-17-pro-12-gb-256-gb-oranzhevyi-podarok-169699287/?c=750000000
168035663,Смартфон Apple iPhone 17 Pro 256Gb оранжевый + подарок,Apple,920998,FONIQ,04.10.2026 | 21:05:11,https://kaspi.kz/shop/p/apple-iphone-17-pro-256gb-oranzhevyi-podarok-168035663/?c=750000000
171577783,Apple iPhone 17e 256Gb dual eSIM розовый,Apple,477999,ZAKSTOR,04.10.2026 | 21:05:11,https://kaspi.kz/shop/p/apple-iphone-17e-256gb-dual-esim-rozovyi-171577783/?c=750000000
171515133,Apple iPhone 17 Pro 256 APPLE5_GIFT_A20W_YA36 DeepBlue,Apple,778990,NOVAMART,04.10.2026 | 21:05:11,https://kaspi.kz/shop/p/apple-iphone-17-pro-256-gb-temno-sinii-podarok-171515133/?c=750000000
152025988,Apple iPhone 17 Pro Max 512Gb Dual eSim серебристый + подарок,Apple,946599,Lynx,04.10.2026 | 21:05:11,https://kaspi.kz/shop/p/apple-iphone-17-pro-max-512gb-dual-esim-serebristyi-podarok-152025988/?c=750000000
147534302,Apple iPhone Air 512Gb черный + подарок,Apple,719960,Мобитайм,04.10.2026 | 21:05:11,https://kaspi.kz/shop/p/apple-iphone-air-512gb-chernyi-podarok-147534302/?c=750000000
169699714,Смартфон Apple iPhone 17 Pro 12/256GB Deep Blue Чехол Apple для iPhone 17 Pro Clear Case with MagSafe MGFT4ZM/A,Apple,743980,Sulpаk,04.10.2026 | 21:05:11,https://kaspi.kz/shop/p/apple-iphone-17-pro-12-gb-256-gb-temno-sinii-podarok-169699714/?c=750000000
168157120,Apple iPhone 17 256Gb белый + подарок (Apple EarPods USB-C White + Apple Power Adapter 20w),Apple,569897,Sirius,04.10.2026 | 21:05:11,https://kaspi.kz/shop/p/apple-iphone-17-256gb-belyi-podarok-168157120/?c=750000000
152721187,Смартфон Apple iPhone 17 Pro 512Gb NanoSIM+eSIM серебристый + подарок,Apple,893843,MOBILS,04.10.2026 | 21:05:11,https://kaspi.kz/shop/p/apple-iphone-17-pro-512gb-nanosim-esim-serebristyi-podarok-152721187/?c=750000000
169618292,Apple iPhone 17 Pro 256 APPLE4_GIFT_A20W_17PCLE Silver,Apple,770999,NOVAMART,04.10.2026 | 21:05:11,https://kaspi.kz/shop/p/apple-iphone-17-pro-12-gb-256-gb-serebristyi-podarok-169618292/?c=750000000
168155798,Apple iPhone 16 128 APPLE2_GIFT_A20W_EAR Pink,Apple,510967,NOVAMART,04.10.2026 | 21:05:11,https://kaspi.kz/shop/p/apple-iphone-16-128gb-rozovyi-podarok-168155798/?c=750000000
154660692,Apple iPhone 17 256Gb белый + подарок (Яндекс Плюс 12 месяцев),Apple,559795,Sirius,04.10.2026 | 21:05:11,https://kaspi.kz/shop/p/apple-iphone-17-256gb-nanosim-esim-belyi-podarok-154660692/?c=750000000
157460510,Смартфон Apple iPhone 15 128Gb NanoSIM+eSIM черный + подарок,Apple,463997,SmartDuken,04.10.2026 | 21:05:21,https://kaspi.kz/shop/p/apple-iphone-15-128gb-nanosim-esim-chernyi-podarok-157460510/?c=750000000
167281226,Смартфон Apple iPhone 16 128Gb белый + подарок,Apple,542000,UMMAH STORE,04.10.2026 | 21:05:21,https://kaspi.kz/shop/p/apple-iphone-16-128gb-belyi-podarok-167281226/?c=750000000
169619070,Apple iPhone 17 Pro Max 12 ГБ/256 ГБ серебристый + подарок,Apple,822788,Mobile_Shop,04.10.2026 | 21:05:21,https://kaspi.kz/shop/p/apple-iphone-17-pro-max-12-gb-256-gb-serebristyi-podarok-169619070/?c=750000000
167729176,Смартфон Apple iPhone 17 256Gb черный + подарок,Apple,804492,AG shop,04.10.2026 | 21:05:21,https://kaspi.kz/shop/p/apple-iphone-17-256gb-chernyi-podarok-167729176/?c=750000000
168156587,Смартфон Apple iPhone 15 128Gb синий + подарок,Apple,462650,Amir.ON,04.10.2026 | 21:05:21,https://kaspi.kz/shop/p/apple-iphone-15-128gb-sinii-podarok-168156587/?c=750000000
167487218,Apple iPhone 17 Pro Max 256Gb темно-синий + подарок,Apple,974808,Lynx,04.10.2026 | 21:05:21,https://kaspi.kz/shop/p/apple-iphone-17-pro-max-256gb-temno-sinii-podarok-167487218/?c=750000000
168641628,Apple iPhone 17 Pro Max 512 APPLE2_GIFT_A20W_EAR CosmicOrange,Apple,969999,NOVAMART,04.10.2026 | 21:05:21,https://kaspi.kz/shop/p/apple-iphone-17-pro-max-512gb-oranzhevyi-podarok-168641628/?c=750000000
154660631,Apple iPhone 17 256Gb зеленый + подарок (Яндекс Плюс 12 месяцев),Apple,559897,Sirius,04.10.2026 | 21:05:21,https://kaspi.kz/shop/p/apple-iphone-17-256gb-nanosim-esim-zelenyi-podarok-154660631/?c=750000000
171515043,Apple iPhone 17 Pro Max 256 APPLE5_GIFT_A20W_YA36 CosmicOrange,Apple,845990,NOVAMART,04.10.2026 | 21:05:21,https://kaspi.kz/shop/p/apple-iphone-17-pro-max-256-gb-oranzhevyi-podarok-171515043/?c=750000000
168157386,Apple iPhone 17 256Gb зеленый + подарок (Apple EarPods USB-C White + Apple Power Adapter 20w),Apple,569897,Sirius,04.10.2026 | 21:05:21,https://kaspi.kz/shop/p/apple-iphone-17-256gb-zelenyi-podarok-168157386/?c=750000000
169617939,Apple iPhone 17 8 ГБ/256 ГБ черный + подарок,Apple,631104,Мобитайм,04.10.2026 | 21:05:21,https://kaspi.kz/shop/p/apple-iphone-17-8-gb-256-gb-chernyi-podarok-169617939/?c=750000000
106363220,Смартфон Apple iPhone 14 Plus 128Gb NanoSIM+eSIM голубой,Apple,500000,FONIQ,04.10.2026 | 21:05:21,https://kaspi.kz/shop/p/apple-iphone-14-plus-128gb-nanosim-esim-goluboi-106363220/?c=750000000
177319164,Смартфон Apple iPhone 18 Pro Max 512Gb NanoSIM+eSIM черный,Apple,1450000,SMART ELECTRONICS,04.10.2026 | 21:05:30,https://kaspi.kz/shop/p/apple-iphone-18-pro-max-512gb-nanosim-esim-chernyi-177319164/?c=750000000
168036532,Apple iPhone 17 Pro Max 256Gb серебристый + подарок,Apple,1137990,Lynx,04.10.2026 | 21:05:30,https://kaspi.kz/shop/p/apple-iphone-17-pro-max-256gb-serebristyi-podarok-168036532/?c=750000000
167231212,Смартфон Apple iPhone 17 8 ГБ/256 ГБ фиолетовый + подарок,Apple,704097,MOBILS,04.10.2026 | 21:05:30,https://kaspi.kz/shop/p/apple-iphone-17-8-gb-256-gb-fioletovyi-podarok-167231212/?c=750000000
177318461,Смартфон Apple iPhone 18 Pro 2Tb NanoSIM+eSIM голубой,Apple,1750000,MaxPhoneStore,04.10.2026 | 21:05:30,https://kaspi.kz/shop/p/apple-iphone-18-pro-2tb-nanosim-esim-goluboi-177318461/?c=750000000
106363233,Apple iPhone 14 Plus 256Gb NanoSIM+eSIM starlight,Apple,525000,Мобитайм,04.10.2026 | 21:05:30,https://kaspi.kz/shop/p/apple-iphone-14-plus-256gb-nanosim-esim-starlight-106363233/?c=750000000
147262278,Смартфон Apple iPhone 16 128Gb NanoSIM+eSIM белый + подарок,Apple,549000,UMMAH STORE,04.10.2026 | 21:05:30,https://kaspi.kz/shop/p/apple-iphone-16-128gb-nanosim-esim-belyi-podarok-147262278/?c=750000000
143710755,Смартфон Apple iPhone 16 Pro Max 256Gb NanoSIM+eSIM золотистый + подарок,Apple,754702,AG shop,04.10.2026 | 21:05:30,https://kaspi.kz/shop/p/apple-iphone-16-pro-max-256gb-nanosim-esim-zolotistyi-podarok-143710755/?c=750000000
106363281,Apple iPhone 14 Pro 128Gb NanoSIM+eSIM золотистый,Apple,645777,CN-MARKET,04.10.2026 | 21:05:30,https://kaspi.kz/shop/p/apple-iphone-14-pro-128gb-nanosim-esim-zolotistyi-106363281/?c=750000000
113589030,Apple iPhone 15 Pro 128Gb Dual Sim серый,Apple,690000,UMMAH STORE,04.10.2026 | 21:05:30,https://kaspi.kz/shop/p/apple-iphone-15-pro-128gb-dual-sim-seryi-113589030/?c=750000000
167733871,Смартфон Apple iPhone 16 128Gb черный + подарок,Apple,729991,MOBILS,04.10.2026 | 21:05:30,https://kaspi.kz/shop/p/apple-iphone-16-128gb-chernyi-podarok-167733871/?c=750000000
124338528,Apple iPhone 16 Pro Max 1Tb Dual eSim золотистый,Apple,1029978,Mobile_Shop,04.10.2026 | 21:05:30,https://kaspi.kz/shop/p/apple-iphone-16-pro-max-1tb-dual-esim-zolotistyi-124338528/?c=750000000
124338649,Apple iPhone 16 Plus 256Gb Dual eSim белый,Apple,629589,Mobile_Shop,04.10.2026 | 21:05:30,https://kaspi.kz/shop/p/apple-iphone-16-plus-256gb-dual-esim-belyi-124338649/?c=750000000
171514840,Apple iPhone 17 256 GB черный + подарок (Яндекс Плюс 36 месяцев + Адаптер Apple 20W),Apple,579900,Sirius,04.10.2026 | 21:05:39,https://kaspi.kz/shop/p/apple-iphone-17-256-gb-chernyi-podarok-171514840/?c=750000000
167729069,Смартфон Apple iPhone 17 256Gb фиолетовый + подарок,Apple,855298,SmartDuken,04.10.2026 | 21:05:39,https://kaspi.kz/shop/p/apple-iphone-17-256gb-fioletovyi-podarok-167729069/?c=750000000
152004458,Apple iPhone 17 256Gb Dual eSim голубой + подарок,Apple,619099,Lynx,04.10.2026 | 21:05:39,https://kaspi.kz/shop/p/apple-iphone-17-256gb-dual-esim-goluboi-podarok-152004458/?c=750000000
167487184,Смартфон Apple iPhone 17 Pro Max 256Gb серебристый + подарок,Apple,907745,BIG SHOP KZ,04.10.2026 | 21:05:39,https://kaspi.kz/shop/p/apple-iphone-17-pro-max-256gb-serebristyi-podarok-167487184/?c=750000000
167239399,Смартфон Apple iPhone 15 128Gb синий + подарок,Apple,468992,MOBILS,04.10.2026 | 21:05:39,https://kaspi.kz/shop/p/apple-iphone-15-128gb-sinii-podarok-167239399/?c=750000000
171514590,Смартфон Apple iPhone 17 256 GB черный + подарок,Apple,678000,UMMAH STORE,04.10.2026 | 21:05:39,https://kaspi.kz/shop/p/apple-iphone-17-256-gb-chernyi-podarok-171514590/?c=750000000
169699834,Смартфон Apple iPhone 17 Pro Max 12/256GB Silver Чехол Apple для iPhone 17 Pro Max Silicone Case with MagSafe – Black MGFR4ZM/A,Apple,789980,Sulpаk,04.10.2026 | 21:05:39,https://kaspi.kz/shop/p/apple-iphone-17-pro-max-12-gb-256-gb-serebristyi-podarok-169699834/?c=750000000
171515072,Apple iPhone 17 Pro 256 APPLE5_GIFT_A35WD_YA36 CosmicOrange,Apple,808999,NOVAMART,04.10.2026 | 21:05:39,https://kaspi.kz/shop/p/apple-iphone-17-pro-256-gb-oranzhevyi-podarok-171515072/?c=750000000
167455469,Смартфон Apple iPhone 17 Pro Max 512Gb темно-синий + подарок,Apple,959840,MOBILS,04.10.2026 | 21:05:39,https://kaspi.kz/shop/p/apple-iphone-17-pro-max-512gb-temno-sinii-podarok-167455469/?c=750000000
167237924,Apple iPhone Air 256Gb черный + подарок,Apple,708835,Lynx,04.10.2026 | 21:05:39,https://kaspi.kz/shop/p/apple-iphone-air-256gb-chernyi-podarok-167237924/?c=750000000
152720226,Apple iPhone 17 256Gb зеленый + подарок (Яндекс Плюс 24 месяцев),Apple,558995,Sirius,04.10.2026 | 21:05:39,https://kaspi.kz/shop/p/apple-iphone-17-256gb-nanosim-esim-zelenyi-podarok-152720226/?c=750000000
169618192,Apple iPhone 17 Pro 256 APPLE4_GIFT_A20W_17PCLE CosmicOrange,Apple,758459,NOVAMART,04.10.2026 | 21:05:39,https://kaspi.kz/shop/p/apple-iphone-17-pro-12-gb-256-gb-oranzhevyi-podarok-169618192/?c=750000000
168642032,Смартфон Apple iPhone 17 Pro Max 256Gb синий + подарок,Apple,826292,MOBILS,04.10.2026 | 21:05:49,https://kaspi.kz/shop/p/apple-iphone-17-pro-max-256gb-sinii-podarok-168642032/?c=750000000
152032470,Смартфон Apple iPhone 17 Pro Max Dual eSim 2Tb ГБ серебристый + подарок,Apple,1397777,CN-MARKET,04.10.2026 | 21:05:49,https://kaspi.kz/shop/p/apple-iphone-17-pro-max-dual-esim-2tb-gb-serebristyi-podarok-152032470/?c=750000000
171515179,Apple iPhone 17 Pro 256 APPLE5_GIFT_A20W_YA36 Silver,Apple,778990,NOVAMART,04.10.2026 | 21:05:49,https://kaspi.kz/shop/p/apple-iphone-17-pro-256-gb-serebristyi-podarok-171515179/?c=750000000
168861154,Apple iPhone 17 Pro 1Tb APPLE2_GIFT_A20W_EAR CosmicOrange,Apple,999999,NOVAMART,04.10.2026 | 21:05:49,https://kaspi.kz/shop/p/apple-iphone-17-pro-1tb-oranzhevyi-podarok-168861154/?c=750000000
167487250,Apple iPhone 17 Pro Max 256Gb оранжевый + подарок,Apple,898967,Lynx,04.10.2026 | 21:05:49,https://kaspi.kz/shop/p/apple-iphone-17-pro-max-256gb-oranzhevyi-podarok-167487250/?c=750000000
167231175,Смартфон Apple iPhone 17 8 ГБ/256 ГБ зеленый + подарок,Apple,720000,UMMAH STORE,04.10.2026 | 21:05:49,https://kaspi.kz/shop/p/apple-iphone-17-8-gb-256-gb-zelenyi-podarok-167231175/?c=750000000
168664027,Смартфон Apple iPhone 17 Pro 512Gb серебристый + подарок,Apple,960918,Aslan Tel,04.10.2026 | 21:05:49,https://kaspi.kz/shop/p/apple-iphone-17-pro-512gb-serebristyi-podarok-168664027/?c=750000000
169618818,Смартфон Apple iPhone 17 Pro Max 12/256GB Deep Blue Адаптер Apple 20W USB-C (MD3J4ZM/A) Чехол Apple для iPhone 17 Pro Max Clear Case with MagSafe MGFW4ZM/A,Apple,793460,Sulpаk,04.10.2026 | 21:05:49,https://kaspi.kz/shop/p/apple-iphone-17-pro-max-12-gb-256-gb-temno-sinii-podarok-169618818/?c=750000000
171515072,Apple iPhone 17 Pro 256 APPLE5_GIFT_A35WD_YA36 CosmicOrange,Apple,808999,NOVAMART,04.10.2026 | 21:05:49,https://kaspi.kz/shop/p/apple-iphone-17-pro-256-gb-oranzhevyi-podarok-171515072/?c=750000000
167487178,Смартфон Apple iPhone 17 Pro Max 256Gb оранжевый + подарок,Apple,994904,MOBILS,04.10.2026 | 21:05:49,https://kaspi.kz/shop/p/apple-iphone-17-pro-max-256gb-oranzhevyi-podarok-167487178/?c=750000000
169618925,Смартфон Apple iPhone 17 Pro Max 12/256GB Deep Blue Адаптер Apple 20W USB-C (MD3J4ZM/A) Чехол Apple для iPhone 17 Pro Max Silicone Case with MagSafe – Black MGFR4ZM/A,Apple,774460,Sulpаk,04.10.2026 | 21:05:49,https://kaspi.kz/shop/p/apple-iphone-17-pro-max-12-gb-256-gb-temno-sinii-podarok-169618925/?c=750000000
168158338,Apple iPhone Air 256Gb черный + подарок,Apple,620846,Мобитайм,04.10.2026 | 21:05:49,https://kaspi.kz/shop/p/apple-iphone-air-256gb-chernyi-podarok-168158338/?c=750000000
121693446,Apple iPhone 15 256Gb Dual eSim зеленый,Apple,529909,Mobile_Shop,04.10.2026 | 21:05:58,https://kaspi.kz/shop/p/apple-iphone-15-256gb-dual-esim-zelenyi-121693446/?c=750000000
169618723,Смартфон Apple iPhone 17 Pro Max 12 ГБ/256 ГБ оранжевый + подарок,Apple,774459,Best Tech,04.10.2026 | 21:05:58,https://kaspi.kz/shop/p/apple-iphone-17-pro-max-12-gb-256-gb-oranzhevyi-podarok-169618723/?c=750000000
167239225,Смартфон Apple iPhone 15 256Gb черный + подарок,Apple,629905,SmartDuken,04.10.2026 | 21:05:58,https://kaspi.kz/shop/p/apple-iphone-15-256gb-chernyi-podarok-167239225/?c=750000000
168156024,Смартфон Apple iPhone 15 128Gb синий + подарок,Apple,480000,UMMAH STORE 2,04.10.2026 | 21:05:58,https://kaspi.kz/shop/p/apple-iphone-15-128gb-sinii-podarok-168156024/?c=750000000
177318868,Смартфон Apple iPhone 18 Pro Max 1Tb NanoSIM+eSIM голубой,Apple,1650000,SMART ELECTRONICS,04.10.2026 | 21:05:58,https://kaspi.kz/shop/p/apple-iphone-18-pro-max-1tb-nanosim-esim-goluboi-177318868/?c=750000000
123890836,Apple iPhone 16 Pro Max 1Tb NanoSIM+eSIM серебристый,Apple,804990,PROFIT-ACTIVE,04.10.2026 | 21:05:58,https://kaspi.kz/shop/p/apple-iphone-16-pro-max-1tb-nanosim-esim-serebristyi-123890836/?c=750000000
122085259,Apple iPhone 14 Pro 1Tb Dual eSim фиолетовый,Apple,575688,Khan Grоup,04.10.2026 | 21:05:58,https://kaspi.kz/shop/p/apple-iphone-14-pro-1tb-dual-esim-fioletovyi-122085259/?c=750000000
167238228,Apple iPhone Air 256Gb черный + подарок,Apple,647063,Lynx,04.10.2026 | 21:05:58,https://kaspi.kz/shop/p/apple-iphone-air-256gb-chernyi-podarok-167238228/?c=750000000
113138065,Apple iPhone 15 Plus 256Gb NanoSIM+eSIM зеленый,Apple,510038,PROFIT-ACTIVE,04.10.2026 | 21:05:58,https://kaspi.kz/shop/p/apple-iphone-15-plus-256gb-nanosim-esim-zelenyi-113138065/?c=750000000
114725347,Смартфон Apple iPhone 15 Pro 1Tb Dual Sim белый,Apple,699998,iStore KZ,04.10.2026 | 21:05:58,https://kaspi.kz/shop/p/apple-iphone-15-pro-1tb-dual-sim-belyi-114725347/?c=750000000
169699223,Смартфон Apple iPhone 17 8 ГБ/256 ГБ черный + подарок,Apple,600001,AG shop,04.10.2026 | 21:05:58,https://kaspi.kz/shop/p/apple-iphone-17-8-gb-256-gb-chernyi-podarok-169699223/?c=750000000
122033663,Смартфон Apple iPhone 14 256Gb Dual eSim черный,Apple,550000,MOBILS,04.10.2026 | 21:05:58,https://kaspi.kz/shop/p/apple-iphone-14-256gb-dual-esim-chernyi-122033663/?c=750000000
167389789,Apple iPhone 17 Pro 512 APPLE1_GIFT_A20W_PODS_YA12 Silver,Apple,987990,NOVAMART,04.10.2026 | 21:06:07,https://kaspi.kz/shop/p/apple-iphone-17-pro-512gb-serebristyi-podarok-167389789/?c=750000000
157280983,Apple iPhone 17 Pro Max 256Gb Dual eSim серебристый + подарок,Apple,778990,Lynx,04.10.2026 | 21:06:07,https://kaspi.kz/shop/p/apple-iphone-17-pro-max-256gb-dual-esim-serebristyi-podarok-157280983/?c=750000000
168641508,Apple iPhone 17 Pro Max 512 APPLE2_GIFT_A20W_PODS CosmicOrange,Apple,1044044,NOVAMART,04.10.2026 | 21:06:07,https://kaspi.kz/shop/p/apple-iphone-17-pro-max-512gb-oranzhevyi-podarok-168641508/?c=750000000
152006043,Apple iPhone 17 256Gb Dual eSim фиолетовый + подарок,Apple,639970,Lynx,04.10.2026 | 21:06:07,https://kaspi.kz/shop/p/apple-iphone-17-256gb-dual-esim-fioletovyi-podarok-152006043/?c=750000000
142747612,Смартфон Apple iPhone 16 Pro Max 512Gb Dual Sim белый,Apple,819988,OZEN,04.10.2026 | 21:06:07,https://kaspi.kz/shop/p/apple-iphone-16-pro-max-512gb-dual-sim-belyi-142747612/?c=750000000
171515011,Apple iPhone 17 Pro Max 256 APPLE5_GIFT_A20W_YA36 Silver,Apple,836999,NOVAMART,04.10.2026 | 21:06:07,https://kaspi.kz/shop/p/apple-iphone-17-pro-max-256-gb-serebristyi-podarok-171515011/?c=750000000
168641845,Смартфон Apple iPhone 17 Pro Max 256Gb серебристый + подарок,Apple,985877,BIG SHOP KZ,04.10.2026 | 21:06:07,https://kaspi.kz/shop/p/apple-iphone-17-pro-max-256gb-serebristyi-podarok-168641845/?c=750000000
171514827,Смартфон Apple iPhone 17 256 GB фиолетовый + подарок,Apple,688499,SmartDuken,04.10.2026 | 21:06:07,https://kaspi.kz/shop/p/apple-iphone-17-256-gb-fioletovyi-podarok-171514827/?c=750000000
168035827,Смартфон Apple iPhone 17 Pro 1Tb оранжевый + подарок,Apple,1232386,MOBILS,04.10.2026 | 21:06:07,https://kaspi.kz/shop/p/apple-iphone-17-pro-1tb-oranzhevyi-podarok-168035827/?c=750000000
168036060,Смартфон Apple iPhone 17 Pro Max 512Gb серебристый + подарок,Apple,1381000,UMMAH STORE,04.10.2026 | 21:06:07,https://kaspi.kz/shop/p/apple-iphone-17-pro-max-512gb-serebristyi-podarok-168036060/?c=750000000
168158137,Смартфон Apple iPhone Air 256Gb черный + подарок,Apple,670000,UMMAH STORE,04.10.2026 | 21:06:07,https://kaspi.kz/shop/p/apple-iphone-air-256gb-chernyi-podarok-168158137/?c=750000000
168642200,Смартфон Apple iPhone 17 Pro Max 1Tb синий + подарок,Apple,1274088,AG shop,04.10.2026 | 21:06:07,https://kaspi.kz/shop/p/apple-iphone-17-pro-max-1tb-sinii-podarok-168642200/?c=750000000
168035047,Apple iPhone 17 Pro 512 APPLE2_GIFT_A20W_PODS_SE3S Silver,Apple,1100001,NOVAMART,04.10.2026 | 21:06:16,https://kaspi.kz/shop/p/apple-iphone-17-pro-512gb-serebristyi-podarok-168035047/?c=750000000
167732841,Смартфон Apple iPhone 17 256Gb черный + подарок,Apple,797199,AG shop,04.10.2026 | 21:06:16,https://kaspi.kz/shop/p/apple-iphone-17-256gb-chernyi-podarok-167732841/?c=750000000
169619158,Apple iPhone 17 Pro Max 12 ГБ/256 ГБ серебристый + подарок,Apple,804458,Mobile_Shop,04.10.2026 | 21:06:16,https://kaspi.kz/shop/p/apple-iphone-17-pro-max-12-gb-256-gb-serebristyi-podarok-169619158/?c=750000000
168156970,Смартфон Apple iPhone 17 256Gb белый + подарок,Apple,658391,MOBILS,04.10.2026 | 21:06:16,https://kaspi.kz/shop/p/apple-iphone-17-256gb-belyi-podarok-168156970/?c=750000000
168861089,Apple iPhone 17 Pro 1Tb серебристый + подарок,Apple,1012000,UMMAH STORE,04.10.2026 | 21:06:16,https://kaspi.kz/shop/p/apple-iphone-17-pro-1tb-serebristyi-podarok-168861089/?c=750000000
157281221,Смартфон Apple iPhone 17 Pro Max 256Gb Dual eSim оранжевый + подарок,Apple,810000,UMMAH STORE,04.10.2026 | 21:06:16,https://kaspi.kz/shop/p/apple-iphone-17-pro-max-256gb-dual-esim-oranzhevyi-podarok-157281221/?c=750000000
169699339,Apple iPhone 17 Pro 256 APPLE4_GIFT_17PBLA Silver,Apple,749990,NOVAMART,04.10.2026 | 21:06:16,https://kaspi.kz/shop/p/apple-iphone-17-pro-12-gb-256-gb-serebristyi-podarok-169699339/?c=750000000
152029851,Apple iPhone 17 Pro Max 1024Gb Dual eSim оранжевый + подарок (Яндекс Плюс 24 месяцев),Apple,939897,Sirius,04.10.2026 | 21:06:16,https://kaspi.kz/shop/p/apple-iphone-17-pro-max-1024gb-dual-esim-oranzhevyi-podarok-152029851/?c=750000000
172886451,Apple iPhone 17e 512Gb dual eSIM черный,Apple,587999,ZAKSTOR,04.10.2026 | 21:06:16,https://kaspi.kz/shop/p/apple-iphone-17e-512gb-dual-esim-chernyi-172886451/?c=750000000
168642215,Смартфон Apple iPhone 17 Pro Max 1Tb оранжевый + подарок,Apple,1189710,MOBILS,04.10.2026 | 21:06:16,https://kaspi.kz/shop/p/apple-iphone-17-pro-max-1tb-oranzhevyi-podarok-168642215/?c=750000000
167731863,Смартфон Apple iPhone 17 256Gb голубой + подарок,Apple,769991,MOBILS,04.10.2026 | 21:06:16,https://kaspi.kz/shop/p/apple-iphone-17-256gb-goluboi-podarok-167731863/?c=750000000
169618219,Apple iPhone 17 Pro 256 APPLE4_GIFT_A20W_17PBLA CosmicOrange,Apple,753459,NOVAMART,04.10.2026 | 21:06:16,https://kaspi.kz/shop/p/apple-iphone-17-pro-12-gb-256-gb-oranzhevyi-podarok-169618219/?c=750000000
167390625,Apple iPhone 17 Pro 256 APPLE1_GIFT_A20W_PODS_YA12 CosmicOrange,Apple,838999,NOVAMART,04.10.2026 | 21:06:25,https://kaspi.kz/shop/p/apple-iphone-17-pro-256gb-oranzhevyi-podarok-167390625/?c=750000000
168642164,Смартфон Apple iPhone 17 Pro Max 1Tb оранжевый + подарок,Apple,1378301,AG shop,04.10.2026 | 21:06:25,https://kaspi.kz/shop/p/apple-iphone-17-pro-max-1tb-oranzhevyi-podarok-168642164/?c=750000000
152007093,Смартфон Apple iPhone 17 Pro 1024Gb Dual eSim серебристый + подарок,Apple,986991,MOBILS,04.10.2026 | 21:06:25,https://kaspi.kz/shop/p/apple-iphone-17-pro-1024gb-dual-esim-serebristyi-podarok-152007093/?c=750000000
169619158,Apple iPhone 17 Pro Max 12 ГБ/256 ГБ серебристый + подарок,Apple,804458,Mobile_Shop,04.10.2026 | 21:06:25,https://kaspi.kz/shop/p/apple-iphone-17-pro-max-12-gb-256-gb-serebristyi-podarok-169619158/?c=750000000
157279888,Apple iPhone 17 Pro Max 512Gb Dual eSim оранжевый + подарок,Apple,909290,Lynx,04.10.2026 | 21:06:25,https://kaspi.kz/shop/p/apple-iphone-17-pro-max-512gb-dual-esim-oranzhevyi-podarok-157279888/?c=750000000
168861077,Apple iPhone 17 Pro 1Tb синий + подарок,Apple,1197767,Мобитайм,04.10.2026 | 21:06:25,https://kaspi.kz/shop/p/apple-iphone-17-pro-1tb-sinii-podarok-168861077/?c=750000000
167390031,Смартфон Apple iPhone 17 Pro 512Gb оранжевый + подарок,Apple,1053084,MOBILS,04.10.2026 | 21:06:25,https://kaspi.kz/shop/p/apple-iphone-17-pro-512gb-oranzhevyi-podarok-167390031/?c=750000000
171514806,Apple iPhone 17 256 GB голубой + подарок (Яндекс Плюс 36 месяцев + Адаптер Apple 20W),Apple,579900,Sirius,04.10.2026 | 21:06:25,https://kaspi.kz/shop/p/apple-iphone-17-256-gb-goluboi-podarok-171514806/?c=750000000
168035991,Смартфон Apple iPhone 17 Pro Max 512Gb серебристый + подарок,Apple,1196692,MOBILS,04.10.2026 | 21:06:25,https://kaspi.kz/shop/p/apple-iphone-17-pro-max-512gb-serebristyi-podarok-168035991/?c=750000000
168641863,Apple iPhone 17 Pro Max 256Gb синий + подарок,Apple,968958,Lynx,04.10.2026 | 21:06:25,https://kaspi.kz/shop/p/apple-iphone-17-pro-max-256gb-sinii-podarok-168641863/?c=750000000
169618073,Apple iPhone 17 Pro 256 APPLE4_GIFT_A20W_17PCLE DeepBlue,Apple,758459,NOVAMART,04.10.2026 | 21:06:25,https://kaspi.kz/shop/p/apple-iphone-17-pro-12-gb-256-gb-temno-sinii-podarok-169618073/?c=750000000
167487567,Смартфон Apple iPhone 17 Pro Max 1Tb темно-синий + подарок,Apple,1354536,MOBILS,04.10.2026 | 21:06:25,https://kaspi.kz/shop/p/apple-iphone-17-pro-max-1tb-temno-sinii-podarok-167487567/?c=750000000
133139054,Apple iPhone 16 128Gb Dual Sim зеленый,Apple,497000,SMART TRADE,04.10.2026 | 21:06:34,https://kaspi.kz/shop/p/apple-iphone-16-128gb-dual-sim-zelenyi-133139054/?c=750000000
167239372,Смартфон Apple iPhone 15 128Gb черный + подарок,Apple,570000,UMMAH STORE,04.10.2026 | 21:06:34,https://kaspi.kz/shop/p/apple-iphone-15-128gb-chernyi-podarok-167239372/?c=750000000
147253255,Смартфон Apple iPhone 16 Pro Max 256Gb NanoSIM+eSIM золотистый + подарок,Apple,799990,Zest Store,04.10.2026 | 21:06:34,https://kaspi.kz/shop/p/apple-iphone-16-pro-max-256gb-nanosim-esim-zolotistyi-podarok-147253255/?c=750000000
134233961,Смартфон Apple iPhone 16 128Gb NanoSIM+eSIM белый + подарок,Apple,570000,UMMAH STORE,04.10.2026 | 21:06:34,https://kaspi.kz/shop/p/apple-iphone-16-128gb-nanosim-esim-belyi-podarok-134233961/?c=750000000
167239168,Смартфон Apple iPhone 15 256Gb синий + подарок,Apple,615099,SmartDuken,04.10.2026 | 21:06:34,https://kaspi.kz/shop/p/apple-iphone-15-256gb-sinii-podarok-167239168/?c=750000000
171584389,Смартфон Apple iPhone 15 6 ГБ/128 ГБ черный + подарок,Apple,491453,MOBILS,04.10.2026 | 21:06:34,https://kaspi.kz/shop/p/apple-iphone-15-6-gb-128-gb-chernyi-podarok-171584389/?c=750000000
167239316,Смартфон Apple iPhone 15 128Gb синий + подарок,Apple,532905,SmartDuken,04.10.2026 | 21:06:34,https://kaspi.kz/shop/p/apple-iphone-15-128gb-sinii-podarok-167239316/?c=750000000
121703242,Apple iPhone 15 Pro Max 512Gb Dual eSim серый,Apple,899990,Mobile_Shop,04.10.2026 | 21:06:34,https://kaspi.kz/shop/p/apple-iphone-15-pro-max-512gb-dual-esim-seryi-121703242/?c=750000000
171579223,Apple iPhone 15 256 APPLE5_GIFT_A20W_YA36 Black,Apple,560990,NOVAMART,04.10.2026 | 21:06:34,https://kaspi.kz/shop/p/apple-iphone-15-6-gb-256-gb-chernyi-podarok-171579223/?c=750000000
152721123,Apple iPhone 17 Pro Max 2Tb NanoSIM+eSIM темно-синий + подарок,Apple,1315676,PhoneKZ,04.10.2026 | 21:06:34,https://kaspi.kz/shop/p/apple-iphone-17-pro-max-2tb-nanosim-esim-temno-sinii-podarok-152721123/?c=750000000
168156626,Смартфон Apple iPhone 15 256Gb синий + подарок,Apple,598980,MOBILS,04.10.2026 | 21:06:34,https://kaspi.kz/shop/p/apple-iphone-15-256gb-sinii-podarok-168156626/?c=750000000
157460782,Apple iPhone 15 128Gb голубой + подарок (Яндекс Плюс 12 месяцев),Apple,407900,Sirius,04.10.2026 | 21:06:34,https://kaspi.kz/shop/p/apple-iphone-15-128gb-nanosim-esim-goluboi-podarok-157460782/?c=750000000
167231302,Apple iPhone 17 256Gb зеленый+подарок(Apple EarPods USB-C+Apple Power Adapter 20W+Яндекс 12 месяцев),Apple,584897,Sirius,04.10.2026 | 21:06:43,https://kaspi.kz/shop/p/apple-iphone-17-8-gb-256-gb-zelenyi-podarok-167231302/?c=750000000
177318904,Смартфон Apple iPhone 18 Pro Max 2Tb NanoSIM+eSIM голубой,Apple,2000000,SMART ELECTRONICS,04.10.2026 | 21:06:43,https://kaspi.kz/shop/p/apple-iphone-18-pro-max-2tb-nanosim-esim-goluboi-177318904/?c=750000000
152032619,Apple iPhone 17 Pro Max Dual eSim 2Tb синий + подарок (Яндекс Плюс 24 месяцев),Apple,1129900,Sirius,04.10.2026 | 21:06:43,https://kaspi.kz/shop/p/apple-iphone-17-pro-max-dual-esim-2tb-sinii-podarok-152032619/?c=750000000
167238273,Apple iPhone Air 256 APPLE1_GIFT_A20W_EAR_YA12 LightGold,Apple,648990,NOVAMART,04.10.2026 | 21:06:43,https://kaspi.kz/shop/p/apple-iphone-air-256gb-zolotistyi-podarok-167238273/?c=750000000
171514990,Apple iPhone 17 Pro Max 256 APPLE5_GIFT_A35WD_YA36 CosmicOrange,Apple,875990,NOVAMART,04.10.2026 | 21:06:43,https://kaspi.kz/shop/p/apple-iphone-17-pro-max-256-gb-oranzhevyi-podarok-171514990/?c=750000000
168035583,Смартфон Apple iPhone 17 Pro 256Gb оранжевый + подарок,Apple,994794,MOBILS,04.10.2026 | 21:06:43,https://kaspi.kz/shop/p/apple-iphone-17-pro-256gb-oranzhevyi-podarok-168035583/?c=750000000
178956212,Apple iPhone 17 Pro Max 2Tb APPLE6_GIFT_A40W_EAR_YA24 DeepBlue,Apple,1352990,NOVAMART,04.10.2026 | 21:06:43,https://kaspi.kz/shop/p/apple-iphone-17-pro-max-2tb-temno-sinii-podarok-178956212/?c=750000000
168035211,Apple iPhone 17 Pro 256 APPLE2_GIFT_A20W_PODS_SE3S Silver,Apple,991930,NOVAMART,04.10.2026 | 21:06:43,https://kaspi.kz/shop/p/apple-iphone-17-pro-256gb-serebristyi-podarok-168035211/?c=750000000
152004327,Apple iPhone 17 256Gb Dual eSim белый + подарок,Apple,689989,Lynx,04.10.2026 | 21:06:43,https://kaspi.kz/shop/p/apple-iphone-17-256gb-dual-esim-belyi-podarok-152004327/?c=750000000
167487650,Смартфон Apple iPhone 17 Pro Max 1Tb серебристый + подарок,Apple,1290000,UMMAH STORE,04.10.2026 | 21:06:43,https://kaspi.kz/shop/p/apple-iphone-17-pro-max-1tb-serebristyi-podarok-167487650/?c=750000000
167643404,Apple iPhone Air 512Gb золотистый + подарок,Apple,1033605,Мобитайм,04.10.2026 | 21:06:43,https://kaspi.kz/shop/p/apple-iphone-air-512gb-zolotistyi-podarok-167643404/?c=750000000
168156634,Смартфон Apple iPhone 15 256Gb черный + подарок,Apple,611787,MOBILS,04.10.2026 | 21:06:43,https://kaspi.kz/shop/p/apple-iphone-15-256gb-chernyi-podarok-168156634/?c=750000000
168035682,Смартфон Apple iPhone 17 Pro 1Tb серебристый + подарок,Apple,1346518,MOBILS,04.10.2026 | 21:06:52,https://kaspi.kz/shop/p/apple-iphone-17-pro-1tb-serebristyi-podarok-168035682/?c=750000000
154661269,Смартфон Apple iPhone 17 Dual eSim 256Gb белый + подарок,Apple,620000,UMMAH STORE,04.10.2026 | 21:06:52,https://kaspi.kz/shop/p/apple-iphone-17-dual-esim-256gb-belyi-podarok-154661269/?c=750000000
168158155,Apple iPhone Air 256 APPLE2_GIFT_A20W_PODS LightGold,Apple,709990,NOVAMART,04.10.2026 | 21:06:52,https://kaspi.kz/shop/p/apple-iphone-air-256gb-zolotistyi-podarok-168158155/?c=750000000
171675177,Смартфон Apple iPhone Air 12 ГБ/512 ГБ голубой + подарок,Apple,889000,UMMAH STORE,04.10.2026 | 21:06:52,https://kaspi.kz/shop/p/apple-iphone-air-12-gb-512-gb-goluboi-podarok-171675177/?c=750000000
152720484,Смартфон Apple iPhone 17 512Gb NanoSIM+eSIM фиолетовый + подарок,Apple,769000,UMMAH STORE 2,04.10.2026 | 21:06:52,https://kaspi.kz/shop/p/apple-iphone-17-512gb-nanosim-esim-fioletovyi-podarok-152720484/?c=750000000
171675014,Смартфон Apple iPhone Air 12 ГБ/512 ГБ черный + подарок,Apple,898000,UMMAH STORE,04.10.2026 | 21:06:53,https://kaspi.kz/shop/p/apple-iphone-air-12-gb-512-gb-chernyi-podarok-171675014/?c=750000000
178944694,Apple iPhone 17 Pro 256 APPLE6_GIFT_A40W CosmicOrange,Apple,769990,NOVAMART,04.10.2026 | 21:06:53,https://kaspi.kz/shop/p/apple-iphone-17-pro-256gb-oranzhevyi-podarok-178944694/?c=750000000
170829779,Apple iPhone 17 256Gb голубой + подарок,Apple,639990,Мобитайм,04.10.2026 | 21:06:53,https://kaspi.kz/shop/p/apple-iphone-17-256gb-goluboi-podarok-170829779/?c=750000000
167452143,Apple iPhone 17 Pro Max 512 APPLE1_GIFT_A20W_PPRO_YA12 CosmicOrange,Apple,1144990,NOVAMART,04.10.2026 | 21:06:53,https://kaspi.kz/shop/p/apple-iphone-17-pro-max-512gb-oranzhevyi-podarok-167452143/?c=750000000
167729048,Смартфон Apple iPhone 17 256Gb голубой + подарок,Apple,814542,SmartDuken,04.10.2026 | 21:06:53,https://kaspi.kz/shop/p/apple-iphone-17-256gb-goluboi-podarok-167729048/?c=750000000
167237602,Смартфон Apple iPhone Air 512Gb черный + подарок,Apple,801919,SmartDuken,04.10.2026 | 21:06:53,https://kaspi.kz/shop/p/apple-iphone-air-512gb-chernyi-podarok-167237602/?c=750000000
179005571,Apple iPhone 17 256Gb черный +подарок(Apple EarPods USB-C+Apple Adapter 20W+Яндекс 36 месяцев),Apple,589900,Sirius,04.10.2026 | 21:06:53,https://kaspi.kz/shop/p/apple-iphone-17-256gb-chernyi-podarok-179005571/?c=750000000
168159152,Apple iPhone Air 1Tb золотистый + подарок,Apple,859880,Мобитайм,04.10.2026 | 21:07:02,https://kaspi.kz/shop/p/apple-iphone-air-1tb-zolotistyi-podarok-168159152/?c=750000000
167238111,Смартфон Apple iPhone Air 256Gb золотистый + подарок,Apple,702815,SmartDuken,04.10.2026 | 21:07:02,https://kaspi.kz/shop/p/apple-iphone-air-256gb-zolotistyi-podarok-167238111/?c=750000000
167389476,Apple iPhone 17 Pro 512 APPLE1_GIFT_A20W_PPRO_YA12 Silver,Apple,1078990,NOVAMART,04.10.2026 | 21:07:02,https://kaspi.kz/shop/p/apple-iphone-17-pro-512gb-serebristyi-podarok-167389476/?c=750000000
169699648,Apple iPhone 17 Pro 256 APPLE4_GIFT_17PBLA DeepBlue,Apple,738979,NOVAMART,04.10.2026 | 21:07:02,https://kaspi.kz/shop/p/apple-iphone-17-pro-12-gb-256-gb-temno-sinii-podarok-169699648/?c=750000000
167237325,iPhone Air 512Gb голубой + подарок,Apple,867880,Lynx,04.10.2026 | 21:07:02,https://kaspi.kz/shop/p/apple-iphone-air-512gb-goluboi-podarok-167237325/?c=750000000
167391287,Apple iPhone 17 Pro 1Tb оранжевый + подарок,Apple,1020375,Lynx,04.10.2026 | 21:07:02,https://kaspi.kz/shop/p/apple-iphone-17-pro-1tb-oranzhevyi-podarok-167391287/?c=750000000
167487510,Смартфон Apple iPhone 17 Pro Max 1Tb темно-синий + подарок,Apple,1446059,MOBILS,04.10.2026 | 21:07:02,https://kaspi.kz/shop/p/apple-iphone-17-pro-max-1tb-temno-sinii-podarok-167487510/?c=750000000
167643888,Смартфон Apple iPhone Air 256Gb черный + подарок,Apple,836426,AG shop,04.10.2026 | 21:07:02,https://kaspi.kz/shop/p/apple-iphone-air-256gb-chernyi-podarok-167643888/?c=750000000
167239748,Смартфон Apple iPhone 17 512Gb фиолетовый + подарок,Apple,769000,UMMAH STORE,04.10.2026 | 21:07:02,https://kaspi.kz/shop/p/apple-iphone-17-512gb-fioletovyi-podarok-167239748/?c=750000000
167390105,Apple iPhone 17 Pro 256Gb темно-синий + подарок,Apple,939485,Lynx,04.10.2026 | 21:07:02,https://kaspi.kz/shop/p/apple-iphone-17-pro-256gb-temno-sinii-podarok-167390105/?c=750000000
157286570,Apple iPhone 17 Pro 1024Gb Dual eSim оранжевый + подарок,Apple,1011482,Lynx,04.10.2026 | 21:07:02,https://kaspi.kz/shop/p/apple-iphone-17-pro-1024gb-dual-esim-oranzhevyi-podarok-157286570/?c=750000000
167643328,Смартфон Apple iPhone Air 256Gb голубой + подарок,Apple,882000,UMMAH STORE,04.10.2026 | 21:07:02,https://kaspi.kz/shop/p/apple-iphone-air-256gb-goluboi-podarok-167643328/?c=750000000
157287096,Смартфон Apple iPhone 17 Pro Max 512Gb Dual eSim серебристый + подарок,Apple,1121884,SmartDuken,04.10.2026 | 21:07:16,https://kaspi.kz/shop/p/apple-iphone-17-pro-max-podpiska-jandeks-pljus-na-12-mesjatsev-12-gb-512-gb-serebristyi-157287096/?c=750000000
152032385,Apple iPhone 17 Pro Max Dual eSim 2 Tb оранжевый + подарок (Яндекс Плюс 24 месяцев),Apple,1139900,Sirius,04.10.2026 | 21:07:16,https://kaspi.kz/shop/p/apple-iphone-17-pro-max-dual-esim-2-tb-oranzhevyi-podarok-152032385/?c=750000000
154661201,Смартфон Apple iPhone 17 Dual eSim 256Gb зеленый + подарок,Apple,680000,UMMAH STORE,04.10.2026 | 21:07:16,https://kaspi.kz/shop/p/apple-iphone-17-dual-esim-256gb-zelenyi-podarok-154661201/?c=750000000
168035121,Apple iPhone 17 Pro 512Gb темно-синий + подарок,Apple,1386162,Lynx,04.10.2026 | 21:07:16,https://kaspi.kz/shop/p/apple-iphone-17-pro-512gb-temno-sinii-podarok-168035121/?c=750000000
167451875,,Apple,1144411,MOBILS,04.10.2026 | 21:07:16,https://kaspi.kz/shop/p/apple-iphone-17-pro-max-512gb-temno-sinii-podarok-167451875/?c=750000000
167728920,Смартфон Apple iPhone 17 512Gb фиолетовый + подарок,Apple,879000,UMMAH STORE,04.10.2026 | 21:07:16,https://kaspi.kz/shop/p/apple-iphone-17-512gb-fioletovyi-podarok-167728920/?c=750000000
171677334,Apple iPhone Air 256 APPLE5_GIFT_A20W_YA36 LightGold,Apple,647979,NOVAMART,04.10.2026 | 21:07:16,https://kaspi.kz/shop/p/apple-iphone-air-12-gb-256-gb-zolotistyi-podarok-171677334/?c=750000000
152721113,Apple iPhone 17 Pro Max 2Tb APPLE_GIFT_YA24 Silver,Apple,1378415,NOVAMART,04.10.2026 | 21:07:16,https://kaspi.kz/shop/p/apple-iphone-17-pro-max-2tb-nanosim-esim-serebristyi-podarok-152721113/?c=750000000
168158059,Apple iPhone Air 512Gb золотистый + подарок,Apple,958880,Мобитайм,04.10.2026 | 21:07:16,https://kaspi.kz/shop/p/apple-iphone-air-512gb-zolotistyi-podarok-168158059/?c=750000000
179005714,Apple iPhone 17 256Gb зеленый +подарок(Apple EarPods USB-C+Apple Adapter 20W+Яндекс 36 месяцев),Apple,589900,Sirius,04.10.2026 | 21:07:16,https://kaspi.kz/shop/p/apple-iphone-17-256gb-zelenyi-podarok-179005714/?c=750000000
152720434,Смартфон Apple iPhone 17 512Gb NanoSIM+eSIM зеленый + подарок,Apple,739900,UMMAH STORE 2,04.10.2026 | 21:07:16,https://kaspi.kz/shop/p/apple-iphone-17-512gb-nanosim-esim-zelenyi-podarok-152720434/?c=750000000
152032223,Смартфон Apple iPhone Air 512Gb голубой + подарок,Apple,798989,SmartDuken,04.10.2026 | 21:07:16,https://kaspi.kz/shop/p/apple-iphone-air-512gb-goluboi-podarok-152032223/?c=750000000
167457895,Apple iPhone 17 Pro Max 2Tb APPLE1_GIFT_A20W_PODS_YA12 CosmicOrange,Apple,1469990,NOVAMART,04.10.2026 | 21:07:25,https://kaspi.kz/shop/p/apple-iphone-17-pro-max-2tb-oranzhevyi-podarok-167457895/?c=750000000
157286958,Apple iPhone 17 Pro 256Gb Dual eSim синий + подарок,Apple,818990,Lynx,04.10.2026 | 21:07:25,https://kaspi.kz/shop/p/apple-iphone-17-pro-256gb-dual-esim-sinii-podarok-157286958/?c=750000000
167237361,iPhone Air 512Gb белый + подарок,Apple,899990,Lynx,04.10.2026 | 21:07:25,https://kaspi.kz/shop/p/apple-iphone-air-512gb-belyi-podarok-167237361/?c=750000000
170828794,,Apple,656954,SmartDuken,04.10.2026 | 21:07:25,https://kaspi.kz/shop/p/apple-iphone-17-256gb-belyi-podarok-170828794/?c=750000000
168035891,Смартфон Apple iPhone 17 Pro 1Tb темно-синий + подарок,Apple,1499777,CN-MARKET,04.10.2026 | 21:07:25,https://kaspi.kz/shop/p/apple-iphone-17-pro-1tb-temno-sinii-podarok-168035891/?c=750000000
167389555,Apple iPhone 17 Pro 512Gb оранжевый + подарок,Apple,1018990,Lynx,04.10.2026 | 21:07:25,https://kaspi.kz/shop/p/apple-iphone-17-pro-512gb-oranzhevyi-podarok-167389555/?c=750000000
178957475,Apple iPhone 17 256Gb голубой + подарок (Яндекс Плюс 36 месяцев),Apple,564900,Sirius,04.10.2026 | 21:07:25,https://kaspi.kz/shop/p/apple-iphone-17-256gb-goluboi-podarok-178957475/?c=750000000
178943801,Apple iPhone 17 Pro Max 2Tb APPLE6_GIFT_A40W Silver,Apple,1389990,NOVAMART,04.10.2026 | 21:07:25,https://kaspi.kz/shop/p/apple-iphone-17-pro-max-2tb-serebristyi-podarok-178943801/?c=750000000
147534050,Apple iPhone Air 256 APPLE_GIFT_YA12 LightGold,Apple,623990,NOVAMART,04.10.2026 | 21:07:25,https://kaspi.kz/shop/p/apple-iphone-air-256gb-zolotistyi-podarok-147534050/?c=750000000
171514777,Apple iPhone 17 256 GB зеленый + подарок (Яндекс Плюс 36 месяцев + Адаптер Apple 20W),Apple,579900,Sirius,04.10.2026 | 21:07:25,https://kaspi.kz/shop/p/apple-iphone-17-256-gb-zelenyi-podarok-171514777/?c=750000000
154661186,Смартфон Apple iPhone 17 Dual eSim 256Gb фиолетовый + подарок,Apple,679999,AG shop,04.10.2026 | 21:07:25,https://kaspi.kz/shop/p/apple-iphone-17-dual-esim-256gb-fioletovyi-podarok-154661186/?c=750000000
167230973,Смартфон Apple iPhone 17 8 ГБ/512 ГБ белый + подарок,Apple,829698,AG shop,04.10.2026 | 21:07:25,https://kaspi.kz/shop/p/apple-iphone-17-8-gb-512-gb-belyi-podarok-167230973/?c=750000000
171514443,Смартфон Apple iPhone 17 256 GB зеленый + подарок,Apple,679000,UMMAH STORE,04.10.2026 | 21:07:35,https://kaspi.kz/shop/p/apple-iphone-17-256-gb-zelenyi-podarok-171514443/?c=750000000
178949085,Apple iPhone 17 Pro 256 APPLE6_GIFT_A40W_EAR DeepBlue,Apple,781990,NOVAMART,04.10.2026 | 21:07:35,https://kaspi.kz/shop/p/apple-iphone-17-pro-256gb-temno-sinii-podarok-178949085/?c=750000000
171677484,Смартфон Apple iPhone Air 12 ГБ/256 ГБ белый + подарок,Apple,660000,SmartDuken,04.10.2026 | 21:07:35,https://kaspi.kz/shop/p/apple-iphone-air-12-gb-256-gb-belyi-podarok-171677484/?c=750000000
179011665,Apple iPhone Air 256 APPLE6_GIFT_A40W SpaceBlack,Apple,638990,NOVAMART,04.10.2026 | 21:07:35,https://kaspi.kz/shop/p/apple-iphone-air-256gb-chernyi-podarok-179011665/?c=750000000
168641326,Смартфон Apple iPhone 17 Pro Max 512Gb серебристый + подарок,Apple,1257999,SmartDuken,04.10.2026 | 21:07:35,https://kaspi.kz/shop/p/apple-iphone-17-pro-max-512gb-serebristyi-podarok-168641326/?c=750000000
167487730,Смартфон Apple iPhone 17 Pro Max 1Tb оранжевый + подарок,Apple,1304667,MOBILS,04.10.2026 | 21:07:35,https://kaspi.kz/shop/p/apple-iphone-17-pro-max-1tb-oranzhevyi-podarok-167487730/?c=750000000
167644082,iPhone Air 1Tb белый + подарок,Apple,1079990,Lynx,04.10.2026 | 21:07:35,https://kaspi.kz/shop/p/apple-iphone-air-1tb-belyi-podarok-167644082/?c=750000000
168156944,Смартфон Apple iPhone 17 512Gb фиолетовый + подарок,Apple,771000,UMMAH STORE,04.10.2026 | 21:07:35,https://kaspi.kz/shop/p/apple-iphone-17-512gb-fioletovyi-podarok-168156944/?c=750000000
157461388,Apple iPhone 17 Pro Max Dual eSim 2048Gb оранжевый + подарок,Apple,1279990,Techno Lider,04.10.2026 | 21:07:35,https://kaspi.kz/shop/p/apple-iphone-17-pro-max-dual-esim-2048gb-oranzhevyi-podarok-157461388/?c=750000000
168665123,Apple iPhone 17 Pro 256Gb оранжевый + подарок,Apple,869000,UMMAH STORE,04.10.2026 | 21:07:35,https://kaspi.kz/shop/p/apple-iphone-17-pro-256gb-oranzhevyi-podarok-168665123/?c=750000000
168036108,Apple iPhone 17 Pro Max 2Tb APPLE2_GIFT_A20W_PODS_SE3S Silver,Apple,1628990,NOVAMART,04.10.2026 | 21:07:35,https://kaspi.kz/shop/p/apple-iphone-17-pro-max-2tb-serebristyi-podarok-168036108/?c=750000000
168642133,Смартфон Apple iPhone 17 Pro Max 1Tb серебристый + подарок,Apple,1503743,MOBILS,04.10.2026 | 21:07:35,https://kaspi.kz/shop/p/apple-iphone-17-pro-max-1tb-serebristyi-podarok-168642133/?c=750000000
168158108,Смартфон Apple iPhone Air 512Gb золотистый + подарок,Apple,776999,SmartDuken,04.10.2026 | 21:07:45,https://kaspi.kz/shop/p/apple-iphone-air-512gb-zolotistyi-podarok-168158108/?c=750000000
167238142,Apple iPhone Air 256Gb белый + подарок,Apple,742235,Lynx,04.10.2026 | 21:07:45,https://kaspi.kz/shop/p/apple-iphone-air-256gb-belyi-podarok-167238142/?c=750000000
171514881,Apple iPhone 17 Pro Max 256 APPLE5_GIFT_A35WD_YA36 Silver,Apple,867990,NOVAMART,04.10.2026 | 21:07:45,https://kaspi.kz/shop/p/apple-iphone-17-pro-max-256-gb-serebristyi-podarok-171514881/?c=750000000
168036682,Смартфон Apple iPhone 17 Pro Max 1Tb синий + подарок,Apple,1448997,SmartDuken,04.10.2026 | 21:07:45,https://kaspi.kz/shop/p/apple-iphone-17-pro-max-1tb-sinii-podarok-168036682/?c=750000000
152028151,Смартфон Apple iPhone Air 256Gb голубой + подарок,Apple,688998,AG shop,04.10.2026 | 21:07:45,https://kaspi.kz/shop/p/apple-iphone-air-256gb-goluboi-podarok-152028151/?c=750000000
171677188,Смартфон Apple iPhone Air 12 ГБ/256 ГБ голубой + подарок,Apple,651000,UMMAH STORE 2,04.10.2026 | 21:07:45,https://kaspi.kz/shop/p/apple-iphone-air-12-gb-256-gb-goluboi-podarok-171677188/?c=750000000
168159147,iPhone Air 1Tb голубой + подарок,Apple,818818,Lynx,04.10.2026 | 21:07:45,https://kaspi.kz/shop/p/apple-iphone-air-1tb-goluboi-podarok-168159147/?c=750000000
167456767,Apple iPhone 17 Pro Max 2Tb APPLE1_GIFT_A20W_PPRO_YA12 DeepBlue,Apple,1498990,NOVAMART,04.10.2026 | 21:07:45,https://kaspi.kz/shop/p/apple-iphone-17-pro-max-2tb-temno-sinii-podarok-167456767/?c=750000000
167390146,Apple iPhone 17 Pro 256 APPLE1_GIFT_A20W_PPRO_YA12 CosmicOrange,Apple,940990,NOVAMART,04.10.2026 | 21:07:45,https://kaspi.kz/shop/p/apple-iphone-17-pro-256gb-oranzhevyi-podarok-167390146/?c=750000000
178956094,Apple iPhone 17 Pro Max 256 APPLE6_GIFT_A40W Silver,Apple,827990,NOVAMART,04.10.2026 | 21:07:45,https://kaspi.kz/shop/p/apple-iphone-17-pro-max-256gb-serebristyi-podarok-178956094/?c=750000000
168641364,Apple iPhone 17 Pro Max 512 APPLE2_GIFT_A20W_PPRO CosmicOrange,Apple,1135990,NOVAMART,04.10.2026 | 21:07:45,https://kaspi.kz/shop/p/apple-iphone-17-pro-max-512gb-oranzhevyi-podarok-168641364/?c=750000000
168156821,Смартфон Apple iPhone 17 512Gb черный + подарок,Apple,890000,MOBILS,04.10.2026 | 21:07:45,https://kaspi.kz/shop/p/apple-iphone-17-512gb-chernyi-podarok-168156821/?c=750000000
178946208,Смартфон Apple iPhone 17 Pro Max 256Gb темно-синий + подарок,Apple,889000,UMMAH STORE,04.10.2026 | 21:07:54,https://kaspi.kz/shop/p/apple-iphone-17-pro-max-256gb-temno-sinii-podarok-178946208/?c=750000000
168158092,Apple iPhone Air 512Gb белый + подарок,Apple,989940,Мобитайм,04.10.2026 | 21:07:54,https://kaspi.kz/shop/p/apple-iphone-air-512gb-belyi-podarok-168158092/?c=750000000
178945480,Apple iPhone 17 Pro 256 APPLE6_GIFT_A40W Silver,Apple,768990,NOVAMART,04.10.2026 | 21:07:54,https://kaspi.kz/shop/p/apple-iphone-17-pro-256gb-serebristyi-podarok-178945480/?c=750000000
167644101,Смартфон Apple iPhone Air 1Tb голубой + подарок,Apple,993999,SmartDuken,04.10.2026 | 21:07:54,https://kaspi.kz/shop/p/apple-iphone-air-1tb-goluboi-podarok-167644101/?c=750000000
168036575,Смартфон Apple iPhone 17 Pro Max 256Gb оранжевый + подарок,Apple,1031994,AG shop,04.10.2026 | 21:07:54,https://kaspi.kz/shop/p/apple-iphone-17-pro-max-256gb-oranzhevyi-podarok-168036575/?c=750000000
173319723,Смартфон Apple iPhone 17 Pro 512Gb темно-синий + подарок,Apple,1141000,UMMAH STORE,04.10.2026 | 21:07:54,https://kaspi.kz/shop/p/apple-iphone-17-pro-512gb-temno-sinii-podarok-173319723/?c=750000000
168036121,Apple iPhone 17 Pro Max 2Tb APPLE2_GIFT_A20W_PODS_SE3S DeepBlue,Apple,1565990,NOVAMART,04.10.2026 | 21:07:54,https://kaspi.kz/shop/p/apple-iphone-17-pro-max-2tb-sinii-podarok-168036121/?c=750000000
168641811,Apple iPhone 17 Pro Max 2Tb APPLE2_GIFT_A20W_EAR Silver,Apple,1391990,NOVAMART,04.10.2026 | 21:07:54,https://kaspi.kz/shop/p/apple-iphone-17-pro-max-2tb-serebristyi-podarok-168641811/?c=750000000
152006994,Смартфон Apple iPhone 17 512Gb Dual eSim голубой + подарок,Apple,797500,UMMAH STORE 2,04.10.2026 | 21:07:54,https://kaspi.kz/shop/p/apple-iphone-17-512gb-dual-esim-goluboi-podarok-152006994/?c=750000000
168641633,Apple iPhone 17 Pro Max 2Tb APPLE2_GIFT_A20W_PPRO DeepBlue,Apple,1489990,NOVAMART,04.10.2026 | 21:07:54,https://kaspi.kz/shop/p/apple-iphone-17-pro-max-2tb-sinii-podarok-168641633/?c=750000000
168860639,Смартфон Apple iPhone 17 Pro 1Tb синий + подарок,Apple,1259777,CN-MARKET,04.10.2026 | 21:07:54,https://kaspi.kz/shop/p/apple-iphone-17-pro-1tb-sinii-podarok-168860639/?c=750000000
167390366,Apple iPhone 17 Pro 256 APPLE1_GIFT_A20W_PODS_YA12 DeepBlue,Apple,848990,NOVAMART,04.10.2026 | 21:07:54,https://kaspi.kz/shop/p/apple-iphone-17-pro-256gb-temno-sinii-podarok-167390366/?c=750000000
168158050,Apple iPhone Air 512Gb голубой + подарок,Apple,863444,Мобитайм,04.10.2026 | 21:08:06,https://kaspi.kz/shop/p/apple-iphone-air-512gb-goluboi-podarok-168158050/?c=750000000
152720515,Смартфон Apple iPhone 17 512Gb NanoSIM+eSIM черный + подарок,Apple,792000,UMMAH STORE,04.10.2026 | 21:08:06,https://kaspi.kz/shop/p/apple-iphone-17-512gb-nanosim-esim-chernyi-podarok-152720515/?c=750000000
178954530,Apple iPhone 17 Pro Max 256 APPLE6_GIFT_A40W_EAR_YA24 CosmicOrange,Apple,860990,NOVAMART,04.10.2026 | 21:08:06,https://kaspi.kz/shop/p/apple-iphone-17-pro-max-256gb-oranzhevyi-podarok-178954530/?c=750000000
168035874,Apple iPhone 17 Pro 1Tb серебристый + подарок,Apple,1290000,UMMAH STORE,04.10.2026 | 21:08:06,https://kaspi.kz/shop/p/apple-iphone-17-pro-1tb-serebristyi-podarok-168035874/?c=750000000
168035794,Смартфон Apple iPhone 17 Pro 1Tb темно-синий + подарок,Apple,1499777,CN-MARKET,04.10.2026 | 21:08:06,https://kaspi.kz/shop/p/apple-iphone-17-pro-1tb-temno-sinii-podarok-168035794/?c=750000000
179005529,Apple iPhone 17 256Gb голубой +подарок(Apple EarPods USB-C+Apple Power Adapter 20W+Яндекс 24 месяца),Apple,587900,Sirius,04.10.2026 | 21:08:06,https://kaspi.kz/shop/p/apple-iphone-17-256gb-goluboi-podarok-179005529/?c=750000000
167231085,Смартфон Apple iPhone 17 8 ГБ/512 ГБ черный + подарок,Apple,829998,AG shop,04.10.2026 | 21:08:06,https://kaspi.kz/shop/p/apple-iphone-17-8-gb-512-gb-chernyi-podarok-167231085/?c=750000000
168035140,Смартфон Apple iPhone 17 Pro 512Gb серебристый + подарок,Apple,1327122,MOBILS,04.10.2026 | 21:08:06,https://kaspi.kz/shop/p/apple-iphone-17-pro-512gb-serebristyi-podarok-168035140/?c=750000000
167643973,Apple iPhone Air 512Gb голубой + подарок,Apple,1085990,Мобитайм,04.10.2026 | 21:08:06,https://kaspi.kz/shop/p/apple-iphone-air-512gb-goluboi-podarok-167643973/?c=750000000
152721104,Apple iPhone 17 Pro Max 2Tb APPLE_GIFT_YA24 CosmicOrange,Apple,1379087,NOVAMART,04.10.2026 | 21:08:06,https://kaspi.kz/shop/p/apple-iphone-17-pro-max-2tb-nanosim-esim-oranzhevyi-podarok-152721104/?c=750000000
169699379,Apple iPhone 17 Pro 256 APPLE4_GIFT_17PCLE Silver,Apple,782990,NOVAMART,04.10.2026 | 21:08:06,https://kaspi.kz/shop/p/apple-iphone-17-pro-12-gb-256-gb-serebristyi-podarok-169699379/?c=750000000
167452890,Apple iPhone 17 Pro Max 512 APPLE1_GIFT_A20W_PODS_YA12 CosmicOrange,Apple,1052990,NOVAMART,04.10.2026 | 21:08:06,https://kaspi.kz/shop/p/apple-iphone-17-pro-max-512gb-oranzhevyi-podarok-167452890/?c=750000000
168860499,Смартфон Apple iPhone 17 Pro 512Gb серебристый + подарок,Apple,1051033,Aslan Tel,04.10.2026 | 21:08:16,https://kaspi.kz/shop/p/apple-iphone-17-pro-512gb-serebristyi-podarok-168860499/?c=750000000
168156960,Apple iPhone 17 512Gb черный + подарок,Apple,829790,Мобитайм,04.10.2026 | 21:08:16,https://kaspi.kz/shop/p/apple-iphone-17-512gb-chernyi-podarok-168156960/?c=750000000
167643360,Apple iPhone Air 256Gb белый + подарок,Apple,884949,Lynx,04.10.2026 | 21:08:16,https://kaspi.kz/shop/p/apple-iphone-air-256gb-belyi-podarok-167643360/?c=750000000
157286734,Apple iPhone 17 Pro 512Gb Dual eSim серебристый + подарок,Apple,893990,Lynx,04.10.2026 | 21:08:16,https://kaspi.kz/shop/p/apple-iphone-17-pro-512gb-dual-esim-serebristyi-podarok-157286734/?c=750000000
167391251,Смартфон Apple iPhone 17 Pro 1Tb серебристый + подарок,Apple,1199777,CN-MARKET,04.10.2026 | 21:08:16,https://kaspi.kz/shop/p/apple-iphone-17-pro-1tb-serebristyi-podarok-167391251/?c=750000000
178946816,Apple iPhone 17 Pro Max 2Tb APPLE6_GIFT_A40W_EAR DeepBlue,Apple,1339990,NOVAMART,04.10.2026 | 21:08:16,https://kaspi.kz/shop/p/apple-iphone-17-pro-max-2tb-temno-sinii-podarok-178946816/?c=750000000
168664627,Apple iPhone 17 Pro 512Gb синий + подарок,Apple,1059808,Мобитайм,04.10.2026 | 21:08:16,https://kaspi.kz/shop/p/apple-iphone-17-pro-512gb-sinii-podarok-168664627/?c=750000000
167643301,Смартфон Apple iPhone Air 512Gb черный + подарок,Apple,970042,AG shop,04.10.2026 | 21:08:16,https://kaspi.kz/shop/p/apple-iphone-air-512gb-chernyi-podarok-167643301/?c=750000000
168158364,Apple iPhone Air 256 APPLE2_GIFT_A20W_EAR LightGold,Apple,630999,NOVAMART,04.10.2026 | 21:08:16,https://kaspi.kz/shop/p/apple-iphone-air-256gb-zolotistyi-podarok-168158364/?c=750000000
178955284,Apple iPhone 17 Pro Max 2Tb APPLE6_GIFT_A40W_EAR_YA24 Silver,Apple,1415990,NOVAMART,04.10.2026 | 21:08:16,https://kaspi.kz/shop/p/apple-iphone-17-pro-max-2tb-serebristyi-podarok-178955284/?c=750000000
167643318,Смартфон Apple iPhone Air 256Gb белый + подарок,Apple,987732,AG shop,04.10.2026 | 21:08:16,https://kaspi.kz/shop/p/apple-iphone-air-256gb-belyi-podarok-167643318/?c=750000000
167728632,Apple iPhone 17 512Gb зеленый + подарок,Apple,999980,Мобитайм,04.10.2026 | 21:08:16,https://kaspi.kz/shop/p/apple-iphone-17-512gb-zelenyi-podarok-167728632/?c=750000000
171676659,Apple iPhone Air 256 APPLE5_GIFT_A35WD_YA36 LightGold,Apple,677990,NOVAMART,04.10.2026 | 21:08:25,https://kaspi.kz/shop/p/apple-iphone-air-12-gb-256-gb-zolotistyi-podarok-171676659/?c=750000000
168159160,iPhone Air 1Tb белый + подарок,Apple,820990,Lynx,04.10.2026 | 21:08:25,https://kaspi.kz/shop/p/apple-iphone-air-1tb-belyi-podarok-168159160/?c=750000000
167390292,Apple iPhone 17 Pro 256 APPLE1_GIFT_A20W_PODS_YA12 Silver,Apple,848990,NOVAMART,04.10.2026 | 21:08:25,https://kaspi.kz/shop/p/apple-iphone-17-pro-256gb-serebristyi-podarok-167390292/?c=750000000
168664627,Apple iPhone 17 Pro 512Gb синий + подарок,Apple,1059808,Мобитайм,04.10.2026 | 21:08:25,https://kaspi.kz/shop/p/apple-iphone-17-pro-512gb-sinii-podarok-168664627/?c=750000000
167734728,iPhone Air 512Gb черный + подарок,Apple,1002790,Lynx,04.10.2026 | 21:08:25,https://kaspi.kz/shop/p/apple-iphone-air-512gb-chernyi-podarok-167734728/?c=750000000
171514370,Смартфон Apple iPhone 17 256 GB белый + подарок,Apple,674989,SmartDuken,04.10.2026 | 21:08:25,https://kaspi.kz/shop/p/apple-iphone-17-256-gb-belyi-podarok-171514370/?c=750000000
167729192,,Apple,855000,SmartDuken,04.10.2026 | 21:08:25,https://kaspi.kz/shop/p/apple-iphone-17-256gb-belyi-podarok-167729192/?c=750000000
173319493,Apple iPhone 17 Pro 512 APPLE5_GIFT_A35WD_YA36 Silver,Apple,946990,NOVAMART,04.10.2026 | 21:08:25,https://kaspi.kz/shop/p/apple-iphone-17-pro-512gb-serebristyi-podarok-173319493/?c=750000000
178955515,Apple iPhone 17 Pro 256 APPLE6_GIFT_A40W DeepBlue,Apple,766999,NOVAMART,04.10.2026 | 21:08:25,https://kaspi.kz/shop/p/apple-iphone-17-pro-256gb-temno-sinii-podarok-178955515/?c=750000000
152004780,Смартфон Apple iPhone 17 256Gb Dual eSim зеленый + подарок,Apple,685800,UMMAH STORE 2,04.10.2026 | 21:08:25,https://kaspi.kz/shop/p/apple-iphone-17-256gb-dual-esim-zelenyi-podarok-152004780/?c=750000000
167389915,Смартфон Apple iPhone 17 Pro 512Gb серебристый + подарок,Apple,917610,MOBILS,04.10.2026 | 21:08:25,https://kaspi.kz/shop/p/apple-iphone-17-pro-512gb-serebristyi-podarok-167389915/?c=750000000
167237988,Смартфон Apple iPhone Air 256Gb голубой + подарок,Apple,748998,AG shop,04.10.2026 | 21:08:25,https://kaspi.kz/shop/p/apple-iphone-air-256gb-goluboi-podarok-167237988/?c=750000000
168641571,Apple iPhone 17 Pro Max 2Tb APPLE2_GIFT_A20W_PPRO Silver,Apple,1552979,NOVAMART,04.10.2026 | 21:08:34,https://kaspi.kz/shop/p/apple-iphone-17-pro-max-2tb-serebristyi-podarok-168641571/?c=750000000
168156841,Apple iPhone 17 512Gb зеленый + подарок,Apple,787990,Мобитайм,04.10.2026 | 21:08:34,https://kaspi.kz/shop/p/apple-iphone-17-512gb-zelenyi-podarok-168156841/?c=750000000
157280731,Смартфон Apple iPhone 17 Pro Max 256Gb Dual eSim синий + подарок,Apple,835000,UMMAH STORE,04.10.2026 | 21:08:34,https://kaspi.kz/shop/p/apple-iphone-17-pro-max-256gb-dual-esim-sinii-podarok-157280731/?c=750000000
157286537,Смартфон Apple iPhone 17 Pro 1024Gb Dual eSim серебристый + подарок,Apple,1085000,UMMAH STORE,04.10.2026 | 21:08:34,https://kaspi.kz/shop/p/apple-iphone-17-pro-1024gb-dual-esim-serebristyi-podarok-157286537/?c=750000000
152030745,iPhone Air 512Gb белый + подарок,Apple,798990,Lynx,04.10.2026 | 21:08:34,https://kaspi.kz/shop/p/apple-iphone-air-512gb-belyi-podarok-152030745/?c=750000000
171675790,Смартфон Apple iPhone Air 12 ГБ/512 ГБ голубой + подарок,Apple,889000,UMMAH STORE,04.10.2026 | 21:08:34,https://kaspi.kz/shop/p/apple-iphone-air-12-gb-512-gb-goluboi-podarok-171675790/?c=750000000
167456937,Apple iPhone 17 Pro Max 2Tb APPLE1_GIFT_A20W_PPRO_YA12 CosmicOrange,Apple,1561990,NOVAMART,04.10.2026 | 21:08:34,https://kaspi.kz/shop/p/apple-iphone-17-pro-max-2tb-oranzhevyi-podarok-167456937/?c=750000000
167391240,Apple iPhone 17 Pro 1Tb APPLE1_GIFT_A20W_PODS_YA12 CosmicOrange,Apple,1090990,NOVAMART,04.10.2026 | 21:08:34,https://kaspi.kz/shop/p/apple-iphone-17-pro-1tb-oranzhevyi-podarok-167391240/?c=750000000
168861084,Apple iPhone 17 Pro 1Tb оранжевый + подарок,Apple,1081826,Lynx,04.10.2026 | 21:08:34,https://kaspi.kz/shop/p/apple-iphone-17-pro-1tb-oranzhevyi-podarok-168861084/?c=750000000
178945201,Apple iPhone 17 Pro Max 2Tb APPLE6_GIFT_A40W_EAR CosmicOrange,Apple,1402990,NOVAMART,04.10.2026 | 21:08:34,https://kaspi.kz/shop/p/apple-iphone-17-pro-max-2tb-oranzhevyi-podarok-178945201/?c=750000000
178947598,Apple iPhone 17 Pro Max 512 APPLE6_GIFT_A40W_EAR_YA24 DeepBlue,Apple,998990,NOVAMART,04.10.2026 | 21:08:34,https://kaspi.kz/shop/p/apple-iphone-17-pro-max-512gb-temno-sinii-podarok-178947598/?c=750000000
178943656,Apple iPhone 17 Pro Max 512 APPLE6_GIFT_A40W DeepBlue,Apple,972990,NOVAMART,04.10.2026 | 21:08:34,https://kaspi.kz/shop/p/apple-iphone-17-pro-max-512gb-temno-sinii-podarok-178943656/?c=750000000
168159083,Apple iPhone Air 1Tb белый + подарок,Apple,876515,Lynx,04.10.2026 | 21:08:43,https://kaspi.kz/shop/p/apple-iphone-air-1tb-belyi-podarok-168159083/?c=750000000
167237695,Смартфон Apple iPhone Air 512Gb голубой + подарок,Apple,809980,AG shop,04.10.2026 | 21:08:43,https://kaspi.kz/shop/p/apple-iphone-air-512gb-goluboi-podarok-167237695/?c=750000000
168641835,Apple iPhone 17 Pro Max 2Tb APPLE2_GIFT_A20W_EAR CosmicOrange,Apple,1391990,NOVAMART,04.10.2026 | 21:08:43,https://kaspi.kz/shop/p/apple-iphone-17-pro-max-2tb-oranzhevyi-podarok-168641835/?c=750000000
168641745,Apple iPhone 17 Pro Max 2Tb APPLE2_GIFT_A20W_PPRO CosmicOrange,Apple,1552979,NOVAMART,04.10.2026 | 21:08:43,https://kaspi.kz/shop/p/apple-iphone-17-pro-max-2tb-oranzhevyi-podarok-168641745/?c=750000000
152721199,Смартфон Apple iPhone 17 Pro 512Gb NanoSIM+eSIM темно-синий + подарок,Apple,937696,MOBILS,04.10.2026 | 21:08:43,https://kaspi.kz/shop/p/apple-iphone-17-pro-512gb-nanosim-esim-temno-sinii-podarok-152721199/?c=750000000
171514705,Apple iPhone 17 256 GB белый + подарок (Яндекс Плюс 36 месяцев + Адаптер Apple 20W),Apple,579900,Sirius,04.10.2026 | 21:08:43,https://kaspi.kz/shop/p/apple-iphone-17-256-gb-belyi-podarok-171514705/?c=750000000
167644026,Apple iPhone Air 512Gb белый + подарок,Apple,1099960,Мобитайм,04.10.2026 | 21:08:43,https://kaspi.kz/shop/p/apple-iphone-air-512gb-belyi-podarok-167644026/?c=750000000
152005424,Смартфон Apple iPhone 17 Pro 512Gb Dual eSim синий + подарок,Apple,978594,MOBILS,04.10.2026 | 21:08:43,https://kaspi.kz/shop/p/apple-iphone-17-pro-512gb-dual-esim-sinii-podarok-152005424/?c=750000000
168641400,Apple iPhone 17 Pro Max 512 APPLE2_GIFT_A20W_PODS DeepBlue,Apple,1043589,NOVAMART,04.10.2026 | 21:08:43,https://kaspi.kz/shop/p/apple-iphone-17-pro-max-512gb-sinii-podarok-168641400/?c=750000000
168158433,Смартфон Apple iPhone Air 1Tb черный + подарок,Apple,943337,SmartDuken,04.10.2026 | 21:08:43,https://kaspi.kz/shop/p/apple-iphone-air-1tb-chernyi-podarok-168158433/?c=750000000
168641763,Apple iPhone 17 Pro Max 2Tb APPLE2_GIFT_A20W_PODS Silver,Apple,1461990,NOVAMART,04.10.2026 | 21:08:43,https://kaspi.kz/shop/p/apple-iphone-17-pro-max-2tb-serebristyi-podarok-168641763/?c=750000000
170829117,Apple iPhone 17 256Gb зеленый + подарок,Apple,554903,Amir.ON,04.10.2026 | 21:08:43,https://kaspi.kz/shop/p/apple-iphone-17-256gb-zelenyi-podarok-170829117/?c=750000000
178855682,Apple A3524 12 ГБ/256 ГБ оранжевый,Apple,729999,Amir.ON,04.10.2026 | 21:08:52,https://kaspi.kz/shop/p/apple-iphone-17-pro-256gb-dual-sim-oranzhevyi-12-gb-256-gb-oranzhevyi-178855682/?c=750000000
168036677,Apple iPhone 17 Pro Max 1Tb серебристый + подарок,Apple,1670000,UMMAH STORE,04.10.2026 | 21:08:52,https://kaspi.kz/shop/p/apple-iphone-17-pro-max-1tb-serebristyi-podarok-168036677/?c=750000000
170829123,Смартфон Apple iPhone 17 256Gb фиолетовый + подарок,Apple,591078,SmartDuken,04.10.2026 | 21:08:52,https://kaspi.kz/shop/p/apple-iphone-17-256gb-fioletovyi-podarok-170829123/?c=750000000
168860567,Смартфон Apple iPhone 17 Pro 256Gb синий + подарок,Apple,761044,Aslan Tel,04.10.2026 | 21:08:52,https://kaspi.kz/shop/p/apple-iphone-17-pro-256gb-sinii-podarok-168860567/?c=750000000
168156907,Apple iPhone 17 512Gb голубой + подарок,Apple,790990,Мобитайм,04.10.2026 | 21:08:52,https://kaspi.kz/shop/p/apple-iphone-17-512gb-goluboi-podarok-168156907/?c=750000000
167731935,Смартфон Apple iPhone 17 256Gb фиолетовый + подарок,Apple,836553,MOBILS,04.10.2026 | 21:08:52,https://kaspi.kz/shop/p/apple-iphone-17-256gb-fioletovyi-podarok-167731935/?c=750000000
168641558,Смартфон Apple iPhone 17 Pro Max 512Gb синий + подарок,Apple,969495,MOBILS,04.10.2026 | 21:08:52,https://kaspi.kz/shop/p/apple-iphone-17-pro-max-512gb-sinii-podarok-168641558/?c=750000000
167728679,Смартфон Apple iPhone 17 512Gb голубой + подарок,Apple,994000,UMMAH STORE 2,04.10.2026 | 21:08:52,https://kaspi.kz/shop/p/apple-iphone-17-512gb-goluboi-podarok-167728679/?c=750000000
171676288,Смартфон Apple iPhone Air 12 ГБ/512 ГБ белый + подарок,Apple,851000,UMMAH STORE,04.10.2026 | 21:08:52,https://kaspi.kz/shop/p/apple-iphone-air-12-gb-512-gb-belyi-podarok-171676288/?c=750000000
168158433,Смартфон Apple iPhone Air 1Tb черный + подарок,Apple,943337,SmartDuken,04.10.2026 | 21:08:52,https://kaspi.kz/shop/p/apple-iphone-air-1tb-chernyi-podarok-168158433/?c=750000000
168664701,Apple iPhone 17 Pro 512Gb оранжевый + подарок,Apple,919748,Lynx,04.10.2026 | 21:08:52,https://kaspi.kz/shop/p/apple-iphone-17-pro-512gb-oranzhevyi-podarok-168664701/?c=750000000
152721249,Смартфон Apple iPhone 17 Pro 1024Gb NanoSIM+eSIM темно-синий + подарок,Apple,1047777,CN-MARKET,04.10.2026 | 21:08:52,https://kaspi.kz/shop/p/apple-iphone-17-pro-1024gb-nanosim-esim-temno-sinii-podarok-152721249/?c=750000000
168036039,Смартфон Apple iPhone 17 Pro Max 512Gb оранжевый + подарок,Apple,1207057,AG shop,04.10.2026 | 21:09:01,https://kaspi.kz/shop/p/apple-iphone-17-pro-max-512gb-oranzhevyi-podarok-168036039/?c=750000000
179010013,Apple iPhone Air 256 APPLE6_GIFT_A40W_EAR_YA24 LightGold,Apple,663990,NOVAMART,04.10.2026 | 21:09:01,https://kaspi.kz/shop/p/apple-iphone-air-256gb-zolotistyi-podarok-179010013/?c=750000000
168036087,Смартфон Apple iPhone 17 Pro Max 512Gb оранжевый + подарок,Apple,1443451,AG shop,04.10.2026 | 21:09:01,https://kaspi.kz/shop/p/apple-iphone-17-pro-max-512gb-oranzhevyi-podarok-168036087/?c=750000000
178944264,Apple iPhone 17 Pro 512 APPLE6_GIFT_A40W Silver,Apple,906990,NOVAMART,04.10.2026 | 21:09:01,https://kaspi.kz/shop/p/apple-iphone-17-pro-512gb-serebristyi-podarok-178944264/?c=750000000
167238357,Смартфон Apple iPhone Air 1Tb черный + подарок,Apple,1014989,SmartDuken,04.10.2026 | 21:09:01,https://kaspi.kz/shop/p/apple-iphone-air-1tb-chernyi-podarok-167238357/?c=750000000
171514428,Смартфон Apple iPhone 17 256 GB голубой + подарок,Apple,689000,SmartDuken,04.10.2026 | 21:09:01,https://kaspi.kz/shop/p/apple-iphone-17-256-gb-goluboi-podarok-171514428/?c=750000000
167487679,Смартфон Apple iPhone 17 Pro Max 1Tb темно-синий + подарок,Apple,1455483,AG shop,04.10.2026 | 21:09:01,https://kaspi.kz/shop/p/apple-iphone-17-pro-max-1tb-temno-sinii-podarok-167487679/?c=750000000
168158468,Apple iPhone Air 1Tb голубой + подарок,Apple,902300,Мобитайм,04.10.2026 | 21:09:01,https://kaspi.kz/shop/p/apple-iphone-air-1tb-goluboi-podarok-168158468/?c=750000000
178945237,Apple iPhone 17 Pro 1Tb APPLE6_GIFT_A40W CosmicOrange,Apple,1010990,NOVAMART,04.10.2026 | 21:09:01,https://kaspi.kz/shop/p/apple-iphone-17-pro-1tb-oranzhevyi-podarok-178945237/?c=750000000
157461023,Смартфон Apple iPhone 17 Pro Max Dual eSim 2048Gb синий + подарок,Apple,1290000,UMMAH STORE,04.10.2026 | 21:09:01,https://kaspi.kz/shop/p/apple-iphone-17-pro-max-dual-esim-2048gb-sinii-podarok-157461023/?c=750000000
167728996,Смартфон Apple iPhone 17 256Gb зеленый + подарок,Apple,856390,UMMAH STORE 2,04.10.2026 | 21:09:01,https://kaspi.kz/shop/p/apple-iphone-17-256gb-zelenyi-podarok-167728996/?c=750000000
170828983,Смартфон Apple iPhone 17 256Gb фиолетовый + подарок,Apple,638999,SmartDuken,04.10.2026 | 21:09:01,https://kaspi.kz/shop/p/apple-iphone-17-256gb-fioletovyi-podarok-170828983/?c=750000000
157286647,Apple iPhone 17 Pro 512Gb Dual eSim синий + подарок,Apple,988329,Lynx,04.10.2026 | 21:09:16,https://kaspi.kz/shop/p/apple-iphone-17-pro-512gb-dual-esim-sinii-podarok-157286647/?c=750000000
171677021,Apple iPhone Air 256 APPLE5_GIFT_A20W_YA36 SpaceBlack,Apple,647990,NOVAMART,04.10.2026 | 21:09:16,https://kaspi.kz/shop/p/apple-iphone-air-12-gb-256-gb-chernyi-podarok-171677021/?c=750000000
167237286,Смартфон Apple iPhone Air 512Gb черный + подарок,Apple,899980,AG shop,04.10.2026 | 21:09:16,https://kaspi.kz/shop/p/apple-iphone-air-512gb-chernyi-podarok-167237286/?c=750000000
167237793,Смартфон Apple iPhone Air 512Gb золотистый + подарок,Apple,804439,SmartDuken,04.10.2026 | 21:09:16,https://kaspi.kz/shop/p/apple-iphone-air-512gb-zolotistyi-podarok-167237793/?c=750000000
179010013,Apple iPhone Air 256 APPLE6_GIFT_A40W_EAR_YA24 LightGold,Apple,663990,NOVAMART,04.10.2026 | 21:09:16,https://kaspi.kz/shop/p/apple-iphone-air-256gb-zolotistyi-podarok-179010013/?c=750000000
167452358,Смартфон Apple iPhone 17 Pro Max 512Gb серебристый + подарок,Apple,1241494,MOBILS,04.10.2026 | 21:09:16,https://kaspi.kz/shop/p/apple-iphone-17-pro-max-512gb-serebristyi-podarok-167452358/?c=750000000
178957816,Apple iPhone 17 256Gb белый + подарок (Яндекс Плюс 36 месяцев),Apple,564900,Sirius,04.10.2026 | 21:09:16,https://kaspi.kz/shop/p/apple-iphone-17-256gb-belyi-podarok-178957816/?c=750000000
152008543,Смартфон Apple iPhone 17 512Gb Dual eSim зеленый + подарок,Apple,719999,AG shop,04.10.2026 | 21:09:16,https://kaspi.kz/shop/p/apple-iphone-17-512gb-dual-esim-zelenyi-podarok-152008543/?c=750000000
167390049,Apple iPhone 17 Pro 256 APPLE1_GIFT_A20W_PPRO_YA12 Silver,Apple,939440,NOVAMART,04.10.2026 | 21:09:16,https://kaspi.kz/shop/p/apple-iphone-17-pro-256gb-serebristyi-podarok-167390049/?c=750000000
178946654,Apple iPhone 17 Pro Max 256 APPLE6_GIFT_A40W_EAR CosmicOrange,Apple,847999,NOVAMART,04.10.2026 | 21:09:16,https://kaspi.kz/shop/p/apple-iphone-17-pro-max-256gb-oranzhevyi-podarok-178946654/?c=750000000
167238449,iPhone Air 1Tb золотистый + подарок,Apple,968990,Lynx,04.10.2026 | 21:09:16,https://kaspi.kz/shop/p/apple-iphone-air-1tb-zolotistyi-podarok-167238449/?c=750000000
178944853,Apple iPhone 17 Pro 1Tb APPLE6_GIFT_A40W_EAR_YA24 CosmicOrange,Apple,1036990,NOVAMART,04.10.2026 | 21:09:16,https://kaspi.kz/shop/p/apple-iphone-17-pro-1tb-oranzhevyi-podarok-178944853/?c=750000000
168035974,Смартфон Apple iPhone 17 Pro Max 1Tb оранжевый + подарок,Apple,1545508,AG shop,04.10.2026 | 21:09:25,https://kaspi.kz/shop/p/apple-iphone-17-pro-max-1tb-oranzhevyi-podarok-168035974/?c=750000000
167462408,Смартфон Apple iPhone 17 Pro Max 256Gb серебристый + подарок,Apple,993182,MOBILS,04.10.2026 | 21:09:25,https://kaspi.kz/shop/p/apple-iphone-17-pro-max-256gb-serebristyi-podarok-167462408/?c=750000000
171676421,Apple iPhone Air 256 APPLE5_GIFT_A35WD_YA36 SpaceBlack,Apple,677999,NOVAMART,04.10.2026 | 21:09:25,https://kaspi.kz/shop/p/apple-iphone-air-12-gb-256-gb-chernyi-podarok-171676421/?c=750000000
178945397,Apple iPhone 17 Pro 256 APPLE6_GIFT_A40W_EAR CosmicOrange,Apple,778999,NOVAMART,04.10.2026 | 21:09:25,https://kaspi.kz/shop/p/apple-iphone-17-pro-256gb-oranzhevyi-podarok-178945397/?c=750000000
168036362,Смартфон Apple iPhone 17 Pro Max 256Gb синий + подарок,Apple,1035485,MOBILS,04.10.2026 | 21:09:25,https://kaspi.kz/shop/p/apple-iphone-17-pro-max-256gb-sinii-podarok-168036362/?c=750000000
169699844,Смартфон Apple iPhone 17 Pro Max 12/256GB Deep Blue Чехол Apple для iPhone 17 Pro Max Clear Case with MagSafe MGFW4ZM/A,Apple,778980,Sulpаk,04.10.2026 | 21:09:25,https://kaspi.kz/shop/p/apple-iphone-17-pro-max-12-gb-256-gb-temno-sinii-podarok-169699844/?c=750000000
168664436,Смартфон Apple iPhone 17 Pro 512Gb оранжевый + подарок,Apple,951694,MOBILS,04.10.2026 | 21:09:25,https://kaspi.kz/shop/p/apple-iphone-17-pro-512gb-oranzhevyi-podarok-168664436/?c=750000000
167487144,Apple iPhone 17 Pro Max 256Gb темно-синий + подарок,Apple,1029990,Lynx,04.10.2026 | 21:09:25,https://kaspi.kz/shop/p/apple-iphone-17-pro-max-256gb-temno-sinii-podarok-167487144/?c=750000000
168036292,Apple iPhone 17 Pro Max 2Tb синий + подарок,Apple,1690000,UMMAH STORE,04.10.2026 | 21:09:25,https://kaspi.kz/shop/p/apple-iphone-17-pro-max-2tb-sinii-podarok-168036292/?c=750000000
178943316,Apple iPhone 17 Pro 1Tb APPLE6_GIFT_A40W_EAR CosmicOrange,Apple,1023990,NOVAMART,04.10.2026 | 21:09:25,https://kaspi.kz/shop/p/apple-iphone-17-pro-1tb-oranzhevyi-podarok-178943316/?c=750000000
168641342,Apple iPhone 17 Pro Max 512 APPLE2_GIFT_A20W_PPRO DeepBlue,Apple,1134999,NOVAMART,04.10.2026 | 21:09:25,https://kaspi.kz/shop/p/apple-iphone-17-pro-max-512gb-sinii-podarok-168641342/?c=750000000
168036624,Смартфон Apple iPhone 17 Pro Max 1Tb синий + подарок,Apple,1396265,MOBILS,04.10.2026 | 21:09:25,https://kaspi.kz/shop/p/apple-iphone-17-pro-max-1tb-sinii-podarok-168036624/?c=750000000
152720348,Смартфон Apple iPhone 17 512Gb NanoSIM+eSIM белый + подарок,Apple,789000,UMMAH STORE,04.10.2026 | 21:09:34,https://kaspi.kz/shop/p/apple-iphone-17-512gb-nanosim-esim-belyi-podarok-152720348/?c=750000000
179005510,Apple iPhone 17 256Gb зеленый +подарок(Apple EarPods USB-C+Apple Power Adapter 20W+Яндекс 24 месяца),Apple,587900,Sirius,04.10.2026 | 21:09:34,https://kaspi.kz/shop/p/apple-iphone-17-256gb-zelenyi-podarok-179005510/?c=750000000
157286825,Смартфон Apple iPhone 17 Pro 512Gb Dual eSim оранжевый + подарок,Apple,986838,SmartDuken,04.10.2026 | 21:09:34,https://kaspi.kz/shop/p/apple-iphone-17-pro-512gb-dual-esim-oranzhevyi-podarok-157286825/?c=750000000
171514909,Смартфон Apple iPhone 17 Pro Max 256 GB темно-синий + подарок,Apple,921000,UMMAH STORE,04.10.2026 | 21:09:34,https://kaspi.kz/shop/p/apple-iphone-17-pro-max-256-gb-temno-sinii-podarok-171514909/?c=750000000
167238294,Apple iPhone Air 256Gb белый + подарок,Apple,659990,Lynx,04.10.2026 | 21:09:34,https://kaspi.kz/shop/p/apple-iphone-air-256gb-belyi-podarok-167238294/?c=750000000
168158096,Смартфон Apple iPhone Air 512Gb черный + подарок,Apple,780000,SmartDuken,04.10.2026 | 21:09:34,https://kaspi.kz/shop/p/apple-iphone-air-512gb-chernyi-podarok-168158096/?c=750000000
170829131,Apple iPhone 17 256Gb голубой + подарок,Apple,555970,Amir.ON,04.10.2026 | 21:09:34,https://kaspi.kz/shop/p/apple-iphone-17-256gb-goluboi-podarok-170829131/?c=750000000
173319679,Apple iPhone 17 Pro 512 APPLE5_GIFT_A20W_YA36 Silver,Apple,916990,NOVAMART,04.10.2026 | 21:09:34,https://kaspi.kz/shop/p/apple-iphone-17-pro-512gb-serebristyi-podarok-173319679/?c=750000000
167728700,Смартфон Apple iPhone 17 512Gb фиолетовый + подарок,Apple,869000,UMMAH STORE,04.10.2026 | 21:09:34,https://kaspi.kz/shop/p/apple-iphone-17-512gb-fioletovyi-podarok-167728700/?c=750000000
179011111,Apple iPhone Air 256 APPLE6_GIFT_A40W_EAR LightGold,Apple,651990,NOVAMART,04.10.2026 | 21:09:34,https://kaspi.kz/shop/p/apple-iphone-air-256gb-zolotistyi-podarok-179011111/?c=750000000
167238567,iPhone Air 1Tb золотистый + подарок,Apple,920980,Lynx,04.10.2026 | 21:09:34,https://kaspi.kz/shop/p/apple-iphone-air-1tb-zolotistyi-podarok-167238567/?c=750000000
168641781,Apple iPhone 17 Pro Max 2Tb APPLE2_GIFT_A20W_PODS DeepBlue,Apple,1398990,NOVAMART,04.10.2026 | 21:09:34,https://kaspi.kz/shop/p/apple-iphone-17-pro-max-2tb-sinii-podarok-168641781/?c=750000000
154661233,Смартфон Apple iPhone 17 Dual eSim 256Gb голубой + подарок,Apple,650000,UMMAH STORE,04.10.2026 | 21:09:43,https://kaspi.kz/shop/p/apple-iphone-17-dual-esim-256gb-goluboi-podarok-154661233/?c=750000000
167457202,Apple iPhone 17 Pro Max 2Tb APPLE1_GIFT_A20W_PODS_YA12 Silver,Apple,1469979,NOVAMART,04.10.2026 | 21:09:43,https://kaspi.kz/shop/p/apple-iphone-17-pro-max-2tb-serebristyi-podarok-167457202/?c=750000000
157286825,Смартфон Apple iPhone 17 Pro 512Gb Dual eSim оранжевый + подарок,Apple,986838,SmartDuken,04.10.2026 | 21:09:43,https://kaspi.kz/shop/p/apple-iphone-17-pro-512gb-dual-esim-oranzhevyi-podarok-157286825/?c=750000000
167461843,Apple iPhone 17 Pro Max 2Tb APPLE1_GIFT_A20W_EAR_YA12 Silver,Apple,1400990,NOVAMART,04.10.2026 | 21:09:43,https://kaspi.kz/shop/p/apple-iphone-17-pro-max-2tb-serebristyi-podarok-167461843/?c=750000000
179005784,Apple iPhone 17 256Gb белый +подарок(Apple EarPods USB-C+Apple Adapter 20W+Яндекс 36 месяцев),Apple,589900,Sirius,04.10.2026 | 21:09:43,https://kaspi.kz/shop/p/apple-iphone-17-256gb-belyi-podarok-179005784/?c=750000000
178948062,Apple iPhone 17 Pro Max 2Tb APPLE6_GIFT_A40W DeepBlue,Apple,1326990,NOVAMART,04.10.2026 | 21:09:43,https://kaspi.kz/shop/p/apple-iphone-17-pro-max-2tb-temno-sinii-podarok-178948062/?c=750000000
168035919,Смартфон Apple iPhone 17 Pro 1Tb оранжевый + подарок,Apple,1339363,AG shop,04.10.2026 | 21:09:43,https://kaspi.kz/shop/p/apple-iphone-17-pro-1tb-oranzhevyi-podarok-168035919/?c=750000000
168158254,Смартфон Apple iPhone Air 256Gb голубой + подарок,Apple,718000,UMMAH STORE,04.10.2026 | 21:09:43,https://kaspi.kz/shop/p/apple-iphone-air-256gb-goluboi-podarok-168158254/?c=750000000
167643996,Apple iPhone Air 512Gb голубой + подарок,Apple,1044380,Мобитайм,04.10.2026 | 21:09:43,https://kaspi.kz/shop/p/apple-iphone-air-512gb-goluboi-podarok-167643996/?c=750000000
170829922,Смартфон Apple iPhone 17 256Gb фиолетовый + подарок,Apple,621000,UMMAH STORE,04.10.2026 | 21:09:43,https://kaspi.kz/shop/p/apple-iphone-17-256gb-fioletovyi-podarok-170829922/?c=750000000
157286484,Apple iPhone 17 Pro 1024Gb Dual eSim синий + подарок,Apple,1061554,Lynx,04.10.2026 | 21:09:43,https://kaspi.kz/shop/p/apple-iphone-17-pro-1024gb-dual-esim-sinii-podarok-157286484/?c=750000000
152721213,Apple iPhone 17 Pro 1Tb APPLE_GIFT_YA24 CosmicOrange,Apple,999854,NOVAMART,04.10.2026 | 21:09:43,https://kaspi.kz/shop/p/apple-iphone-17-pro-1024gb-nanosim-esim-oranzhevyi-podarok-152721213/?c=750000000
179005753,Apple iPhone 17 256Gb голубой +подарок(Apple EarPods USB-C+Apple Adapter 20W+Яндекс 36 месяцев),Apple,589900,Sirius,04.10.2026 | 21:09:52,https://kaspi.kz/shop/p/apple-iphone-17-256gb-goluboi-podarok-179005753/?c=750000000
167644120,Apple iPhone Air 512Gb золотистый + подарок,Apple,1059980,Мобитайм,04.10.2026 | 21:09:52,https://kaspi.kz/shop/p/apple-iphone-air-512gb-zolotistyi-podarok-167644120/?c=750000000
167643394,Смартфон Apple iPhone Air 1Tb белый + подарок,Apple,1089888,SmartDuken,04.10.2026 | 21:09:52,https://kaspi.kz/shop/p/apple-iphone-air-1tb-belyi-podarok-167643394/?c=750000000
168642152,Apple iPhone 17 Pro Max 1Tb синий + подарок,Apple,1324659,Lynx,04.10.2026 | 21:09:52,https://kaspi.kz/shop/p/apple-iphone-17-pro-max-1tb-sinii-podarok-168642152/?c=750000000
147533954,Смартфон Apple iPhone Air 256Gb голубой + подарок,Apple,689000,UMMAH STORE,04.10.2026 | 21:09:52,https://kaspi.kz/shop/p/apple-iphone-air-256gb-goluboi-podarok-147533954/?c=750000000
168036141,Apple iPhone 17 Pro Max 2Tb APPLE2_GIFT_A20W_PODS_SE3S CosmicOrange,Apple,1628990,NOVAMART,04.10.2026 | 21:09:52,https://kaspi.kz/shop/p/apple-iphone-17-pro-max-2tb-oranzhevyi-podarok-168036141/?c=750000000
178955493,Apple iPhone 17 Pro 256 APPLE6_GIFT_A40W_EAR_YA24 DeepBlue,Apple,794990,NOVAMART,04.10.2026 | 21:09:52,https://kaspi.kz/shop/p/apple-iphone-17-pro-256gb-temno-sinii-podarok-178955493/?c=750000000
157287013,Apple iPhone 17 Pro 256Gb Dual eSim серебристый + подарок,Apple,869990,Lynx,04.10.2026 | 21:09:52,https://kaspi.kz/shop/p/apple-iphone-17-pro-256gb-dual-esim-serebristyi-podarok-157287013/?c=750000000
167230997,Смартфон Apple iPhone 17 8 ГБ/512 ГБ зеленый + подарок,Apple,799000,UMMAH STORE,04.10.2026 | 21:09:52,https://kaspi.kz/shop/p/apple-iphone-17-8-gb-512-gb-zelenyi-podarok-167230997/?c=750000000
167456434,Apple iPhone 17 Pro Max 2Tb APPLE1_GIFT_A20W_PPRO_YA12 Silver,Apple,1561990,NOVAMART,04.10.2026 | 21:09:52,https://kaspi.kz/shop/p/apple-iphone-17-pro-max-2tb-serebristyi-podarok-167456434/?c=750000000
178946019,Apple iPhone 17 Pro Max 256 APPLE6_GIFT_A40W_EAR_YA24 Silver,Apple,853990,NOVAMART,04.10.2026 | 21:09:52,https://kaspi.kz/shop/p/apple-iphone-17-pro-max-256gb-serebristyi-podarok-178946019/?c=750000000
178941522,Apple iPhone 17 Pro 256 APPLE6_GIFT_A40W_EAR Silver,Apple,781990,NOVAMART,04.10.2026 | 21:09:52,https://kaspi.kz/shop/p/apple-iphone-17-pro-256gb-serebristyi-podarok-178941522/?c=750000000
168642077,Смартфон Apple iPhone 17 Pro Max 1Tb серебристый + подарок,Apple,1665810,SmartDuken,04.10.2026 | 21:10:02,https://kaspi.kz/shop/p/apple-iphone-17-pro-max-1tb-serebristyi-podarok-168642077/?c=750000000
167643370,Apple iPhone Air 1Tb золотистый + подарок,Apple,1189990,Lynx,04.10.2026 | 21:10:02,https://kaspi.kz/shop/p/apple-iphone-air-1tb-zolotistyi-podarok-167643370/?c=750000000
170828751,Apple iPhone 17 256Gb голубой + подарок,Apple,645990,Мобитайм,04.10.2026 | 21:10:02,https://kaspi.kz/shop/p/apple-iphone-17-256gb-goluboi-podarok-170828751/?c=750000000
167643394,Смартфон Apple iPhone Air 1Tb белый + подарок,Apple,1089888,SmartDuken,04.10.2026 | 21:10:02,https://kaspi.kz/shop/p/apple-iphone-air-1tb-belyi-podarok-167643394/?c=750000000
168036599,Смартфон Apple iPhone 17 Pro Max 1Tb серебристый + подарок,Apple,1532603,SmartDuken,04.10.2026 | 21:10:02,https://kaspi.kz/shop/p/apple-iphone-17-pro-max-1tb-serebristyi-podarok-168036599/?c=750000000
167728814,Apple iPhone 17 512Gb белый + подарок,Apple,999955,Мобитайм,04.10.2026 | 21:10:02,https://kaspi.kz/shop/p/apple-iphone-17-512gb-belyi-podarok-167728814/?c=750000000
170829076,Apple iPhone 17 256Gb голубой + подарок,Apple,642790,Мобитайм,04.10.2026 | 21:10:02,https://kaspi.kz/shop/p/apple-iphone-17-256gb-goluboi-podarok-170829076/?c=750000000
152006789,Apple iPhone 17 Pro 1024Gb Dual eSim оранжевый + подарок (Яндекс Плюс 24 месяцев),Apple,869897,Sirius,04.10.2026 | 21:10:02,https://kaspi.kz/shop/p/apple-iphone-17-pro-1024gb-dual-esim-oranzhevyi-podarok-152006789/?c=750000000
157461707,Apple iPhone 17 Pro Max Dual eSim 1024Gb оранжевый + подарок,Apple,1108990,Techno Lider,04.10.2026 | 21:10:02,https://kaspi.kz/shop/p/apple-iphone-17-pro-max-dual-esim-1024gb-oranzhevyi-podarok-157461707/?c=750000000
168156859,Смартфон Apple iPhone 17 512Gb белый + подарок,Apple,768000,UMMAH STORE,04.10.2026 | 21:10:02,https://kaspi.kz/shop/p/apple-iphone-17-512gb-belyi-podarok-168156859/?c=750000000
167644610,Смартфон Apple iPhone Air 1Tb золотистый + подарок,Apple,1079788,SmartDuken,04.10.2026 | 21:10:02,https://kaspi.kz/shop/p/apple-iphone-air-1tb-zolotistyi-podarok-167644610/?c=750000000
168663486,Смартфон Apple iPhone 17 Pro 512Gb синий + подарок,Apple,1131254,MOBILS,04.10.2026 | 21:10:02,https://kaspi.kz/shop/p/apple-iphone-17-pro-512gb-sinii-podarok-168663486/?c=750000000
167238253,Смартфон Apple iPhone Air 256Gb голубой + подарок,Apple,678998,AG shop,04.10.2026 | 21:10:17,https://kaspi.kz/shop/p/apple-iphone-air-256gb-goluboi-podarok-167238253/?c=750000000
171675956,Смартфон Apple iPhone Air 12 ГБ/512 ГБ черный + подарок,Apple,831998,AG shop,04.10.2026 | 21:10:17,https://kaspi.kz/shop/p/apple-iphone-air-12-gb-512-gb-chernyi-podarok-171675956/?c=750000000
178957435,Apple iPhone 17 256Gb черный + подарок (Яндекс Плюс 36 месяцев),Apple,564900,Sirius,04.10.2026 | 21:10:17,https://kaspi.kz/shop/p/apple-iphone-17-256gb-chernyi-podarok-178957435/?c=750000000
168861066,Apple iPhone 17 Pro 1Tb серебристый + подарок,Apple,1147767,Мобитайм,04.10.2026 | 21:10:17,https://kaspi.kz/shop/p/apple-iphone-17-pro-1tb-serebristyi-podarok-168861066/?c=750000000
168036011,Смартфон Apple iPhone 17 Pro Max 512Gb синий + подарок,Apple,1199855,MOBILS,04.10.2026 | 21:10:17,https://kaspi.kz/shop/p/apple-iphone-17-pro-max-512gb-sinii-podarok-168036011/?c=750000000
169618661,Смартфон Apple iPhone 17 Pro Max 12/256GB Cosmic Orange Адаптер Apple 20W USB-C (MD3J4ZM/A) Чехол Apple для iPhone 17 Pro Max Clear Case with MagSafe MGFW4ZM/A,Apple,793460,Sulpаk,04.10.2026 | 21:10:17,https://kaspi.kz/shop/p/apple-iphone-17-pro-max-12-gb-256-gb-oranzhevyi-podarok-169618661/?c=750000000
167487454,Смартфон Apple iPhone 17 Pro Max 1Tb серебристый + подарок,Apple,1676020,MOBILS,04.10.2026 | 21:10:17,https://kaspi.kz/shop/p/apple-iphone-17-pro-max-1tb-serebristyi-podarok-167487454/?c=750000000
178948963,Apple iPhone 17 Pro 256 APPLE6_GIFT_A40W_EAR_YA24 CosmicOrange,Apple,793999,NOVAMART,04.10.2026 | 21:10:17,https://kaspi.kz/shop/p/apple-iphone-17-pro-256gb-oranzhevyi-podarok-178948963/?c=750000000
168156859,Смартфон Apple iPhone 17 512Gb белый + подарок,Apple,768000,UMMAH STORE,04.10.2026 | 21:10:17,https://kaspi.kz/shop/p/apple-iphone-17-512gb-belyi-podarok-168156859/?c=750000000
152032579,iPhone Air 512Gb черный + подарок,Apple,798990,Lynx,04.10.2026 | 21:10:17,https://kaspi.kz/shop/p/apple-iphone-air-512gb-chernyi-podarok-152032579/?c=750000000
178956171,,Apple,1750000,SmartDuken,04.10.2026 | 21:10:17,https://kaspi.kz/shop/p/apple-iphone-17-pro-max-2tb-oranzhevyi-podarok-178956171/?c=750000000
168035404,Apple iPhone 17 Pro 256 APPLE2_GIFT_A20W_PODS_SE3S DeepBlue,Apple,984098,NOVAMART,04.10.2026 | 21:10:17,https://kaspi.kz/shop/p/apple-iphone-17-pro-256gb-temno-sinii-podarok-168035404/?c=750000000
168156798,Смартфон Apple iPhone 17 512Gb зеленый + подарок,Apple,889000,UMMAH STORE 2,04.10.2026 | 21:10:26,https://kaspi.kz/shop/p/apple-iphone-17-512gb-zelenyi-podarok-168156798/?c=750000000
157461501,Смартфон Apple iPhone 17 Pro Max Dual eSim 1024Gb синий + подарок,Apple,1365986,AG shop,04.10.2026 | 21:10:26,https://kaspi.kz/shop/p/apple-iphone-17-pro-max-dual-esim-1024gb-sinii-podarok-157461501/?c=750000000
178947703,Apple iPhone 17 Pro Max 512 APPLE6_GIFT_A40W_EAR_YA24 CosmicOrange,Apple,998990,NOVAMART,04.10.2026 | 21:10:26,https://kaspi.kz/shop/p/apple-iphone-17-pro-max-512gb-oranzhevyi-podarok-178947703/?c=750000000
168642097,Смартфон Apple iPhone 17 Pro Max 1Tb оранжевый + подарок,Apple,1465539,AG shop,04.10.2026 | 21:10:26,https://kaspi.kz/shop/p/apple-iphone-17-pro-max-1tb-oranzhevyi-podarok-168642097/?c=750000000
168642086,Apple iPhone 17 Pro Max 1Tb синий + подарок,Apple,1352868,Мобитайм,04.10.2026 | 21:10:26,https://kaspi.kz/shop/p/apple-iphone-17-pro-max-1tb-sinii-podarok-168642086/?c=750000000
167237352,iPhone Air 512Gb золотистый + подарок,Apple,867990,Lynx,04.10.2026 | 21:10:26,https://kaspi.kz/shop/p/apple-iphone-air-512gb-zolotistyi-podarok-167237352/?c=750000000
167391176,Apple iPhone 17 Pro 1Tb оранжевый + подарок,Apple,1181342,Lynx,04.10.2026 | 21:10:26,https://kaspi.kz/shop/p/apple-iphone-17-pro-1tb-oranzhevyi-podarok-167391176/?c=750000000
168861062,Apple iPhone 17 Pro 1Tb APPLE2_GIFT_A20W_PPRO CosmicOrange,Apple,1173990,NOVAMART,04.10.2026 | 21:10:26,https://kaspi.kz/shop/p/apple-iphone-17-pro-1tb-oranzhevyi-podarok-168861062/?c=750000000
168036162,Смартфон Apple iPhone 17 Pro Max 2Tb серебристый + подарок,Apple,1820000,SmartDuken,04.10.2026 | 21:10:26,https://kaspi.kz/shop/p/apple-iphone-17-pro-max-2tb-serebristyi-podarok-168036162/?c=750000000
168035527,Смартфон Apple iPhone 17 Pro 256Gb серебристый + подарок,Apple,1008470,Гарышкер,04.10.2026 | 21:10:26,https://kaspi.kz/shop/p/apple-iphone-17-pro-256gb-serebristyi-podarok-168035527/?c=750000000
167237856,iPhone Air 512Gb белый + подарок,Apple,809990,Lynx,04.10.2026 | 21:10:26,https://kaspi.kz/shop/p/apple-iphone-air-512gb-belyi-podarok-167237856/?c=750000000
167487545,Смартфон Apple iPhone 17 Pro Max 1Tb серебристый + подарок,Apple,1375000,SmartDuken,04.10.2026 | 21:10:26,https://kaspi.kz/shop/p/apple-iphone-17-pro-max-1tb-serebristyi-podarok-167487545/?c=750000000
179010778,Apple iPhone Air 256 APPLE6_GIFT_A40W_EAR SpaceBlack,Apple,651990,NOVAMART,04.10.2026 | 21:10:36,https://kaspi.kz/shop/p/apple-iphone-air-256gb-chernyi-podarok-179010778/?c=750000000
152029427,Apple iPhone Air 256 APPLE_GIFT_YA24 LightGold,Apple,627990,NOVAMART,04.10.2026 | 21:10:36,https://kaspi.kz/shop/p/apple-iphone-air-256gb-zolotistyi-podarok-152029427/?c=750000000
168035198,Apple iPhone 17 Pro 512Gb оранжевый + подарок,Apple,1120000,UMMAH STORE,04.10.2026 | 21:10:36,https://kaspi.kz/shop/p/apple-iphone-17-pro-512gb-oranzhevyi-podarok-168035198/?c=750000000
178944385,Apple iPhone 17 Pro Max 512 APPLE6_GIFT_A40W CosmicOrange,Apple,972990,NOVAMART,04.10.2026 | 21:10:36,https://kaspi.kz/shop/p/apple-iphone-17-pro-max-512gb-oranzhevyi-podarok-178944385/?c=750000000
178947005,Apple iPhone 17 Pro Max 2Tb APPLE6_GIFT_A40W CosmicOrange,Apple,1389990,NOVAMART,04.10.2026 | 21:10:36,https://kaspi.kz/shop/p/apple-iphone-17-pro-max-2tb-oranzhevyi-podarok-178947005/?c=750000000
167643512,Apple iPhone Air 1Tb черный + подарок,Apple,1039880,Мобитайм,04.10.2026 | 21:10:36,https://kaspi.kz/shop/p/apple-iphone-air-1tb-chernyi-podarok-167643512/?c=750000000
167462130,Apple iPhone 17 Pro Max 2Tb APPLE1_GIFT_A20W_EAR_YA12 CosmicOrange,Apple,1400690,NOVAMART,04.10.2026 | 21:10:36,https://kaspi.kz/shop/p/apple-iphone-17-pro-max-2tb-oranzhevyi-podarok-167462130/?c=750000000
168663612,Смартфон Apple iPhone 17 Pro 512Gb оранжевый + подарок,Apple,973420,MOBILS,04.10.2026 | 21:10:36,https://kaspi.kz/shop/p/apple-iphone-17-pro-512gb-oranzhevyi-podarok-168663612/?c=750000000
154661130,Смартфон Apple iPhone 17 Dual eSim 256Gb черный + подарок,Apple,648999,SmartDuken,04.10.2026 | 21:10:36,https://kaspi.kz/shop/p/apple-iphone-17-dual-esim-256gb-chernyi-podarok-154661130/?c=750000000
157287066,Смартфон Apple iPhone 17 Pro 256Gb Dual eSim оранжевый + подарок,Apple,779000,UMMAH STORE,04.10.2026 | 21:10:36,https://kaspi.kz/shop/p/apple-iphone-17-pro-256gb-dual-esim-oranzhevyi-podarok-157287066/?c=750000000
152720379,Смартфон Apple iPhone 17 512Gb NanoSIM+eSIM голубой + подарок,Apple,795998,AG shop,04.10.2026 | 21:10:36,https://kaspi.kz/shop/p/apple-iphone-17-512gb-nanosim-esim-goluboi-podarok-152720379/?c=750000000
167728853,Смартфон Apple iPhone 17 512Gb голубой + подарок,Apple,994000,UMMAH STORE 2,04.10.2026 | 21:10:36,https://kaspi.kz/shop/p/apple-iphone-17-512gb-goluboi-podarok-167728853/?c=750000000
154660660,Смартфон Apple iPhone 17 256Gb NanoSIM+eSIM голубой + подарок,Apple,558944,MOBILS,04.10.2026 | 21:10:45,https://kaspi.kz/shop/p/apple-iphone-17-256gb-nanosim-esim-goluboi-podarok-154660660/?c=750000000
179009848,Apple iPhone Air 256 APPLE6_GIFT_A40W_EAR_YA24 SpaceBlack,Apple,663990,NOVAMART,04.10.2026 | 21:10:45,https://kaspi.kz/shop/p/apple-iphone-air-256gb-chernyi-podarok-179009848/?c=750000000
178941176,Apple iPhone 17 Pro 512 APPLE6_GIFT_A40W_EAR_YA24 Silver,Apple,932990,NOVAMART,04.10.2026 | 21:10:45,https://kaspi.kz/shop/p/apple-iphone-17-pro-512gb-serebristyi-podarok-178941176/?c=750000000
167238383,iPhone Air 1Tb голубой + подарок,Apple,978779,Lynx,04.10.2026 | 21:10:45,https://kaspi.kz/shop/p/apple-iphone-air-1tb-goluboi-podarok-167238383/?c=750000000
178946121,Apple iPhone 17 Pro Max 256 APPLE6_GIFT_A40W_EAR Silver,Apple,841990,NOVAMART,04.10.2026 | 21:10:45,https://kaspi.kz/shop/p/apple-iphone-17-pro-max-256-gb-serebristyi-podarok-178946121/?c=750000000
167487641,Смартфон Apple iPhone 17 Pro Max 1Tb оранжевый + подарок,Apple,1384850,MOBILS,04.10.2026 | 21:10:45,https://kaspi.kz/shop/p/apple-iphone-17-pro-max-1tb-oranzhevyi-podarok-167487641/?c=750000000
168641534,Смартфон Apple iPhone 17 Pro Max 512Gb серебристый + подарок,Apple,1030876,MOBILS,04.10.2026 | 21:10:45,https://kaspi.kz/shop/p/apple-iphone-17-pro-max-512gb-serebristyi-podarok-168641534/?c=750000000
178947005,Apple iPhone 17 Pro Max 2Tb APPLE6_GIFT_A40W CosmicOrange,Apple,1389990,NOVAMART,04.10.2026 | 21:10:45,https://kaspi.kz/shop/p/apple-iphone-17-pro-max-2tb-oranzhevyi-podarok-178947005/?c=750000000
167239612,Смартфон Apple iPhone 17 512Gb зеленый + подарок,Apple,890000,UMMAH STORE,04.10.2026 | 21:10:45,https://kaspi.kz/shop/p/apple-iphone-17-512gb-zelenyi-podarok-167239612/?c=750000000
167643468,Apple iPhone Air 256 APPLE2_GIFT_A20W_PODS_SE3S LightGold,Apple,876524,NOVAMART,04.10.2026 | 21:10:45,https://kaspi.kz/shop/p/apple-iphone-air-256gb-zolotistyi-podarok-167643468/?c=750000000
167238491,iPhone Air 1Tb черный + подарок,Apple,848990,Lynx,04.10.2026 | 21:10:45,https://kaspi.kz/shop/p/apple-iphone-air-1tb-chernyi-podarok-167238491/?c=750000000
170829039,Apple iPhone 17 256Gb зеленый + подарок,Apple,622290,Мобитайм,04.10.2026 | 21:10:45,https://kaspi.kz/shop/p/apple-iphone-17-256gb-zelenyi-podarok-170829039/?c=750000000
168156765,Смартфон Apple iPhone 17 512Gb голубой + подарок,Apple,854000,UMMAH STORE 2,04.10.2026 | 21:10:54,https://kaspi.kz/shop/p/apple-iphone-17-512gb-goluboi-podarok-168156765/?c=750000000
178955457,Смартфон Apple iPhone 17 Pro 256Tb темно-синий + подарок,Apple,898000,UMMAH STORE,04.10.2026 | 21:10:54,https://kaspi.kz/shop/p/apple-iphone-17-pro-256tb-temno-sinii-podarok-178955457/?c=750000000
167452592,Смартфон Apple iPhone 17 Pro Max 512Gb темно-синий + подарок,Apple,1051892,MOBILS,04.10.2026 | 21:10:54,https://kaspi.kz/shop/p/apple-iphone-17-pro-max-512gb-temno-sinii-podarok-167452592/?c=750000000
167231022,Смартфон Apple iPhone 17 8 ГБ/512 ГБ голубой + подарок,Apple,838000,AG shop,04.10.2026 | 21:10:54,https://kaspi.kz/shop/p/apple-iphone-17-8-gb-512-gb-goluboi-podarok-167231022/?c=750000000
167644531,Apple iPhone Air 1Tb черный + подарок,Apple,1013270,Мобитайм,04.10.2026 | 21:10:54,https://kaspi.kz/shop/p/apple-iphone-air-1tb-chernyi-podarok-167644531/?c=750000000
178944492,Смартфон Apple iPhone 17 Pro 256Gb оранжевый + подарок,Apple,879000,UMMAH STORE,04.10.2026 | 21:10:54,https://kaspi.kz/shop/p/apple-iphone-17-pro-256gb-oranzhevyi-podarok-178944492/?c=750000000
171515053,Apple iPhone 17 Pro 256 APPLE5_GIFT_A35WD_YA36 Silver,Apple,808990,NOVAMART,04.10.2026 | 21:10:54,https://kaspi.kz/shop/p/apple-iphone-17-pro-256-gb-serebristyi-podarok-171515053/?c=750000000
167391276,Смартфон Apple iPhone 17 Pro 1Tb темно-синий + подарок,Apple,1257777,CN-MARKET,04.10.2026 | 21:10:54,https://kaspi.kz/shop/p/apple-iphone-17-pro-1tb-temno-sinii-podarok-167391276/?c=750000000
178956130,Apple iPhone 17 Pro Max 256 APPLE6_GIFT_A40W CosmicOrange,Apple,825999,NOVAMART,04.10.2026 | 21:10:54,https://kaspi.kz/shop/p/apple-iphone-17-pro-max-256gb-oranzhevyi-podarok-178956130/?c=750000000
168036073,Смартфон Apple iPhone 17 Pro Max 512Gb синий + подарок,Apple,1424999,SmartDuken,04.10.2026 | 21:10:54,https://kaspi.kz/shop/p/apple-iphone-17-pro-max-512gb-sinii-podarok-168036073/?c=750000000
179007486,Apple iPhone Air 256 APPLE6_GIFT_A40W LightGold,Apple,637990,NOVAMART,04.10.2026 | 21:10:54,https://kaspi.kz/shop/p/apple-iphone-air-256gb-zolotistyi-podarok-179007486/?c=750000000
168036319,Смартфон Apple iPhone 17 Pro Max 2Tb оранжевый + подарок,Apple,1820000,SmartDuken,04.10.2026 | 21:10:54,https://kaspi.kz/shop/p/apple-iphone-17-pro-max-2tb-oranzhevyi-podarok-168036319/?c=750000000
168664360,Смартфон Apple iPhone 17 Pro 512Gb синий + подарок,Apple,1069421,Aslan Tel,04.10.2026 | 21:11:06,https://kaspi.kz/shop/p/apple-iphone-17-pro-512gb-sinii-podarok-168664360/?c=750000000
167238609,iPhone Air 1Tb белый + подарок,Apple,859890,Lynx,04.10.2026 | 21:11:06,https://kaspi.kz/shop/p/apple-iphone-air-1tb-belyi-podarok-167238609/?c=750000000
178945339,Apple iPhone 17 Pro 256 APPLE6_GIFT_A40W_EAR_YA24 Silver,Apple,794990,NOVAMART,04.10.2026 | 21:11:06,https://kaspi.kz/shop/p/apple-iphone-17-pro-256gb-serebristyi-podarok-178945339/?c=750000000
170829265,Apple iPhone 17 256Gb фиолетовый + подарок,Apple,623461,Mobile_Shop,04.10.2026 | 21:11:06,https://kaspi.kz/shop/p/apple-iphone-17-256gb-fioletovyi-podarok-170829265/?c=750000000
167238509,Смартфон Apple iPhone Air 1Tb голубой + подарок,Apple,878000,UMMAH STORE,04.10.2026 | 21:11:06,https://kaspi.kz/shop/p/apple-iphone-air-1tb-goluboi-podarok-167238509/?c=750000000
152008690,Смартфон Apple iPhone 17 512Gb Dual eSim фиолетовый + подарок,Apple,768000,UMMAH STORE,04.10.2026 | 21:11:07,https://kaspi.kz/shop/p/apple-iphone-17-512gb-dual-esim-fioletovyi-podarok-152008690/?c=750000000
167231042,Смартфон Apple iPhone 17 8 ГБ/512 ГБ фиолетовый + подарок,Apple,789000,UMMAH STORE,04.10.2026 | 21:11:07,https://kaspi.kz/shop/p/apple-iphone-17-8-gb-512-gb-fioletovyi-podarok-167231042/?c=750000000
168035185,Смартфон Apple iPhone 17 Pro 512Gb темно-синий + подарок,Apple,1318470,Aslan Tel,04.10.2026 | 21:11:07,https://kaspi.kz/shop/p/apple-iphone-17-pro-512gb-temno-sinii-podarok-168035185/?c=750000000
168159128,Apple iPhone Air 1Tb черный + подарок,Apple,870150,Мобитайм,04.10.2026 | 21:11:07,https://kaspi.kz/shop/p/apple-iphone-air-1tb-chernyi-podarok-168159128/?c=750000000
178946610,Apple iPhone 17 Pro Max 2Tb APPLE6_GIFT_A40W_EAR_YA24 CosmicOrange,Apple,1415990,NOVAMART,04.10.2026 | 21:11:07,https://kaspi.kz/shop/p/apple-iphone-17-pro-max-2tb-oranzhevyi-podarok-178946610/?c=750000000
168641870,Смартфон Apple iPhone 17 Pro Max 256Gb оранжевый + подарок,Apple,964111,BIG SHOP KZ,04.10.2026 | 21:11:07,https://kaspi.kz/shop/p/apple-iphone-17-pro-max-256gb-oranzhevyi-podarok-168641870/?c=750000000
168156810,Смартфон Apple iPhone 17 512Gb фиолетовый + подарок,Apple,769000,UMMAH STORE,04.10.2026 | 21:11:07,https://kaspi.kz/shop/p/apple-iphone-17-512gb-fioletovyi-podarok-168156810/?c=750000000
167238609,iPhone Air 1Tb белый + подарок,Apple,859890,Lynx,04.10.2026 | 21:11:16,https://kaspi.kz/shop/p/apple-iphone-air-1tb-belyi-podarok-167238609/?c=750000000
152032508,iPhone Air 512Gb золотистый + подарок,Apple,798990,Lynx,04.10.2026 | 21:11:16,https://kaspi.kz/shop/p/apple-iphone-air-512gb-zolotistyi-podarok-152032508/?c=750000000
168664835,Apple iPhone 17 Pro 256 APPLE2_GIFT_A20W_PPRO Silver,Apple,920468,NOVAMART,04.10.2026 | 21:11:16,https://kaspi.kz/shop/p/apple-iphone-17-pro-256gb-serebristyi-podarok-168664835/?c=750000000
170829183,Apple iPhone 17 256Gb зеленый + подарок,Apple,631085,Mobile_Shop,04.10.2026 | 21:11:16,https://kaspi.kz/shop/p/apple-iphone-17-256gb-zelenyi-podarok-170829183/?c=750000000
167729207,Apple iPhone 17 256Gb зеленый + подарок,Apple,989990,Мобитайм,04.10.2026 | 21:11:16,https://kaspi.kz/shop/p/apple-iphone-17-256gb-zelenyi-podarok-167729207/?c=750000000
168665105,Apple iPhone 17 Pro 256Gb синий + подарок,Apple,918979,Lynx,04.10.2026 | 21:11:16,https://kaspi.kz/shop/p/apple-iphone-17-pro-256gb-sinii-podarok-168665105/?c=750000000
171515161,Apple iPhone 17 Pro 256 APPLE5_GIFT_A35WD_YA36 DeepBlue,Apple,808990,NOVAMART,04.10.2026 | 21:11:16,https://kaspi.kz/shop/p/apple-iphone-17-pro-256-gb-temno-sinii-podarok-171515161/?c=750000000
152006139,Смартфон Apple iPhone 17 512Gb Dual eSim белый + подарок,Apple,790000,UMMAH STORE,04.10.2026 | 21:11:16,https://kaspi.kz/shop/p/apple-iphone-17-512gb-dual-esim-belyi-podarok-152006139/?c=750000000
178948037,Apple iPhone 17 Pro Max 512 APPLE6_GIFT_A40W_EAR CosmicOrange,Apple,985990,NOVAMART,04.10.2026 | 21:11:16,https://kaspi.kz/shop/p/apple-iphone-17-pro-max-512gb-oranzhevyi-podarok-178948037/?c=750000000
170829081,Apple iPhone 17 256Gb фиолетовый + подарок,Apple,649980,Мобитайм,04.10.2026 | 21:11:16,https://kaspi.kz/shop/p/apple-iphone-17-256gb-fioletovyi-podarok-170829081/?c=750000000
178957507,Apple iPhone 17 256Gb зеленый + подарок (Яндекс Плюс 36 месяцев),Apple,564900,Sirius,04.10.2026 | 21:11:16,https://kaspi.kz/shop/p/apple-iphone-17-256gb-zelenyi-podarok-178957507/?c=750000000
179005198,Apple iPhone 17 256Gb черный +подарок(Apple EarPods USB-C+Apple Power Adapter 20W+Яндекс 24 месяца),Apple,587900,Sirius,04.10.2026 | 21:11:16,https://kaspi.kz/shop/p/apple-iphone-17-256gb-chernyi-podarok-179005198/?c=750000000
167644142,Apple iPhone Air 256Gb золотистый + подарок,Apple,999677,Мобитайм,04.10.2026 | 21:11:24,https://kaspi.kz/shop/p/apple-iphone-air-256gb-zolotistyi-podarok-167644142/?c=750000000
157461601,Смартфон Apple iPhone 17 Pro Max Dual eSim 1024Gb серебристый + подарок,Apple,1099988,AG shop,04.10.2026 | 21:11:24,https://kaspi.kz/shop/p/apple-iphone-17-pro-max-dual-esim-1024gb-serebristyi-podarok-157461601/?c=750000000
167461347,Apple iPhone 17 Pro Max 2Tb APPLE1_GIFT_A20W_EAR_YA12 DeepBlue,Apple,1337990,NOVAMART,04.10.2026 | 21:11:24,https://kaspi.kz/shop/p/apple-iphone-17-pro-max-2tb-temno-sinii-podarok-167461347/?c=750000000
168036562,Смартфон Apple iPhone 17 Pro Max 256Gb синий + подарок,Apple,1053192,AG shop,04.10.2026 | 21:11:24,https://kaspi.kz/shop/p/apple-iphone-17-pro-max-256gb-sinii-podarok-168036562/?c=750000000
170828858,Смартфон Apple iPhone 17 256Gb белый + подарок,Apple,601000,UMMAH STORE 2,04.10.2026 | 21:11:24,https://kaspi.kz/shop/p/apple-iphone-17-256gb-belyi-podarok-170828858/?c=750000000
172964857,Смартфон Apple iPhone 17e 512Gb белый,Apple,580000,Tech.kz,04.10.2026 | 21:11:24,https://kaspi.kz/shop/p/apple-iphone-17e-512gb-belyi-172964857/?c=750000000
167643412,Apple iPhone Air 256Gb голубой + подарок,Apple,959990,Мобитайм,04.10.2026 | 21:11:24,https://kaspi.kz/shop/p/apple-iphone-air-256gb-goluboi-podarok-167643412/?c=750000000
167389846,Смартфон Apple iPhone 17 Pro 512Gb темно-синий + подарок,Apple,1316999,SmartDuken,04.10.2026 | 21:11:24,https://kaspi.kz/shop/p/apple-iphone-17-pro-512gb-temno-sinii-podarok-167389846/?c=750000000
168157724,iPhone Air 512Gb черный + подарок,Apple,883333,Lynx,04.10.2026 | 21:11:24,https://kaspi.kz/shop/p/apple-iphone-air-512gb-chernyi-podarok-168157724/?c=750000000
152005585,Смартфон Apple iPhone 17 Pro 512Gb Dual eSim серебристый + подарок,Apple,876938,MOBILS,04.10.2026 | 21:11:24,https://kaspi.kz/shop/p/apple-iphone-17-pro-512gb-dual-esim-serebristyi-podarok-152005585/?c=750000000
157279163,Смартфон Apple iPhone 17 Pro Max 512Gb Dual eSim синий + подарок,Apple,831900,UMMAH STORE 2,04.10.2026 | 21:11:24,https://kaspi.kz/shop/p/apple-iphone-17-pro-max-512gb-dual-esim-sinii-podarok-157279163/?c=750000000
168664510,Смартфон Apple iPhone 17 Pro 512Gb серебристый + подарок,Apple,895396,Aslan Tel,04.10.2026 | 21:11:24,https://kaspi.kz/shop/p/apple-iphone-17-pro-512gb-serebristyi-podarok-168664510/?c=750000000
152009221,Смартфон Apple iPhone 17 512Gb Dual eSim черный + подарок,Apple,787995,AG shop,04.10.2026 | 21:11:38,https://kaspi.kz/shop/p/apple-iphone-17-512gb-dual-esim-chernyi-podarok-152009221/?c=750000000
167457411,Apple iPhone 17 Pro Max 2Tb APPLE1_GIFT_A20W_PODS_YA12 DeepBlue,Apple,1406990,NOVAMART,04.10.2026 | 21:11:38,https://kaspi.kz/shop/p/apple-iphone-17-pro-max-2tb-temno-sinii-podarok-167457411/?c=750000000
178946636,Apple iPhone 17 Pro Max 2Tb APPLE6_GIFT_A40W_EAR Silver,Apple,1402990,NOVAMART,04.10.2026 | 21:11:38,https://kaspi.kz/shop/p/apple-iphone-17-pro-max-2tb-serebristyi-podarok-178946636/?c=750000000
152721239,Смартфон Apple iPhone 17 Pro 1024Gb NanoSIM+eSIM серебристый + подарок,Apple,1151136,AG shop,04.10.2026 | 21:11:38,https://kaspi.kz/shop/p/apple-iphone-17-pro-1024gb-nanosim-esim-serebristyi-podarok-152721239/?c=750000000
167451628,Смартфон Apple iPhone 17 Pro Max 512Gb серебристый + подарок,Apple,1481991,MOBILS,04.10.2026 | 21:11:38,https://kaspi.kz/shop/p/apple-iphone-17-pro-max-512gb-serebristyi-podarok-167451628/?c=750000000
168642172,Смартфон Apple iPhone 17 Pro Max 1Tb серебристый + подарок,Apple,1324011,MOBILS,04.10.2026 | 21:11:38,https://kaspi.kz/shop/p/apple-iphone-17-pro-max-1tb-serebristyi-podarok-168642172/?c=750000000
168158829,iPhone Air 1Tb золотистый + подарок,Apple,958890,Lynx,04.10.2026 | 21:11:38,https://kaspi.kz/shop/p/apple-iphone-air-1tb-zolotistyi-podarok-168158829/?c=750000000
167238468,iPhone Air 1Tb белый + подарок,Apple,948990,Lynx,04.10.2026 | 21:11:38,https://kaspi.kz/shop/p/apple-iphone-air-1tb-belyi-podarok-167238468/?c=750000000
168860592,Apple iPhone 17 Pro 1Tb серебристый + подарок,Apple,1173000,UMMAH STORE,04.10.2026 | 21:11:38,https://kaspi.kz/shop/p/apple-iphone-17-pro-1tb-serebristyi-podarok-168860592/?c=750000000
169699740,Смартфон Apple iPhone 17 Pro Max 12/256GB Deep Blue Чехол Apple для iPhone 17 Pro Max Silicone Case with MagSafe – Black MGFR4ZM/A,Apple,759980,Sulpаk,04.10.2026 | 21:11:38,https://kaspi.kz/shop/p/apple-iphone-17-pro-max-12-gb-256-gb-temno-sinii-podarok-169699740/?c=750000000
168664510,Смартфон Apple iPhone 17 Pro 512Gb серебристый + подарок,Apple,895396,Aslan Tel,04.10.2026 | 21:11:38,https://kaspi.kz/shop/p/apple-iphone-17-pro-512gb-serebristyi-podarok-168664510/?c=750000000
179005560,Apple iPhone 17 256Gb белый +подарок(Apple EarPods USB-C+Apple Power Adapter 20W+Яндекс 24 месяца),Apple,587900,Sirius,04.10.2026 | 21:11:38,https://kaspi.kz/shop/p/apple-iphone-17-256gb-belyi-podarok-179005560/?c=750000000
171515971,Смартфон Apple iPhone 16 8 ГБ/128 ГБ черный + подарок,Apple,565889,MOBILS,04.10.2026 | 21:11:47,https://kaspi.kz/shop/p/apple-iphone-16-8-gb-128-gb-chernyi-podarok-171515971/?c=750000000
171516431,Смартфон Apple iPhone 16 8 ГБ/128 ГБ черный + подарок,Apple,536880,MOBILS,04.10.2026 | 21:11:47,https://kaspi.kz/shop/p/apple-iphone-16-8-gb-128-gb-chernyi-podarok-171516431/?c=750000000
178955473,Смартфон Apple iPhone 17 Pro 256Gb оранжевый + подарок,Apple,859000,UMMAH STORE,04.10.2026 | 21:11:47,https://kaspi.kz/shop/p/apple-iphone-17-pro-256gb-oranzhevyi-podarok-178955473/?c=750000000
171514508,Смартфон Apple iPhone 17 256 GB фиолетовый + подарок,Apple,667999,SmartDuken,04.10.2026 | 21:11:47,https://kaspi.kz/shop/p/apple-iphone-17-256-gb-fioletovyi-podarok-171514508/?c=750000000
168155040,Apple iPhone 16 128 APPLE2_GIFT_A20W_PODS Pink,Apple,596550,NOVAMART,04.10.2026 | 21:11:47,https://kaspi.kz/shop/p/apple-iphone-16-128gb-rozovyi-podarok-168155040/?c=750000000
157458415,Apple iPhone 16 128Gb черный + подарок (Яндекс Плюс 12 месяцев),Apple,464900,Sirius,04.10.2026 | 21:11:47,https://kaspi.kz/shop/p/apple-iphone-16-128gb-nanosim-esim-chernyi-podarok-157458415/?c=750000000
168641377,Смартфон Apple iPhone 17 Pro Max 512Gb серебристый + подарок,Apple,1270296,MOBILS,04.10.2026 | 21:11:47,https://kaspi.kz/shop/p/apple-iphone-17-pro-max-512gb-serebristyi-podarok-168641377/?c=750000000
113138053,Apple iPhone 15 Plus 256Gb NanoSIM+eSIM розовый,Apple,574016,Мобитайм,04.10.2026 | 21:11:47,https://kaspi.kz/shop/p/apple-iphone-15-plus-256gb-nanosim-esim-rozovyi-113138053/?c=750000000
113589035,Смартфон Apple iPhone 15 Pro 1Tb Dual Sim черный,Apple,699998,iStore KZ,04.10.2026 | 21:11:47,https://kaspi.kz/shop/p/apple-iphone-15-pro-1tb-dual-sim-chernyi-113589035/?c=750000000
147262171,Apple iPhone 16 128Gb черный + подарок (Яндекс Плюс 24 месяца),Apple,469900,Sirius,04.10.2026 | 21:11:47,https://kaspi.kz/shop/p/apple-iphone-16-128gb-nanosim-esim-chernyi-podarok-147262171/?c=750000000
178948227,Apple iPhone 17 Pro 512 APPLE6_GIFT_A40W_EAR Silver,Apple,920990,NOVAMART,04.10.2026 | 21:11:47,https://kaspi.kz/shop/p/apple-iphone-17-pro-512gb-serebristyi-podarok-178948227/?c=750000000
168158327,Смартфон Apple iPhone Air 256Gb голубой + подарок,Apple,604979,SmartDuken,04.10.2026 | 21:11:47,https://kaspi.kz/shop/p/apple-iphone-air-256gb-goluboi-podarok-168158327/?c=750000000
167239298,Смартфон Apple iPhone 15 256Gb черный + подарок,Apple,558926,MOBILS,04.10.2026 | 21:11:56,https://kaspi.kz/shop/p/apple-iphone-15-256gb-chernyi-podarok-167239298/?c=750000000
157458212,Смартфон Apple iPhone 16 128Gb NanoSIM+eSIM белый + подарок,Apple,539299,SmartDuken,04.10.2026 | 21:11:56,https://kaspi.kz/shop/p/apple-iphone-16-128gb-nanosim-esim-belyi-podarok-157458212/?c=750000000
143568155,Apple iPhone 16 Pro Max 256Gb NanoSIM+eSIM черный + подарок,Apple,930000,Мобитайм,04.10.2026 | 21:11:56,https://kaspi.kz/shop/p/apple-iphone-16-pro-max-256gb-nanosim-esim-chernyi-podarok-143568155/?c=750000000
135186258,Смартфон Apple iPhone 16e 512Gb NanoSIM+eSIM белый,Apple,451595,ASR Market,04.10.2026 | 21:11:56,https://kaspi.kz/shop/p/apple-iphone-16e-512gb-nanosim-esim-belyi-135186258/?c=750000000
147261973,Apple iPhone 15 256 APPLE_GIFT_YA24 Black,Apple,539699,NOVAMART,04.10.2026 | 21:11:56,https://kaspi.kz/shop/p/apple-iphone-15-256gb-nanosim-esim-chernyi-podarok-147261973/?c=750000000
113138335,Apple iPhone 15 Pro 512Gb NanoSIM+eSIM синий,Apple,825387,Мобитайм,04.10.2026 | 21:11:56,https://kaspi.kz/shop/p/apple-iphone-15-pro-512gb-nanosim-esim-sinii-113138335/?c=750000000
177319261,Смартфон Apple iPhone 18 Pro Max 2Tb NanoSIM+eSIM черный,Apple,2000000,SMART ELECTRONICS,04.10.2026 | 21:11:56,https://kaspi.kz/shop/p/apple-iphone-18-pro-max-2tb-nanosim-esim-chernyi-177319261/?c=750000000
143578203,Смартфон Apple iPhone 15 128Gb NanoSIM+eSIM желтый + подарок,Apple,545000,Rose mobile,04.10.2026 | 21:11:56,https://kaspi.kz/shop/p/apple-iphone-15-128gb-nanosim-esim-zheltyi-podarok-143578203/?c=750000000
131015677,Смартфон Apple iPhone 16 Pro Max 256Gb Dual Sim белый,Apple,699995,PhoneKZ,04.10.2026 | 21:11:56,https://kaspi.kz/shop/p/apple-iphone-16-pro-max-256gb-dual-sim-belyi-131015677/?c=750000000
149071353,Смартфон Apple iPhone 16 128Gb NanoSIM+eSIM розовый + подарок,Apple,548000,UMMAH STORE,04.10.2026 | 21:11:56,https://kaspi.kz/shop/p/apple-iphone-16-128gb-nanosim-esim-rozovyi-podarok-149071353/?c=750000000
140897845,Смартфон Apple iPhone 16 Pro 256Gb Dual Sim белый,Apple,719999,OZEN,04.10.2026 | 21:11:56,https://kaspi.kz/shop/p/apple-iphone-16-pro-256gb-dual-sim-belyi-140897845/?c=750000000
171584280,Смартфон Apple iPhone 15 6 ГБ/128 ГБ черный + подарок,Apple,502000,UMMAH STORE,04.10.2026 | 21:11:56,https://kaspi.kz/shop/p/apple-iphone-15-6-gb-128-gb-chernyi-podarok-171584280/?c=750000000
171578811,Apple iPhone 15 256 APPLE5_GIFT_A35WD_YA36 Black,Apple,590990,NOVAMART,04.10.2026 | 21:12:11,https://kaspi.kz/shop/p/apple-iphone-15-6-gb-256-gb-chernyi-podarok-171578811/?c=750000000
171516303,Смартфон Apple iPhone 16 8 ГБ/128 ГБ белый + подарок,Apple,589000,UMMAH STORE,04.10.2026 | 21:12:11,https://kaspi.kz/shop/p/apple-iphone-16-8-gb-128-gb-belyi-podarok-171516303/?c=750000000
157459696,Смартфон Apple iPhone 15 256Gb NanoSIM+eSIM голубой + подарок,Apple,550000,SmartDuken,04.10.2026 | 21:12:11,https://kaspi.kz/shop/p/apple-iphone-15-256gb-nanosim-esim-goluboi-podarok-157459696/?c=750000000
121693378,Apple iPhone 15 128Gb Dual eSim зеленый,Apple,600000,Mobile_Shop,04.10.2026 | 21:12:11,https://kaspi.kz/shop/p/apple-iphone-15-128gb-dual-esim-zelenyi-121693378/?c=750000000
171578736,Смартфон Apple iPhone 15 6 ГБ/256 ГБ голубой + подарок,Apple,591000,UMMAH STORE,04.10.2026 | 21:12:11,https://kaspi.kz/shop/p/apple-iphone-15-6-gb-256-gb-goluboi-podarok-171578736/?c=750000000
123745316,Apple iPhone 16 Plus 128Gb NanoSIM+eSIM белый,Apple,546817,Lynx,04.10.2026 | 21:12:11,https://kaspi.kz/shop/p/apple-iphone-16-plus-128gb-nanosim-esim-belyi-123745316/?c=750000000
134238610,Смартфон Apple iPhone 13 128Gb NanoSIM+eSIM черный + подарок,Apple,430900,UMMAH STORE 2,04.10.2026 | 21:12:11,https://kaspi.kz/shop/p/apple-iphone-13-128gb-nanosim-esim-chernyi-podarok-134238610/?c=750000000
171515760,Смартфон Apple iPhone 16 8 ГБ/128 ГБ белый + подарок,Apple,589000,UMMAH STORE,04.10.2026 | 21:12:11,https://kaspi.kz/shop/p/apple-iphone-16-8-gb-128-gb-belyi-podarok-171515760/?c=750000000
171515838,Apple iPhone 16 128 APPLE5_GIFT_A35WD_YA36 Pink,Apple,565999,NOVAMART,04.10.2026 | 21:12:11,https://kaspi.kz/shop/p/apple-iphone-16-8-gb-128-gb-rozovyi-podarok-171515838/?c=750000000
107734353,Apple iPhone 14 256Gb Dual Sim голубой,Apple,529990,Mobile_Shop,04.10.2026 | 21:12:11,https://kaspi.kz/shop/p/apple-iphone-14-256gb-dual-sim-goluboi-107734353/?c=750000000
124338734,Apple iPhone 16 Plus 256Gb Dual eSim синий,Apple,589000,UMMAH STORE,04.10.2026 | 21:12:11,https://kaspi.kz/shop/p/apple-iphone-16-plus-256gb-dual-esim-sinii-124338734/?c=750000000
171578937,Смартфон Apple iPhone 15 6 ГБ/256 ГБ голубой + подарок,Apple,561000,UMMAH STORE,04.10.2026 | 21:12:11,https://kaspi.kz/shop/p/apple-iphone-15-6-gb-256-gb-goluboi-podarok-171578937/?c=750000000
177772480,Смартфон Apple iPhone 18 Pro Max 256Gb dual eSIM голубой,Apple,1150000,SMART ELECTRONICS,04.10.2026 | 21:12:20,https://kaspi.kz/shop/p/apple-iphone-18-pro-max-256gb-dual-esim-goluboi-177772480/?c=750000000
167281112,Смартфон Apple iPhone 16 256Gb черный + подарок,Apple,687000,UMMAH STORE 2,04.10.2026 | 21:12:20,https://kaspi.kz/shop/p/apple-iphone-16-256gb-chernyi-podarok-167281112/?c=750000000
113138454,Apple iPhone 15 Pro Max 1Tb NanoSIM+eSIM синий,Apple,897900,KHAN MOBILE,04.10.2026 | 21:12:20,https://kaspi.kz/shop/p/apple-iphone-15-pro-max-1tb-nanosim-esim-sinii-113138454/?c=750000000
122085248,Смартфон Apple iPhone 14 Pro 512Gb Dual eSim фиолетовый,Apple,890000,1Bay,04.10.2026 | 21:12:20,https://kaspi.kz/shop/p/apple-iphone-14-pro-512gb-dual-esim-fioletovyi-122085248/?c=750000000
168155172,Смартфон Apple iPhone 16 128Gb синий + подарок,Apple,556580,Rose mobile,04.10.2026 | 21:12:20,https://kaspi.kz/shop/p/apple-iphone-16-128gb-sinii-podarok-168155172/?c=750000000
177319424,Смартфон Apple iPhone 18 Pro Max 1Tb NanoSIM+eSIM серебристый,Apple,1700000,SMART ELECTRONICS,04.10.2026 | 21:12:20,https://kaspi.kz/shop/p/apple-iphone-18-pro-max-1tb-nanosim-esim-serebristyi-177319424/?c=750000000
114790815,Смартфон Apple iPhone 15 Pro 512Gb Dual Sim белый,Apple,679998,iStore KZ,04.10.2026 | 21:12:20,https://kaspi.kz/shop/p/apple-iphone-15-pro-512gb-dual-sim-belyi-114790815/?c=750000000
152720101,Смартфон Apple iPhone 16 Plus 128Gb NanoSIM+eSIM черный + подарок,Apple,619999,AG shop,04.10.2026 | 21:12:20,https://kaspi.kz/shop/p/apple-iphone-16-plus-128gb-nanosim-esim-chernyi-podarok-152720101/?c=750000000
149071242,Смартфон Apple iPhone 16 128Gb NanoSIM+eSIM зеленый + подарок,Apple,511000,UMMAH STORE 2,04.10.2026 | 21:12:20,https://kaspi.kz/shop/p/apple-iphone-16-128gb-nanosim-esim-zelenyi-podarok-149071242/?c=750000000
177319233,Смартфон Apple iPhone 18 Pro Max 1Tb NanoSIM+eSIM черный,Apple,1700000,SMART ELECTRONICS,04.10.2026 | 21:12:20,https://kaspi.kz/shop/p/apple-iphone-18-pro-max-1tb-nanosim-esim-chernyi-177319233/?c=750000000
167733530,Смартфон Apple iPhone 16 128Gb белый + подарок,Apple,752520,MOBILS,04.10.2026 | 21:12:20,https://kaspi.kz/shop/p/apple-iphone-16-128gb-belyi-podarok-167733530/?c=750000000
121694515,,Apple,718000,ZAKSTOR,04.10.2026 | 21:12:20,https://kaspi.kz/shop/p/apple-iphone-15-plus-256gb-dual-esim-rozovyi-121694515/?c=750000000
171516423,Apple iPhone 16 128 APPLE5_GIFT_A20W_YA36 Pink,Apple,535999,NOVAMART,04.10.2026 | 21:12:29,https://kaspi.kz/shop/p/apple-iphone-16-8-gb-128-gb-rozovyi-podarok-171516423/?c=750000000
168156202,Смартфон Apple iPhone 15 128Gb черный + подарок,Apple,563998,Amir.ON,04.10.2026 | 21:12:29,https://kaspi.kz/shop/p/apple-iphone-15-128gb-chernyi-podarok-168156202/?c=750000000
168155024,Apple iPhone 16 128 APPLE2_GIFT_A20W_PODS Teal,Apple,597878,NOVAMART,04.10.2026 | 21:12:29,https://kaspi.kz/shop/p/apple-iphone-16-128gb-birjuzovyi-podarok-168155024/?c=750000000
124338670,Apple iPhone 16 Plus 128Gb Dual eSim розовый,Apple,579989,ZAKSTOR,04.10.2026 | 21:12:29,https://kaspi.kz/shop/p/apple-iphone-16-plus-128gb-dual-esim-rozovyi-124338670/?c=750000000
171516320,Смартфон Apple iPhone 16 8 ГБ/128 ГБ синий + подарок,Apple,569000,UMMAH STORE,04.10.2026 | 21:12:29,https://kaspi.kz/shop/p/apple-iphone-16-8-gb-128-gb-sinii-podarok-171516320/?c=750000000
147262321,Apple iPhone 16 128 APPLE_GIFT_YA24 Pink,Apple,497999,NOVAMART,04.10.2026 | 21:12:29,https://kaspi.kz/shop/p/apple-iphone-16-128gb-nanosim-esim-rozovyi-podarok-147262321/?c=750000000
122062756,Apple iPhone 14 512Gb Dual eSim голубой,Apple,534499,Mobile_Shop,04.10.2026 | 21:12:29,https://kaspi.kz/shop/p/apple-iphone-14-512gb-dual-esim-goluboi-122062756/?c=750000000
113138054,Смартфон Apple iPhone 15 Plus 512Gb NanoSIM+eSIM розовый,Apple,565590,AG shop,04.10.2026 | 21:12:29,https://kaspi.kz/shop/p/apple-iphone-15-plus-512gb-nanosim-esim-rozovyi-113138054/?c=750000000
107734101,Apple iPhone 14 128Gb Dual Sim голубой,Apple,432000,UMMAH STORE,04.10.2026 | 21:12:29,https://kaspi.kz/shop/p/apple-iphone-14-128gb-dual-sim-goluboi-107734101/?c=750000000
123776543,Apple iPhone 16 Plus 128Gb NanoSIM+eSIM зеленый,Apple,575870,Мобитайм,04.10.2026 | 21:12:29,https://kaspi.kz/shop/p/apple-iphone-16-plus-128gb-nanosim-esim-zelenyi-123776543/?c=750000000
121703281,Apple iPhone 15 Pro Max 512Gb Dual eSim белый,Apple,770000,Zest Store,04.10.2026 | 21:12:29,https://kaspi.kz/shop/p/apple-iphone-15-pro-max-512gb-dual-esim-belyi-121703281/?c=750000000
157460353,Смартфон Apple iPhone 15 256Gb NanoSIM+eSIM черный + подарок,Apple,533759,SmartDuken,04.10.2026 | 21:12:29,https://kaspi.kz/shop/p/apple-iphone-15-256gb-nanosim-esim-chernyi-podarok-157460353/?c=750000000
129269060,Смартфон Apple iPhone 16 Pro Max 1024Gb Dual Sim черный,Apple,899999,OZEN,04.10.2026 | 21:12:38,https://kaspi.kz/shop/p/apple-iphone-16-pro-max-1024gb-dual-sim-chernyi-129269060/?c=750000000
157458032,Apple iPhone 16 128 APPLE_GIFT_YA12 Teal,Apple,511990,NOVAMART,04.10.2026 | 21:12:38,https://kaspi.kz/shop/p/apple-iphone-16-128gb-nanosim-esim-zelenyi-podarok-157458032/?c=750000000
171515806,Apple iPhone 16 128 APPLE5_GIFT_A35WD_YA36 Teal,Apple,566990,NOVAMART,04.10.2026 | 21:12:38,https://kaspi.kz/shop/p/apple-iphone-16-8-gb-128-gb-zelenyi-podarok-171515806/?c=750000000
149070329,Смартфон Apple iPhone 16 256Gb NanoSIM+eSIM черный + подарок,Apple,638000,UMMAH STORE 2,04.10.2026 | 21:12:38,https://kaspi.kz/shop/p/apple-iphone-16-256gb-nanosim-esim-chernyi-podarok-149070329/?c=750000000
124338555,Apple iPhone 16 Pro Max 512Gb Dual eSim серебристый,Apple,897338,Tech.kz,04.10.2026 | 21:12:38,https://kaspi.kz/shop/p/apple-iphone-16-pro-max-512gb-dual-esim-serebristyi-124338555/?c=750000000
143568249,Apple iPhone 16 Pro Max 512Gb NanoSIM+eSIM золотистый + подарок,Apple,980002,"ТОО ""BI TRADE""",04.10.2026 | 21:12:38,https://kaspi.kz/shop/p/apple-iphone-16-pro-max-512gb-nanosim-esim-zolotistyi-podarok-143568249/?c=750000000
157457845,Apple iPhone 16 128 APPLE_GIFT_YA12 Pink,Apple,509999,NOVAMART,04.10.2026 | 21:12:38,https://kaspi.kz/shop/p/apple-iphone-16-128gb-nanosim-esim-rozovyi-podarok-157457845/?c=750000000
124338766,Apple iPhone 16 Plus 128Gb Dual eSim зеленый,Apple,616555,Mobile_Shop,04.10.2026 | 21:12:38,https://kaspi.kz/shop/p/apple-iphone-16-plus-128gb-dual-esim-zelenyi-124338766/?c=750000000
123889486,Смартфон Apple iPhone 16 Pro 512Gb NanoSIM+eSIM золотистый,Apple,877999,Pro Life,04.10.2026 | 21:12:38,https://kaspi.kz/shop/p/apple-iphone-16-pro-512gb-nanosim-esim-zolotistyi-123889486/?c=750000000
167728586,Apple iPhone 15 128Gb черный + подарок,Apple,713088,MEGAPHONE,04.10.2026 | 21:12:38,https://kaspi.kz/shop/p/apple-iphone-15-128gb-chernyi-podarok-167728586/?c=750000000
147262260,Apple iPhone 16 128Gb зеленый + подарок (Яндекс Плюс 24 месяца),Apple,469595,Sirius,04.10.2026 | 21:12:38,https://kaspi.kz/shop/p/apple-iphone-16-128gb-nanosim-esim-zelenyi-podarok-147262260/?c=750000000
113138293,Apple iPhone 15 Pro 512Gb NanoSIM+eSIM белый,Apple,817333,Мобитайм,04.10.2026 | 21:12:38,https://kaspi.kz/shop/p/apple-iphone-15-pro-512gb-nanosim-esim-belyi-113138293/?c=750000000
167728384,Смартфон Apple iPhone 15 256Gb черный + подарок,Apple,749889,SmartDuken,04.10.2026 | 21:12:47,https://kaspi.kz/shop/p/apple-iphone-15-256gb-chernyi-podarok-167728384/?c=750000000
147252727,Смартфон Apple iPhone 16 Plus 128Gb NanoSIM+eSIM черный + подарок,Apple,679999,AG shop,04.10.2026 | 21:12:47,https://kaspi.kz/shop/p/apple-iphone-16-plus-128gb-nanosim-esim-chernyi-podarok-147252727/?c=750000000
124338570,Apple iPhone 16 Pro Max 1Tb Dual eSim серебристый,Apple,1032486,Mobile_Shop,04.10.2026 | 21:12:47,https://kaspi.kz/shop/p/apple-iphone-16-pro-max-1tb-dual-esim-serebristyi-124338570/?c=750000000
124338719,Apple iPhone 16 Plus 128Gb Dual eSim синий,Apple,588999,ZAKSTOR,04.10.2026 | 21:12:47,https://kaspi.kz/shop/p/apple-iphone-16-plus-128gb-dual-esim-sinii-124338719/?c=750000000
171584278,Смартфон Apple iPhone 15 6 ГБ/128 ГБ голубой + подарок,Apple,522000,UMMAH STORE,04.10.2026 | 21:12:47,https://kaspi.kz/shop/p/apple-iphone-15-6-gb-128-gb-goluboi-podarok-171584278/?c=750000000
171584366,Смартфон Apple iPhone 15 6 ГБ/128 ГБ голубой + подарок,Apple,488982,MOBILS,04.10.2026 | 21:12:47,https://kaspi.kz/shop/p/apple-iphone-15-6-gb-128-gb-goluboi-podarok-171584366/?c=750000000
143711535,Apple iPhone 16 128Gb NanoSIM+eSIM розовый + подарок,Apple,536830,Мобитайм,04.10.2026 | 21:12:47,https://kaspi.kz/shop/p/apple-iphone-16-128gb-nanosim-esim-rozovyi-podarok-143711535/?c=750000000
122067481,Apple iPhone 14 Plus 512Gb Dual eSim черный,Apple,667777,CN-MARKET,04.10.2026 | 21:12:47,https://kaspi.kz/shop/p/apple-iphone-14-plus-512gb-dual-esim-chernyi-122067481/?c=750000000
149069765,Apple iPhone 16 128Gb NanoSIM+eSIM белый + подарок,Apple,575900,Galaxy Mobile,04.10.2026 | 21:12:47,https://kaspi.kz/shop/p/apple-iphone-16-128gb-nanosim-esim-belyi-podarok-149069765/?c=750000000
122061520,Смартфон Apple iPhone 14 128Gb Dual eSim сиреневый,Apple,446999,HanTech,04.10.2026 | 21:12:47,https://kaspi.kz/shop/p/apple-iphone-14-128gb-dual-esim-sirenevyi-122061520/?c=750000000
167728478,Смартфон Apple iPhone 15 128Gb синий + подарок,Apple,680000,SmartDuken,04.10.2026 | 21:12:47,https://kaspi.kz/shop/p/apple-iphone-15-128gb-sinii-podarok-167728478/?c=750000000
107734225,Apple iPhone 14 256Gb Dual Sim сиреневый,Apple,453000,UMMAH STORE,04.10.2026 | 21:12:47,https://kaspi.kz/shop/p/apple-iphone-14-256gb-dual-sim-sirenevyi-107734225/?c=750000000
107734439,Apple iPhone 14 128Gb Dual Sim сиреневый,Apple,528000,UMMAH STORE,04.10.2026 | 21:12:56,https://kaspi.kz/shop/p/apple-iphone-14-128gb-dual-sim-sirenevyi-107734439/?c=750000000
149069078,Смартфон Apple iPhone 16e 128Gb NanoSIM+eSIM белый + подарок,Apple,468000,UMMAH STORE,04.10.2026 | 21:12:56,https://kaspi.kz/shop/p/apple-iphone-16e-128gb-nanosim-esim-belyi-podarok-149069078/?c=750000000
106363188,Apple iPhone 14 256Gb NanoSIM+eSIM красный,Apple,485999,GadgetON,04.10.2026 | 21:12:56,https://kaspi.kz/shop/p/apple-iphone-14-256gb-nanosim-esim-krasnyi-106363188/?c=750000000
113138415,Смартфон Apple iPhone 15 Pro Max 1Tb NanoSIM+eSIM черный,Apple,990579,Joanna,04.10.2026 | 21:12:56,https://kaspi.kz/shop/p/apple-iphone-15-pro-max-1tb-nanosim-esim-chernyi-113138415/?c=750000000
167733756,Смартфон Apple iPhone 16 128Gb бирюзовый + подарок,Apple,786008,MOBILS,04.10.2026 | 21:12:56,https://kaspi.kz/shop/p/apple-iphone-16-128gb-birjuzovyi-podarok-167733756/?c=750000000
168155773,Apple iPhone 16 128 APPLE2_GIFT_A20W_EAR Teal,Apple,528455,NOVAMART,04.10.2026 | 21:12:56,https://kaspi.kz/shop/p/apple-iphone-16-128gb-birjuzovyi-podarok-168155773/?c=750000000
124338464,Apple iPhone 16 Pro Max 512Gb Dual eSim белый,Apple,1000000,Mobile_Shop,04.10.2026 | 21:12:56,https://kaspi.kz/shop/p/apple-iphone-16-pro-max-512gb-dual-esim-belyi-124338464/?c=750000000
134234127,Смартфон Apple iPhone 16 128Gb NanoSIM+eSIM фиолетовый + подарок,Apple,530000,UMMAH STORE,04.10.2026 | 21:12:56,https://kaspi.kz/shop/p/apple-iphone-16-128gb-nanosim-esim-fioletovyi-podarok-134234127/?c=750000000
147252456,Смартфон Apple iPhone 16 Plus 128Gb NanoSIM+eSIM фиолетовый + подарок,Apple,621000,UMMAH STORE,04.10.2026 | 21:12:56,https://kaspi.kz/shop/p/apple-iphone-16-plus-128gb-nanosim-esim-fioletovyi-podarok-147252456/?c=750000000
143568193,Apple iPhone 16 Pro Max 512Gb NanoSIM+eSIM черный + подарок,Apple,910001,"ТОО ""BI TRADE""",04.10.2026 | 21:12:56,https://kaspi.kz/shop/p/apple-iphone-16-pro-max-512gb-nanosim-esim-chernyi-podarok-143568193/?c=750000000
167281218,Смартфон Apple iPhone 16 128Gb черный + подарок,Apple,605911,MOBILS,04.10.2026 | 21:12:56,https://kaspi.kz/shop/p/apple-iphone-16-128gb-chernyi-podarok-167281218/?c=750000000
113138050,Смартфон Apple iPhone 15 Plus 256Gb NanoSIM+eSIM голубой,Apple,611278,AG shop,04.10.2026 | 21:12:56,https://kaspi.kz/shop/p/apple-iphone-15-plus-256gb-nanosim-esim-goluboi-113138050/?c=750000000
113137965,Apple iPhone 15 512Gb NanoSIM+eSIM желтый,Apple,577331,GOLDEN_KZ,04.10.2026 | 21:13:12,https://kaspi.kz/shop/p/apple-iphone-15-512gb-nanosim-esim-zheltyi-113137965/?c=750000000
149071952,Смартфон Apple iPhone 16 128Gb NanoSIM+eSIM черный + подарок,Apple,544000,UMMAH STORE 2,04.10.2026 | 21:13:12,https://kaspi.kz/shop/p/apple-iphone-16-128gb-nanosim-esim-chernyi-podarok-149071952/?c=750000000
114323222,Apple iPhone 15 128Gb Dual Sim зеленый,Apple,600000,Mobile_Shop,04.10.2026 | 21:13:12,https://kaspi.kz/shop/p/apple-iphone-15-128gb-dual-sim-zelenyi-114323222/?c=750000000
171578875,Смартфон Apple iPhone 15 6 ГБ/256 ГБ розовый + подарок,Apple,699999,AG shop,04.10.2026 | 21:13:12,https://kaspi.kz/shop/p/apple-iphone-15-6-gb-256-gb-rozovyi-podarok-171578875/?c=750000000
143581169,Смартфон Apple iPhone 16 Plus 128Gb NanoSIM+eSIM белый + подарок,Apple,659898,AG shop,04.10.2026 | 21:13:12,https://kaspi.kz/shop/p/apple-iphone-16-plus-128gb-nanosim-esim-belyi-podarok-143581169/?c=750000000
113587858,Apple iPhone 15 Pro Max 1Tb Dual Sim серый,Apple,949990,Mobile_Shop,04.10.2026 | 21:13:12,https://kaspi.kz/shop/p/apple-iphone-15-pro-max-1tb-dual-sim-seryi-113587858/?c=750000000
143568180,Apple iPhone 16 Pro Max 512Gb NanoSIM+eSIM серебристый + подарок,Apple,986890,Мобитайм,04.10.2026 | 21:13:12,https://kaspi.kz/shop/p/apple-iphone-16-pro-max-512gb-nanosim-esim-serebristyi-podarok-143568180/?c=750000000
121703430,Смартфон Apple iPhone 15 Pro Max 1Tb Dual eSim синий,Apple,749999,Apple-Plus,04.10.2026 | 21:13:12,https://kaspi.kz/shop/p/apple-iphone-15-pro-max-1tb-dual-esim-sinii-121703430/?c=750000000
124338778,Apple iPhone 16 Plus 256Gb Dual eSim зеленый,Apple,579990,Mobile_Shop,04.10.2026 | 21:13:12,https://kaspi.kz/shop/p/apple-iphone-16-plus-256gb-dual-esim-zelenyi-124338778/?c=750000000
113138052,Apple iPhone 15 Plus 128Gb NanoSIM+eSIM розовый,Apple,598999,GadgetON,04.10.2026 | 21:13:12,https://kaspi.kz/shop/p/apple-iphone-15-plus-128gb-nanosim-esim-rozovyi-113138052/?c=750000000
102298431,Apple iPhone 13 128Gb NanoSIM+eSIM красный,Apple,529990,Mobile_Shop,04.10.2026 | 21:13:12,https://kaspi.kz/shop/p/apple-iphone-13-128gb-nanosim-esim-krasnyi-102298431/?c=750000000
113589043,Смартфон Apple iPhone 15 Pro 512Gb Dual Sim черный,Apple,679993,OZEN,04.10.2026 | 21:13:12,https://kaspi.kz/shop/p/apple-iphone-15-pro-512gb-dual-sim-chernyi-113589043/?c=750000000
106363213,Apple iPhone 14 Plus 128Gb NanoSIM+eSIM красный,Apple,482904,Мобитайм,04.10.2026 | 21:13:21,https://kaspi.kz/shop/p/apple-iphone-14-plus-128gb-nanosim-esim-krasnyi-106363213/?c=750000000
128138599,Apple iPhone 16 Pro Max 1Tb Dual Sim золотистый,Apple,1099990,Mobile_Shop,04.10.2026 | 21:13:21,https://kaspi.kz/shop/p/apple-iphone-16-pro-max-1tb-dual-sim-zolotistyi-128138599/?c=750000000
121701907,Apple iPhone 15 Pro 128Gb Dual eSim серый,Apple,690000,UMMAH STORE,04.10.2026 | 21:13:21,https://kaspi.kz/shop/p/apple-iphone-15-pro-128gb-dual-esim-seryi-121701907/?c=750000000
113138038,Apple iPhone 15 Plus 512Gb NanoSIM+eSIM черный,Apple,576202,PROFIT-ACTIVE,04.10.2026 | 21:13:21,https://kaspi.kz/shop/p/apple-iphone-15-plus-512gb-nanosim-esim-chernyi-113138038/?c=750000000
113137962,Apple iPhone 15 256Gb NanoSIM+eSIM желтый,Apple,526565,PROFIT-ACTIVE,04.10.2026 | 21:13:21,https://kaspi.kz/shop/p/apple-iphone-15-256gb-nanosim-esim-zheltyi-113137962/?c=750000000
114323231,Apple iPhone 15 256Gb Dual Sim зеленый,Apple,600000,Mobile_Shop,04.10.2026 | 21:13:21,https://kaspi.kz/shop/p/apple-iphone-15-256gb-dual-sim-zelenyi-114323231/?c=750000000
106363237,Смартфон Apple iPhone 14 Plus 256Gb NanoSIM+eSIM красный,Apple,543518,AG shop,04.10.2026 | 21:13:21,https://kaspi.kz/shop/p/apple-iphone-14-plus-256gb-nanosim-esim-krasnyi-106363237/?c=750000000
147262573,Смартфон Apple iPhone 16e 128Gb NanoSIM+eSIM белый + подарок,Apple,459000,UMMAH STORE,04.10.2026 | 21:13:21,https://kaspi.kz/shop/p/apple-iphone-16e-128gb-nanosim-esim-belyi-podarok-147262573/?c=750000000
122061755,Apple iPhone 14 256Gb Dual eSim сиреневый,Apple,465800,UMMAH STORE,04.10.2026 | 21:13:21,https://kaspi.kz/shop/p/apple-iphone-14-256gb-dual-esim-sirenevyi-122061755/?c=750000000
167728498,Смартфон Apple iPhone 15 128Gb черный + подарок,Apple,695880,MOBILS,04.10.2026 | 21:13:21,https://kaspi.kz/shop/p/apple-iphone-15-128gb-chernyi-podarok-167728498/?c=750000000
128138668,Apple iPhone 16 Pro Max 512Gb Dual Sim золотистый,Apple,1000000,Mobile_Shop,04.10.2026 | 21:13:21,https://kaspi.kz/shop/p/apple-iphone-16-pro-max-512gb-dual-sim-zolotistyi-128138668/?c=750000000
124338480,Apple iPhone 16 Pro Max 1Tb Dual eSim белый,Apple,1069999,Mobile_Shop,04.10.2026 | 21:13:21,https://kaspi.kz/shop/p/apple-iphone-16-pro-max-1tb-dual-esim-belyi-124338480/?c=750000000
147262190,Смартфон Apple iPhone 16 128Gb NanoSIM+eSIM фиолетовый + подарок,Apple,532000,UMMAH STORE,04.10.2026 | 21:13:30,https://kaspi.kz/shop/p/apple-iphone-16-128gb-nanosim-esim-fioletovyi-podarok-147262190/?c=750000000
147252869,Смартфон Apple iPhone 16 Plus 256Gb NanoSIM+eSIM розовый + подарок,Apple,679000,SmartDuken,04.10.2026 | 21:13:30,https://kaspi.kz/shop/p/apple-iphone-16-plus-256gb-nanosim-esim-rozovyi-podarok-147252869/?c=750000000
134790946,Apple iPhone 13 512Gb Dual Sim красный,Apple,529990,Mobile_Shop,04.10.2026 | 21:13:30,https://kaspi.kz/shop/p/apple-iphone-13-512gb-dual-sim-krasnyi-134790946/?c=750000000
171516366,Apple iPhone 16 128 APPLE5_GIFT_A20W_YA36 Teal,Apple,536990,NOVAMART,04.10.2026 | 21:13:30,https://kaspi.kz/shop/p/apple-iphone-16-8-gb-128-gb-zelenyi-podarok-171516366/?c=750000000
121693222,Apple iPhone 15 512Gb Dual eSim розовый,Apple,559900,Zest Store,04.10.2026 | 21:13:30,https://kaspi.kz/shop/p/apple-iphone-15-512gb-dual-esim-rozovyi-121693222/?c=750000000
106363190,Смартфон Apple iPhone 14 512Gb NanoSIM+eSIM красный,Apple,465000,GOLDEN_KZ,04.10.2026 | 21:13:30,https://kaspi.kz/shop/p/apple-iphone-14-512gb-nanosim-esim-krasnyi-106363190/?c=750000000
143581486,Смартфон Apple iPhone 16 Plus 128Gb NanoSIM+eSIM черный + подарок,Apple,678999,AG shop,04.10.2026 | 21:13:30,https://kaspi.kz/shop/p/apple-iphone-16-plus-128gb-nanosim-esim-chernyi-podarok-143581486/?c=750000000
106363239,Apple iPhone 14 Plus 512Gb NanoSIM+eSIM красный,Apple,531024,Мобитайм,04.10.2026 | 21:13:30,https://kaspi.kz/shop/p/apple-iphone-14-plus-512gb-nanosim-esim-krasnyi-106363239/?c=750000000
143711525,Apple iPhone 16 128Gb NanoSIM+eSIM белый + подарок,Apple,520900,Galaxy Mobile,04.10.2026 | 21:13:30,https://kaspi.kz/shop/p/apple-iphone-16-128gb-nanosim-esim-belyi-podarok-143711525/?c=750000000
143711615,Смартфон Apple iPhone 16 Plus 128Gb NanoSIM+eSIM черный + подарок,Apple,599999,AG shop,04.10.2026 | 21:13:30,https://kaspi.kz/shop/p/apple-iphone-16-plus-128gb-nanosim-esim-chernyi-podarok-143711615/?c=750000000
122063967,Смартфон Apple iPhone 14 128Gb Dual eSim желтый,Apple,480000,ZAKSTOR,04.10.2026 | 21:13:30,https://kaspi.kz/shop/p/apple-iphone-14-128gb-dual-esim-zheltyi-122063967/?c=750000000
131637785,Apple iPhone 16 Pro Max 1Tb Dual Sim белый,Apple,1089990,Mobile_Shop,04.10.2026 | 21:13:30,https://kaspi.kz/shop/p/apple-iphone-16-pro-max-1tb-dual-sim-belyi-131637785/?c=750000000
167732895,Apple iPhone 16 128Gb белый + подарок,Apple,768493,MEGAPHONE,04.10.2026 | 21:13:39,https://kaspi.kz/shop/p/apple-iphone-16-128gb-belyi-podarok-167732895/?c=750000000
121692531,Apple iPhone 15 512Gb Dual eSim голубой,Apple,599990,Mobile_Shop,04.10.2026 | 21:13:39,https://kaspi.kz/shop/p/apple-iphone-15-512gb-dual-esim-goluboi-121692531/?c=750000000
143711541,Смартфон Apple iPhone 16 128Gb NanoSIM+eSIM фиолетовый + подарок,Apple,526000,UMMAH STORE,04.10.2026 | 21:13:39,https://kaspi.kz/shop/p/apple-iphone-16-128gb-nanosim-esim-fioletovyi-podarok-143711541/?c=750000000
143711520,Смартфон Apple iPhone 16 256Gb NanoSIM+eSIM черный + подарок,Apple,605000,UMMAH STORE 2,04.10.2026 | 21:13:39,https://kaspi.kz/shop/p/apple-iphone-16-256gb-nanosim-esim-chernyi-podarok-143711520/?c=750000000
143568049,Смартфон Apple iPhone 16 Pro Max 1024Gb NanoSIM+eSIM черный + подарок,Apple,849999,AG shop,04.10.2026 | 21:13:39,https://kaspi.kz/shop/p/apple-iphone-16-pro-max-1024gb-nanosim-esim-chernyi-podarok-143568049/?c=750000000
124338894,Apple iPhone 16 512Gb Dual eSim черный,Apple,740000,ZAKSTOR,04.10.2026 | 21:13:39,https://kaspi.kz/shop/p/apple-iphone-16-512gb-dual-esim-chernyi-124338894/?c=750000000
167728339,Apple iPhone 15 256 APPLE2_GIFT_A20W_PODS_SE3S Black,Apple,777199,NOVAMART,04.10.2026 | 21:13:39,https://kaspi.kz/shop/p/apple-iphone-15-256gb-chernyi-podarok-167728339/?c=750000000
143711603,Смартфон Apple iPhone 16 128Gb NanoSIM+eSIM черный + подарок,Apple,537000,UMMAH STORE,04.10.2026 | 21:13:39,https://kaspi.kz/shop/p/apple-iphone-16-128gb-nanosim-esim-chernyi-podarok-143711603/?c=750000000
143568082,Apple iPhone 16 Pro Max 256Gb NanoSIM+eSIM белый + подарок,Apple,929998,Мобитайм,04.10.2026 | 21:13:39,https://kaspi.kz/shop/p/apple-iphone-16-pro-max-256gb-nanosim-esim-belyi-podarok-143568082/?c=750000000
167728311,,Apple,777879,SmartDuken,04.10.2026 | 21:13:39,https://kaspi.kz/shop/p/apple-iphone-15-256gb-sinii-podarok-167728311/?c=750000000
167733696,Apple iPhone 16 128 APPLE2_GIFT_A20W_PODS_SE3S Black,Apple,758999,NOVAMART,04.10.2026 | 21:13:39,https://kaspi.kz/shop/p/apple-iphone-16-128gb-chernyi-podarok-167733696/?c=750000000
134907464,Apple iPhone 16 Pro Max 1Tb Dual Sim серебристый,Apple,1099990,Mobile_Shop,04.10.2026 | 21:13:39,https://kaspi.kz/shop/p/apple-iphone-16-pro-max-1tb-dual-sim-serebristyi-134907464/?c=750000000
147262018,Смартфон Apple iPhone 15 128Gb NanoSIM+eSIM розовый + подарок,Apple,568500,Rose mobile,04.10.2026 | 21:13:48,https://kaspi.kz/shop/p/apple-iphone-15-128gb-nanosim-esim-rozovyi-podarok-147262018/?c=750000000
143568101,Apple iPhone 16 Pro Max 512Gb NanoSIM+eSIM белый + подарок,Apple,998074,"ТОО ""BI TRADE""",04.10.2026 | 21:13:48,https://kaspi.kz/shop/p/apple-iphone-16-pro-max-512gb-nanosim-esim-belyi-podarok-143568101/?c=750000000
143710977,Apple iPhone 16 Pro Max 512Gb NanoSIM+eSIM черный + подарок,Apple,958990,Мобитайм,04.10.2026 | 21:13:48,https://kaspi.kz/shop/p/apple-iphone-16-pro-max-512gb-nanosim-esim-chernyi-podarok-143710977/?c=750000000
121703057,Смартфон Apple iPhone 15 Pro 512Gb Dual eSim синий,Apple,699999,Apple-Plus,04.10.2026 | 21:13:48,https://kaspi.kz/shop/p/apple-iphone-15-pro-512gb-dual-esim-sinii-121703057/?c=750000000
143710779,Apple iPhone 16 Pro Max 512Gb NanoSIM+eSIM золотистый + подарок,Apple,1035985,Мобитайм,04.10.2026 | 21:13:48,https://kaspi.kz/shop/p/apple-iphone-16-pro-max-512gb-nanosim-esim-zolotistyi-podarok-143710779/?c=750000000
167733769,Apple iPhone 16 128Gb розовый + подарок,Apple,750001,MEGAPHONE,04.10.2026 | 21:13:48,https://kaspi.kz/shop/p/apple-iphone-16-128gb-rozovyi-podarok-167733769/?c=750000000
167732945,Apple iPhone 16 128 APPLE2_GIFT_A20W_PODS_SE3S Teal,Apple,764990,NOVAMART,04.10.2026 | 21:13:48,https://kaspi.kz/shop/p/apple-iphone-16-128gb-birjuzovyi-podarok-167732945/?c=750000000
147262146,Смартфон Apple iPhone 16 256Gb NanoSIM+eSIM черный + подарок,Apple,627000,UMMAH STORE 2,04.10.2026 | 21:13:48,https://kaspi.kz/shop/p/apple-iphone-16-256gb-nanosim-esim-chernyi-podarok-147262146/?c=750000000
143710795,Смартфон Apple iPhone 16 Pro Max 1Tb NanoSIM+eSIM черный + подарок,Apple,854999,AG shop,04.10.2026 | 21:13:48,https://kaspi.kz/shop/p/apple-iphone-16-pro-max-1tb-nanosim-esim-chernyi-podarok-143710795/?c=750000000
173025307,,Apple,620000,ZAKSTOR,04.10.2026 | 21:13:48,https://kaspi.kz/shop/p/apple-iphone-16e-512gb-dual-esim-chernyi-173025307/?c=750000000
143710808,Apple iPhone 16 Pro Max 256Gb NanoSIM+eSIM черный + подарок,Apple,999811,Мобитайм,04.10.2026 | 21:13:48,https://kaspi.kz/shop/p/apple-iphone-16-pro-max-256gb-nanosim-esim-chernyi-podarok-143710808/?c=750000000
171515787,Смартфон Apple iPhone 16 8 ГБ/128 ГБ синий + подарок,Apple,598000,UMMAH STORE,04.10.2026 | 21:13:48,https://kaspi.kz/shop/p/apple-iphone-16-8-gb-128-gb-sinii-podarok-171515787/?c=750000000
173025496,Смартфон Apple iPhone 16e 512Gb Dual eSim белый,Apple,614992,MOBILS,04.10.2026 | 21:13:57,https://kaspi.kz/shop/p/apple-iphone-16e-512gb-dual-esim-belyi-173025496/?c=750000000
143567957,Apple iPhone 16 Pro Max 1024Gb NanoSIM+eSIM белый + подарок,Apple,1118880,Мобитайм,04.10.2026 | 21:13:57,https://kaspi.kz/shop/p/apple-iphone-16-pro-max-1024gb-nanosim-esim-belyi-podarok-143567957/?c=750000000
143568344,Apple iPhone 16 Pro Max 1024Gb NanoSIM+eSIM золотистый + подарок,Apple,1199500,"ТОО ""BI TRADE""",04.10.2026 | 21:13:57,https://kaspi.kz/shop/p/apple-iphone-16-pro-max-1024gb-nanosim-esim-zolotistyi-podarok-143568344/?c=750000000
142747731,Apple iPhone 16 Pro Max 512Gb Dual Sim серебристый,Apple,1000000,Mobile_Shop,04.10.2026 | 21:13:57,https://kaspi.kz/shop/p/apple-iphone-16-pro-max-512gb-dual-sim-serebristyi-142747731/?c=750000000
157460634,Смартфон Apple iPhone 15 128Gb NanoSIM+eSIM розовый + подарок,Apple,495000,Rose mobile,04.10.2026 | 21:13:57,https://kaspi.kz/shop/p/apple-iphone-15-128gb-nanosim-esim-rozovyi-podarok-157460634/?c=750000000
147262432,Смартфон Apple iPhone 16 Pro 128Gb NanoSIM+eSIM серебристый + подарок,Apple,669900,UMMAH STORE 2,04.10.2026 | 21:13:57,https://kaspi.kz/shop/p/apple-iphone-16-pro-128gb-nanosim-esim-serebristyi-podarok-147262432/?c=750000000
143711456,Смартфон Apple iPhone 16 Pro 128Gb NanoSIM+eSIM золотистый + подарок,Apple,707000,UMMAH STORE,04.10.2026 | 21:13:57,https://kaspi.kz/shop/p/apple-iphone-16-pro-128gb-nanosim-esim-zolotistyi-podarok-143711456/?c=750000000
121192087,Apple iPhone 15 Plus 128Gb Dual Sim розовый,Apple,729000,UMMAH STORE,04.10.2026 | 21:13:57,https://kaspi.kz/shop/p/apple-iphone-15-plus-128gb-dual-sim-rozovyi-121192087/?c=750000000
157459977,Смартфон Apple iPhone 15 256Gb NanoSIM+eSIM розовый + подарок,Apple,649999,AG shop,04.10.2026 | 21:13:57,https://kaspi.kz/shop/p/apple-iphone-15-256gb-nanosim-esim-rozovyi-podarok-157459977/?c=750000000
171584329,Смартфон Apple iPhone 15 6 ГБ/128 ГБ розовый + подарок,Apple,659999,AG shop,04.10.2026 | 21:13:57,https://kaspi.kz/shop/p/apple-iphone-15-6-gb-128-gb-rozovyi-podarok-171584329/?c=750000000
167733189,Apple iPhone 16 128 APPLE2_GIFT_A20W_PODS_SE3S Pink,Apple,764990,NOVAMART,04.10.2026 | 21:13:57,https://kaspi.kz/shop/p/apple-iphone-16-128gb-rozovyi-podarok-167733189/?c=750000000
167728368,Смартфон Apple iPhone 15 256Gb синий + подарок,Apple,760899,SmartDuken,04.10.2026 | 21:13:57,https://kaspi.kz/shop/p/apple-iphone-15-256gb-sinii-podarok-167728368/?c=750000000
134233520,Смартфон Apple iPhone 16 Pro 128Gb NanoSIM+eSIM серебристый + подарок,Apple,695000,UMMAH STORE 2,04.10.2026 | 21:14:12,https://kaspi.kz/shop/p/apple-iphone-16-pro-128gb-nanosim-esim-serebristyi-podarok-134233520/?c=750000000
119229562,Смартфон Apple iPhone 15 Plus 256Gb Dual Sim розовый,Apple,729000,UMMAH STORE,04.10.2026 | 21:14:12,https://kaspi.kz/shop/p/apple-iphone-15-plus-256gb-dual-sim-rozovyi-119229562/?c=750000000
143711045,Apple iPhone 16 Pro Max 512Gb NanoSIM+eSIM серебристый + подарок,Apple,1009060,Мобитайм,04.10.2026 | 21:14:12,https://kaspi.kz/shop/p/apple-iphone-16-pro-max-512gb-nanosim-esim-serebristyi-podarok-143711045/?c=750000000
143710967,Смартфон Apple iPhone 16 Pro Max 1Tb NanoSIM+eSIM серебристый + подарок,Apple,949999,AG shop,04.10.2026 | 21:14:12,https://kaspi.kz/shop/p/apple-iphone-16-pro-max-1tb-nanosim-esim-serebristyi-podarok-143710967/?c=750000000
147255345,Смартфон Apple iPhone 16 Pro 128Gb NanoSIM+eSIM золотистый + подарок,Apple,708000,UMMAH STORE,04.10.2026 | 21:14:12,https://kaspi.kz/shop/p/apple-iphone-16-pro-128gb-nanosim-esim-zolotistyi-podarok-147255345/?c=750000000
171584357,Смартфон Apple iPhone 15 6 ГБ/128 ГБ зеленый + подарок,Apple,519999,AG shop,04.10.2026 | 21:14:12,https://kaspi.kz/shop/p/apple-iphone-15-6-gb-128-gb-zelenyi-podarok-171584357/?c=750000000
143711029,Смартфон Apple iPhone 16 Pro Max 1Tb NanoSIM+eSIM белый + подарок,Apple,889999,AG shop,04.10.2026 | 21:14:12,https://kaspi.kz/shop/p/apple-iphone-16-pro-max-1tb-nanosim-esim-belyi-podarok-143711029/?c=750000000
149071196,Смартфон Apple iPhone 16 128Gb NanoSIM+eSIM фиолетовый + подарок,Apple,550000,UMMAH STORE,04.10.2026 | 21:14:12,https://kaspi.kz/shop/p/apple-iphone-16-128gb-nanosim-esim-fioletovyi-podarok-149071196/?c=750000000
134226673,Смартфон Apple iPhone 16 Pro 128Gb Dual Sim золотистый + подарок,Apple,719000,UMMAH STORE 2,04.10.2026 | 21:14:12,https://kaspi.kz/shop/p/apple-iphone-16-pro-128gb-dual-sim-zolotistyi-podarok-134226673/?c=750000000
157458723,Смартфон Apple iPhone 15 256Gb NanoSIM+eSIM розовый + подарок,Apple,648398,AG shop,04.10.2026 | 21:14:12,https://kaspi.kz/shop/p/apple-iphone-15-256gb-nanosim-esim-rozovyi-podarok-157458723/?c=750000000
143873332,Смартфон Apple iPhone 15 128Gb NanoSIM+eSIM синий + подарок,Apple,490000,UMMAH STORE,04.10.2026 | 21:14:12,https://kaspi.kz/shop/p/apple-iphone-15-128gb-nanosim-esim-sinii-podarok-143873332/?c=750000000
143579032,Смартфон Apple iPhone 15 128Gb NanoSIM+eSIM зеленый + подарок,Apple,529982,MOBILS,04.10.2026 | 21:14:12,https://kaspi.kz/shop/p/apple-iphone-15-128gb-nanosim-esim-zelenyi-podarok-143579032/?c=750000000
143568304,Apple iPhone 16 Pro Max 1024Gb NanoSIM+eSIM серебристый + подарок,Apple,1100082,Мобитайм,04.10.2026 | 21:14:20,https://kaspi.kz/shop/p/apple-iphone-16-pro-max-1024gb-nanosim-esim-serebristyi-podarok-143568304/?c=750000000
