Артикул,Наименование,Бренд,Цена,Продавец,Дата,URL
148425720,Apple iPhone 17 Pro 256Gb Dual eSim серебристый,Apple,662831,VerifyTech - верифицированный,02.10.2026 | 06:27:49,https://kaspi.kz/shop/p/apple-iphone-17-pro-256gb-dual-esim-serebristyi-148425720/?c=750000000
123787551,Смартфон Apple iPhone 16 Pro Max 256Gb NanoSIM+eSIM черный,Apple,817774,VerifyTech - верифицированный,02.10.2026 | 06:27:52,https://kaspi.kz/shop/p/apple-iphone-16-pro-max-256gb-nanosim-esim-chernyi-123787551/?c=750000000
123727182,Смартфон Apple iPhone 16 128Gb NanoSIM+eSIM фиолетовый,Apple,443990,1Bay,02.10.2026 | 06:27:52,https://kaspi.kz/shop/p/apple-iphone-16-128gb-nanosim-esim-fioletovyi-123727182/?c=750000000
123727574,Apple iPhone 16 128Gb NanoSIM+eSIM зеленый,Apple,443763,CN-MARKET,02.10.2026 | 06:27:53,https://kaspi.kz/shop/p/apple-iphone-16-128gb-nanosim-esim-zelenyi-123727574/?c=750000000
145466665,Смартфон Apple iPhone 17 256Gb NanoSIM+eSIM фиолетовый,Apple,540117,ArrowXKZ,02.10.2026 | 06:27:53,https://kaspi.kz/shop/p/apple-iphone-17-256gb-nanosim-esim-fioletovyi-145466665/?c=750000000
123890547,Apple iPhone 16 Pro Max 256Gb NanoSIM+eSIM золотистый,Apple,661234,ARAI_MOBILE,02.10.2026 | 06:27:53,https://kaspi.kz/shop/p/apple-iphone-16-pro-max-256gb-nanosim-esim-zolotistyi-123890547/?c=750000000
113137931,Apple iPhone 15 256Gb NanoSIM+eSIM голубой,Apple,491496,KHAN MOBILE,02.10.2026 | 06:28:15,https://kaspi.kz/shop/p/apple-iphone-15-256gb-nanosim-esim-goluboi-113137931/?c=750000000
145467562,Apple iPhone 17 Pro 256Gb NanoSIM+eSIM серебристый,Apple,697116,GOLDEN_KZ,02.10.2026 | 06:28:38,https://kaspi.kz/shop/p/apple-iphone-17-pro-256gb-nanosim-esim-serebristyi-145467562/?c=750000000
177318065,Смартфон Apple iPhone 18 Pro 12/512GB Black,Apple,993990,Sulpаk,02.10.2026 | 06:28:38,https://kaspi.kz/shop/p/apple-iphone-18-pro-512gb-nanosim-esim-chernyi-177318065/?c=750000000
145438959,Смартфон Apple iPhone 17 Pro 256Gb NanoSIM+eSIM темно-синий,Apple,697067,ArrowXKZ,02.10.2026 | 06:28:38,https://kaspi.kz/shop/p/apple-iphone-17-pro-256gb-nanosim-esim-temno-sinii-145438959/?c=750000000
145468241,Apple iPhone 17 Pro Max 256Gb NanoSIM+eSIM оранжевый,Apple,718348,4mobile.ast,02.10.2026 | 06:28:38,https://kaspi.kz/shop/p/apple-iphone-17-pro-max-256gb-nanosim-esim-oranzhevyi-145468241/?c=750000000
177318181,iPhone 18 PRO 256GB (Silver),Apple,849990,Mechta.kz,02.10.2026 | 06:28:38,https://kaspi.kz/shop/p/apple-iphone-18-pro-256gb-nanosim-esim-serebristyi-177318181/?c=750000000
145468150,Смартфон iPhone 17 Pro Max 256GB Silver MFYM4HX/A,Apple,750076,ABC Retail,02.10.2026 | 06:28:38,https://kaspi.kz/shop/p/apple-iphone-17-pro-max-256gb-nanosim-esim-serebristyi-145468150/?c=750000000
177316418,iPhone 18 Pro 256GB Burgundy,Apple,849990,iSpace Apple Premium Partner,02.10.2026 | 06:28:38,https://kaspi.kz/shop/p/apple-iphone-18-pro-256gb-nanosim-esim-bordovyi-177316418/?c=750000000
145467625,Apple iPhone 17 Pro 256Gb NanoSIM+eSIM оранжевый,Apple,689090,4mobile.ast,02.10.2026 | 06:28:38,https://kaspi.kz/shop/p/apple-iphone-17-pro-256gb-nanosim-esim-oranzhevyi-145467625/?c=750000000
113137790,Смартфон Apple iPhone 15 128Gb NanoSIM+eSIM черный,Apple,389890,Device_kz,02.10.2026 | 06:28:38,https://kaspi.kz/shop/p/apple-iphone-15-128gb-nanosim-esim-chernyi-113137790/?c=750000000
177319119,iPhone 18 Pro Max 256GB Black,Apple,909990,iSpace Apple Premium Partner,02.10.2026 | 06:28:38,https://kaspi.kz/shop/p/apple-iphone-18-pro-max-256gb-nanosim-esim-chernyi-177319119/?c=750000000
177318415,Смартфон Apple / iPhone 18 Pro 512GB Glacier (MJRX4AF/A),Apple,993990,Sulpаk,02.10.2026 | 06:28:38,https://kaspi.kz/shop/p/apple-iphone-18-pro-512gb-nanosim-esim-goluboi-177318415/?c=750000000
177318761,iPhone 18 Pro Max 256GB Glacier,Apple,909990,iSpace Apple Premium Partner,02.10.2026 | 06:28:38,https://kaspi.kz/shop/p/apple-iphone-18-pro-max-256gb-nanosim-esim-goluboi-177318761/?c=750000000
123726806,Смартфон Apple iPhone 16 128Gb NanoSIM+eSIM розовый,Apple,459265,1Bay,02.10.2026 | 06:29:00,https://kaspi.kz/shop/p/apple-iphone-16-128gb-nanosim-esim-rozovyi-123726806/?c=750000000
113138428,Apple iPhone 15 Pro Max 256Gb NanoSIM+eSIM синий,Apple,747271,Мобитайм,02.10.2026 | 06:29:11,https://kaspi.kz/shop/p/apple-iphone-15-pro-max-256gb-nanosim-esim-sinii-113138428/?c=750000000
148442483,Apple iPhone 17 256Gb Dual eSim фиолетовый,Apple,516202,ASR Market,02.10.2026 | 06:29:11,https://kaspi.kz/shop/p/apple-iphone-17-256gb-dual-esim-fioletovyi-148442483/?c=750000000
113137931,Apple iPhone 15 256Gb NanoSIM+eSIM голубой,Apple,491496,KHAN MOBILE,02.10.2026 | 06:29:11,https://kaspi.kz/shop/p/apple-iphone-15-256gb-nanosim-esim-goluboi-113137931/?c=750000000
145467681,Apple iPhone 17 Pro 1024Gb NanoSIM+eSIM оранжевый,Apple,881295,4mobile.ast,02.10.2026 | 06:29:11,https://kaspi.kz/shop/p/apple-iphone-17-pro-1024gb-nanosim-esim-oranzhevyi-145467681/?c=750000000
123890381,Смартфон Apple iPhone 16 Pro Max 1Tb NanoSIM+eSIM черный,Apple,803360,PROFIT-ACTIVE,02.10.2026 | 06:29:11,https://kaspi.kz/shop/p/apple-iphone-16-pro-max-1tb-nanosim-esim-chernyi-123890381/?c=750000000
124338543,Apple iPhone 16 Pro Max 256Gb Dual eSim серебристый,Apple,754000,ZAKSTOR,02.10.2026 | 06:29:11,https://kaspi.kz/shop/p/apple-iphone-16-pro-max-256gb-dual-esim-serebristyi-124338543/?c=750000000
113138420,Apple iPhone 15 Pro Max 256Gb NanoSIM+eSIM серый,Apple,717210,NIKA SHOP,02.10.2026 | 06:29:11,https://kaspi.kz/shop/p/apple-iphone-15-pro-max-256gb-nanosim-esim-seryi-113138420/?c=750000000
148442876,Apple iPhone 17 256Gb Dual eSim черный,Apple,538598,ASR Market,02.10.2026 | 06:29:11,https://kaspi.kz/shop/p/apple-iphone-17-256gb-dual-esim-chernyi-148442876/?c=750000000
113138331,Apple iPhone 15 Pro 256Gb NanoSIM+eSIM синий,Apple,796815,Мобитайм,02.10.2026 | 06:29:11,https://kaspi.kz/shop/p/apple-iphone-15-pro-256gb-nanosim-esim-sinii-113138331/?c=750000000
113138461,Apple iPhone 15 Pro Max 512Gb NanoSIM+eSIM серый,Apple,829929,Мобитайм,02.10.2026 | 06:29:11,https://kaspi.kz/shop/p/apple-iphone-15-pro-max-512gb-nanosim-esim-seryi-113138461/?c=750000000
148424821,Смартфон Apple iPhone 17 Pro 512Gb Dual eSim темно-синий,Apple,798229,Dora,02.10.2026 | 06:29:11,https://kaspi.kz/shop/p/apple-iphone-17-pro-512gb-dual-esim-temno-sinii-148424821/?c=750000000
145468599,Apple iPhone Air 256Gb голубой,Apple,518664,ALPHA,02.10.2026 | 06:29:11,https://kaspi.kz/shop/p/apple-iphone-air-256gb-goluboi-145468599/?c=750000000
123726722,Смартфон Apple iPhone 16 128Gb NanoSIM+eSIM белый,Apple,454967,Tech.kz,02.10.2026 | 06:29:24,https://kaspi.kz/shop/p/apple-iphone-16-128gb-nanosim-esim-belyi-123726722/?c=750000000
113933011,Смартфон Apple iPhone 15 128 Gb Dual Sim черный,Apple,409990,Device_kz,02.10.2026 | 06:30:28,https://kaspi.kz/shop/p/apple-iphone-15-128-gb-dual-sim-chernyi-113933011/?c=750000000
145466661,Apple iPhone 17 512Gb черный,Apple,637876,ALPHA,02.10.2026 | 06:30:28,https://kaspi.kz/shop/p/apple-iphone-17-512gb-nanosim-esim-chernyi-145466661/?c=750000000
102298977,Смартфон Apple iPhone 13 Pro Max 256Gb NanoSIM+eSIM серый,Apple,599999,OZEN,02.10.2026 | 06:30:28,https://kaspi.kz/shop/p/apple-iphone-13-pro-max-256gb-nanosim-esim-seryi-102298977/?c=750000000
123776586,Apple iPhone 16 Plus 256Gb NanoSIM+eSIM зеленый,Apple,542626,CN-MARKET,02.10.2026 | 06:30:28,https://kaspi.kz/shop/p/apple-iphone-16-plus-256gb-nanosim-esim-zelenyi-123776586/?c=750000000
102298380,Apple iPhone 13 256Gb NanoSIM+eSIM синий,Apple,529990,Mobile_Shop,02.10.2026 | 06:30:28,https://kaspi.kz/shop/p/apple-iphone-13-256gb-nanosim-esim-sinii-102298380/?c=750000000
177318181,iPhone 18 PRO 256GB (Silver),Apple,849990,Mechta.kz,02.10.2026 | 06:30:28,https://kaspi.kz/shop/p/apple-iphone-18-pro-256gb-nanosim-esim-serebristyi-177318181/?c=750000000
135186516,Apple iPhone 16e 256Gb NanoSIM+eSIM черный,Apple,534819,GadgetON,02.10.2026 | 06:30:28,https://kaspi.kz/shop/p/apple-iphone-16e-256gb-nanosim-esim-chernyi-135186516/?c=750000000
135186217,Apple iPhone 16e 256Gb NanoSIM+eSIM белый,Apple,494999,GadgetON,02.10.2026 | 06:30:28,https://kaspi.kz/shop/p/apple-iphone-16e-256gb-nanosim-esim-belyi-135186217/?c=750000000
124337884,Смартфон Apple iPhone 16 128Gb Dual eSim черный,Apple,450000,Apple-Plus,02.10.2026 | 06:30:28,https://kaspi.kz/shop/p/apple-iphone-16-128gb-dual-esim-chernyi-124337884/?c=750000000
113138453,Apple iPhone 15 Pro Max 512Gb NanoSIM+eSIM синий,Apple,790077,NIKA SHOP,02.10.2026 | 06:30:28,https://kaspi.kz/shop/p/apple-iphone-15-pro-max-512gb-nanosim-esim-sinii-113138453/?c=750000000
124338820,Apple iPhone 16 256Gb Dual eSim черный,Apple,607999,ZAKSTOR,02.10.2026 | 06:30:28,https://kaspi.kz/shop/p/apple-iphone-16-256gb-dual-esim-chernyi-124338820/?c=750000000
145468555,Apple iPhone Air 512Gb золотистый,Apple,593733,MIMISTORE,02.10.2026 | 06:30:28,https://kaspi.kz/shop/p/apple-iphone-air-512gb-zolotistyi-145468555/?c=750000000
123888843,Apple iPhone 16 Pro 1Tb NanoSIM+eSIM белый,Apple,989000,MOBILS,02.10.2026 | 06:32:54,https://kaspi.kz/shop/p/apple-iphone-16-pro-1tb-nanosim-esim-belyi-123888843/?c=750000000
124338262,Смартфон Apple iPhone 16 Pro 128Gb Dual eSim золотистый,Apple,707500,UMMAH STORE 2,02.10.2026 | 06:32:54,https://kaspi.kz/shop/p/apple-iphone-16-pro-128gb-dual-esim-zolotistyi-124338262/?c=750000000
140044494,Смартфон Apple iPhone 16 Pro 256Gb Dual Sim черный,Apple,699987,OZEN,02.10.2026 | 06:32:54,https://kaspi.kz/shop/p/apple-iphone-16-pro-256gb-dual-sim-chernyi-140044494/?c=750000000
121692148,Apple iPhone 15 256Gb Dual eSim черный,Apple,524999,ZAKSTOR,02.10.2026 | 06:32:54,https://kaspi.kz/shop/p/apple-iphone-15-256gb-dual-esim-chernyi-121692148/?c=750000000
113138214,Apple iPhone 15 Pro 512Gb NanoSIM+eSIM серый,Apple,808894,CN-MARKET,02.10.2026 | 06:32:54,https://kaspi.kz/shop/p/apple-iphone-15-pro-512gb-nanosim-esim-seryi-113138214/?c=750000000
124338596,Apple iPhone 16 Plus 128Gb Dual eSim черный,Apple,627996,Mobile_Shop,02.10.2026 | 06:32:54,https://kaspi.kz/shop/p/apple-iphone-16-plus-128gb-dual-esim-chernyi-124338596/?c=750000000
122062592,Apple iPhone 14 128Gb Dual eSim голубой,Apple,409000,UMMAH STORE,02.10.2026 | 06:32:54,https://kaspi.kz/shop/p/apple-iphone-14-128gb-dual-esim-goluboi-122062592/?c=750000000
177319119,iPhone 18 Pro Max 256GB Black,Apple,909990,iSpace Apple Premium Partner,02.10.2026 | 06:32:54,https://kaspi.kz/shop/p/apple-iphone-18-pro-max-256gb-nanosim-esim-chernyi-177319119/?c=750000000
102298432,Apple iPhone 13 256Gb NanoSIM+eSIM красный,Apple,529990,Mobile_Shop,02.10.2026 | 06:32:54,https://kaspi.kz/shop/p/apple-iphone-13-256gb-nanosim-esim-krasnyi-102298432/?c=750000000
148426997,Смартфон Apple iPhone 17 Pro Max 2Tb Dual eSim серебристый,Apple,1222066,iPlus Store,02.10.2026 | 06:32:54,https://kaspi.kz/shop/p/apple-iphone-17-pro-max-2tb-dual-esim-serebristyi-148426997/?c=750000000
107734543,Apple iPhone 14 128Gb Dual Sim черный,Apple,421000,UMMAH STORE,02.10.2026 | 06:32:54,https://kaspi.kz/shop/p/apple-iphone-14-128gb-dual-sim-chernyi-107734543/?c=750000000
148445160,Apple iPhone 17 512 Gb Dual eSim черный,Apple,619889,KHAN MOBILE,02.10.2026 | 06:32:54,https://kaspi.kz/shop/p/apple-iphone-17-512-gb-dual-esim-chernyi-148445160/?c=750000000
124338805,Смартфон Apple iPhone 16 128Gb Dual eSim зеленый,Apple,469999,VerifyTech - верифицированный,02.10.2026 | 06:34:15,https://kaspi.kz/shop/p/apple-iphone-16-128gb-dual-esim-zelenyi-124338805/?c=750000000
123775957,Apple iPhone 16 Plus 128Gb NanoSIM+eSIM розовый,Apple,575713,Мобитайм,02.10.2026 | 06:34:15,https://kaspi.kz/shop/p/apple-iphone-16-plus-128gb-nanosim-esim-rozovyi-123775957/?c=750000000
143567317,Apple iPhone 16 256Gb NanoSIM+eSIM белый + подарок,Apple,657777,CN-MARKET,02.10.2026 | 06:34:15,https://kaspi.kz/shop/p/apple-iphone-16-256gb-nanosim-esim-belyi-podarok-143567317/?c=750000000
113589060,Смартфон Apple iPhone 15 Pro 128Gb Dual Sim черный,Apple,599995,iStore KZ,02.10.2026 | 06:34:15,https://kaspi.kz/shop/p/apple-iphone-15-pro-128gb-dual-sim-chernyi-113589060/?c=750000000
113138036,Apple iPhone 15 Plus 256Gb NanoSIM+eSIM черный,Apple,579000,Мобитайм,02.10.2026 | 06:34:15,https://kaspi.kz/shop/p/apple-iphone-15-plus-256gb-nanosim-esim-chernyi-113138036/?c=750000000
152025050,Apple iPhone 17 Pro Max 256Gb Dual eSim оранжевый + подарок,Apple,760014,GadgetON,02.10.2026 | 06:34:15,https://kaspi.kz/shop/p/apple-iphone-17-pro-max-256gb-dual-esim-oranzhevyi-podarok-152025050/?c=750000000
116157108,Apple iPhone 15 256Gb Dual Sim синий,Apple,529000,UMMAH STORE,02.10.2026 | 06:34:15,https://kaspi.kz/shop/p/apple-iphone-15-256gb-dual-sim-sinii-116157108/?c=750000000
152005225,Смартфон Apple iPhone 17 Pro 256Gb Dual eSim синий + подарок,Apple,737702,MOBILS,02.10.2026 | 06:34:15,https://kaspi.kz/shop/p/apple-iphone-17-pro-256gb-dual-esim-sinii-podarok-152005225/?c=750000000
106363170,Apple iPhone 14 Plus 128Gb NanoSIM+eSIM черный,Apple,439989,GadgetON,02.10.2026 | 06:34:15,https://kaspi.kz/shop/p/apple-iphone-14-plus-128gb-nanosim-esim-chernyi-106363170/?c=750000000
177318415,Смартфон Apple / iPhone 18 Pro 512GB Glacier (MJRX4AF/A),Apple,993990,Sulpаk,02.10.2026 | 06:34:15,https://kaspi.kz/shop/p/apple-iphone-18-pro-512gb-nanosim-esim-goluboi-177318415/?c=750000000
106363230,Смартфон Apple iPhone 14 Plus 512Gb NanoSIM+eSIM сиреневый,Apple,492843,MOBILS,02.10.2026 | 06:34:15,https://kaspi.kz/shop/p/apple-iphone-14-plus-512gb-nanosim-esim-sirenevyi-106363230/?c=750000000
148444724,Apple iPhone 17 512Gb Dual eSim голубой,Apple,618822,ALPHA,02.10.2026 | 06:34:15,https://kaspi.kz/shop/p/apple-iphone-17-512gb-dual-esim-goluboi-148444724/?c=750000000
152025555,Смартфон Apple iPhone 17 Pro Max 512Gb Dual eSim оранжевый + подарок,Apple,886082,CN-MARKET,02.10.2026 | 06:35:55,https://kaspi.kz/shop/p/apple-iphone-17-pro-max-512gb-dual-esim-oranzhevyi-podarok-152025555/?c=750000000
106363158,Смартфон Apple iPhone 14 128Gb NanoSIM+eSIM красный,Apple,430000,MOBILNIK.KZ,02.10.2026 | 06:35:55,https://kaspi.kz/shop/p/apple-iphone-14-128gb-nanosim-esim-krasnyi-106363158/?c=750000000
124338609,Apple iPhone 16 Plus 256Gb Dual eSim черный,Apple,619495,Mobile_Shop,02.10.2026 | 06:35:55,https://kaspi.kz/shop/p/apple-iphone-16-plus-256gb-dual-esim-chernyi-124338609/?c=750000000
177318065,Смартфон Apple iPhone 18 Pro 12/512GB Black,Apple,993990,Sulpаk,02.10.2026 | 06:35:55,https://kaspi.kz/shop/p/apple-iphone-18-pro-512gb-nanosim-esim-chernyi-177318065/?c=750000000
152005701,Смартфон Apple iPhone 17 Pro 512Gb Dual eSim оранжевый + подарок,Apple,966163,MOBILS,02.10.2026 | 06:35:55,https://kaspi.kz/shop/p/apple-iphone-17-pro-512gb-dual-esim-oranzhevyi-podarok-152005701/?c=750000000
143582377,Смартфон Apple iPhone 13 128Gb NanoSIM+eSIM темно-синий + подарок,Apple,445900,UMMAH STORE 2,02.10.2026 | 06:35:55,https://kaspi.kz/shop/p/apple-iphone-13-128gb-nanosim-esim-temno-sinii-podarok-143582377/?c=750000000
152005104,Apple iPhone 17 Pro 256Gb Dual eSim серебристый + подарок (Яндекс Плюс 24 месяца),Apple,699773,Artis Optima,02.10.2026 | 06:35:55,https://kaspi.kz/shop/p/apple-iphone-17-pro-256gb-dual-esim-serebristyi-podarok-152005104/?c=750000000
113589052,Смартфон Apple iPhone 15 Pro 256Gb Dual Sim черный,Apple,629998,iStore KZ,02.10.2026 | 06:35:55,https://kaspi.kz/shop/p/apple-iphone-15-pro-256gb-dual-sim-chernyi-113589052/?c=750000000
152022534,Apple iPhone 17 Pro Max 256Gb Dual eSim серебристый + подарок,Apple,767767,Lynx,02.10.2026 | 06:35:55,https://kaspi.kz/shop/p/apple-iphone-17-pro-max-256gb-dual-esim-serebristyi-podarok-152022534/?c=750000000
106363208,Apple iPhone 14 Plus 128Gb NanoSIM+eSIM сиреневый,Apple,490000,GadgetON,02.10.2026 | 06:35:55,https://kaspi.kz/shop/p/apple-iphone-14-plus-128gb-nanosim-esim-sirenevyi-106363208/?c=750000000
113137936,Apple iPhone 15 512Gb NanoSIM+eSIM голубой,Apple,509074,BERLIN,02.10.2026 | 06:35:55,https://kaspi.kz/shop/p/apple-iphone-15-512gb-nanosim-esim-goluboi-113137936/?c=750000000
177318761,iPhone 18 Pro Max 256GB Glacier,Apple,909990,iSpace Apple Premium Partner,02.10.2026 | 06:35:55,https://kaspi.kz/shop/p/apple-iphone-18-pro-max-256gb-nanosim-esim-goluboi-177318761/?c=750000000
143572882,Смартфон Apple iPhone 16 Pro 128Gb NanoSIM+eSIM золотистый + подарок,Apple,698700,UMMAH STORE 2,02.10.2026 | 06:36:52,https://kaspi.kz/shop/p/apple-iphone-16-pro-128gb-nanosim-esim-zolotistyi-podarok-143572882/?c=750000000
115701533,Apple iPhone 15 256Gb Dual Sim розовый,Apple,600000,Mobile_Shop,02.10.2026 | 06:36:52,https://kaspi.kz/shop/p/apple-iphone-15-256gb-dual-sim-rozovyi-115701533/?c=750000000
152721050,Смартфон Apple iPhone 17 Pro Max 1024Gb NanoSIM+eSIM серебристый + подарок,Apple,1187474,MOBILS,02.10.2026 | 06:36:52,https://kaspi.kz/shop/p/apple-iphone-17-pro-max-1024gb-nanosim-esim-serebristyi-podarok-152721050/?c=750000000
143580120,Apple iPhone 14 128Gb NanoSIM+eSIM темно-синий + подарок,Apple,451000,UMMAH STORE,02.10.2026 | 06:36:52,https://kaspi.kz/shop/p/apple-iphone-14-128gb-nanosim-esim-temno-sinii-podarok-143580120/?c=750000000
143567548,Apple iPhone 16 256Gb NanoSIM+eSIM зеленый + подарок,Apple,579425,GadgetON,02.10.2026 | 06:36:52,https://kaspi.kz/shop/p/apple-iphone-16-256gb-nanosim-esim-zelenyi-podarok-143567548/?c=750000000
113137984,Смартфон Apple iPhone 15 512Gb NanoSIM+eSIM зеленый,Apple,518262,VERIQ,02.10.2026 | 06:36:52,https://kaspi.kz/shop/p/apple-iphone-15-512gb-nanosim-esim-zelenyi-113137984/?c=750000000
113138058,Смартфон Apple iPhone 15 Plus 256Gb NanoSIM+eSIM желтый,Apple,532974,ASR Market,02.10.2026 | 06:36:52,https://kaspi.kz/shop/p/apple-iphone-15-plus-256gb-nanosim-esim-zheltyi-113138058/?c=750000000
143568326,Apple iPhone 16 Pro Max 256Gb NanoSIM+eSIM серебристый + подарок,Apple,869990,Мобитайм,02.10.2026 | 06:36:52,https://kaspi.kz/shop/p/apple-iphone-16-pro-max-256gb-nanosim-esim-serebristyi-podarok-143568326/?c=750000000
152028751,Смартфон Apple iPhone 17 Pro Max 1024Gb Dual eSim синий + подарок,Apple,1115903,MOBILS,02.10.2026 | 06:36:52,https://kaspi.kz/shop/p/apple-iphone-17-pro-max-1024gb-dual-esim-sinii-podarok-152028751/?c=750000000
113138057,Apple iPhone 15 Plus 128Gb NanoSIM+eSIM желтый,Apple,500083,GadgetON,02.10.2026 | 06:36:52,https://kaspi.kz/shop/p/apple-iphone-15-plus-128gb-nanosim-esim-zheltyi-113138057/?c=750000000
124338633,Apple iPhone 16 Plus 128Gb Dual eSim белый,Apple,579989,ZAKSTOR,02.10.2026 | 06:36:52,https://kaspi.kz/shop/p/apple-iphone-16-plus-128gb-dual-esim-belyi-124338633/?c=750000000
113138051,Смартфон Apple iPhone 15 Plus 512Gb NanoSIM+eSIM голубой,Apple,538295,AG shop,02.10.2026 | 06:36:52,https://kaspi.kz/shop/p/apple-iphone-15-plus-512gb-nanosim-esim-goluboi-113138051/?c=750000000
147534436,Apple iPhone Air 256 APPLE_GIFT_USB_C_20W LightGold,Apple,606300,NOVAMART,02.10.2026 | 06:37:00,https://kaspi.kz/shop/p/apple-iphone-air-256gb-zolotistyi-podarok-147534436/?c=750000000
124338681,Apple iPhone 16 Plus 256Gb Dual eSim розовый,Apple,583869,Mobile_Shop,02.10.2026 | 06:37:00,https://kaspi.kz/shop/p/apple-iphone-16-plus-256gb-dual-esim-rozovyi-124338681/?c=750000000
143567868,Apple iPhone 16 256Gb NanoSIM+eSIM фиолетовый + подарок,Apple,579990,Mobile_Shop,02.10.2026 | 06:37:00,https://kaspi.kz/shop/p/apple-iphone-16-256gb-nanosim-esim-fioletovyi-podarok-143567868/?c=750000000
135186532,Смартфон Apple iPhone 16e 512Gb NanoSIM+eSIM черный,Apple,453383,ASR Market,02.10.2026 | 06:37:00,https://kaspi.kz/shop/p/apple-iphone-16e-512gb-nanosim-esim-chernyi-135186532/?c=750000000
122062680,Apple iPhone 14 256Gb Dual eSim голубой,Apple,520070,Mobile_Shop,02.10.2026 | 06:37:00,https://kaspi.kz/shop/p/apple-iphone-14-256gb-dual-esim-goluboi-122062680/?c=750000000
113138067,Смартфон Apple iPhone 15 Plus 512Gb NanoSIM+eSIM зеленый,Apple,577258,PROFIT-ACTIVE,02.10.2026 | 06:37:00,https://kaspi.kz/shop/p/apple-iphone-15-plus-512gb-nanosim-esim-zelenyi-113138067/?c=750000000
122062190,Смартфон Apple iPhone 14 256Gb Dual eSim бежевый,Apple,505121,HanTech,02.10.2026 | 06:37:00,https://kaspi.kz/shop/p/apple-iphone-14-256gb-dual-esim-bezhevyi-122062190/?c=750000000
152026808,Смартфон Apple iPhone 17 Pro Max 512Gb Dual eSim синий + подарок,Apple,864900,UMMAH STORE,02.10.2026 | 06:37:00,https://kaspi.kz/shop/p/apple-iphone-17-pro-max-512gb-dual-esim-sinii-podarok-152026808/?c=750000000
143873310,Смартфон Apple iPhone 15 256Gb NanoSIM+eSIM черный + подарок,Apple,529000,UMMAH STORE,02.10.2026 | 06:37:00,https://kaspi.kz/shop/p/apple-iphone-15-256gb-nanosim-esim-chernyi-podarok-143873310/?c=750000000
143577273,Apple iPhone 15 128Gb NanoSIM+eSIM розовый + подарок,Apple,479235,Мобитайм,02.10.2026 | 06:37:00,https://kaspi.kz/shop/p/apple-iphone-15-128gb-nanosim-esim-rozovyi-podarok-143577273/?c=750000000
121692857,Apple iPhone 15 256Gb Dual eSim розовый,Apple,629990,Mobile_Shop,02.10.2026 | 06:37:00,https://kaspi.kz/shop/p/apple-iphone-15-256gb-dual-esim-rozovyi-121692857/?c=750000000
152006486,Apple iPhone 17 Pro 1024Gb Dual eSim синий + подарок,Apple,974445,CN-MARKET,02.10.2026 | 06:37:00,https://kaspi.kz/shop/p/apple-iphone-17-pro-1024gb-dual-esim-sinii-podarok-152006486/?c=750000000
121703259,Apple iPhone 15 Pro Max 1Tb Dual eSim серый,Apple,899990,Mobile_Shop,02.10.2026 | 06:38:33,https://kaspi.kz/shop/p/apple-iphone-15-pro-max-1tb-dual-esim-seryi-121703259/?c=750000000
143710717,Apple iPhone 16 Pro Max 1Tb NanoSIM+eSIM золотистый + подарок,Apple,1199998,Мобитайм,02.10.2026 | 06:38:33,https://kaspi.kz/shop/p/apple-iphone-16-pro-max-1tb-nanosim-esim-zolotistyi-podarok-143710717/?c=750000000
152027603,iPhone Air 256Gb белый + подарок,Apple,689990,Lynx,02.10.2026 | 06:38:33,https://kaspi.kz/shop/p/apple-iphone-air-256gb-belyi-podarok-152027603/?c=750000000
134791161,Apple iPhone 13 512Gb Dual Sim синий,Apple,529990,Mobile_Shop,02.10.2026 | 06:38:33,https://kaspi.kz/shop/p/apple-iphone-13-512gb-dual-sim-sinii-134791161/?c=750000000
143873238,Смартфон Apple iPhone 15 128Gb NanoSIM+eSIM черный + подарок,Apple,477000,UMMAH STORE,02.10.2026 | 06:38:34,https://kaspi.kz/shop/p/apple-iphone-15-128gb-nanosim-esim-chernyi-podarok-143873238/?c=750000000
147533908,Apple iPhone Air 256 APPLE_GIFT_YA12 SpaceBlack,Apple,619741,NOVAMART,02.10.2026 | 06:38:34,https://kaspi.kz/shop/p/apple-iphone-air-256gb-chernyi-podarok-147533908/?c=750000000
143711597,Apple iPhone 16 256Gb NanoSIM+eSIM розовый + подарок,Apple,611344,MEGAPHONE,02.10.2026 | 06:38:34,https://kaspi.kz/shop/p/apple-iphone-16-256gb-nanosim-esim-rozovyi-podarok-143711597/?c=750000000
143710745,Apple iPhone 16 Pro Max 256Gb NanoSIM+eSIM белый + подарок,Apple,940000,Мобитайм,02.10.2026 | 06:38:34,https://kaspi.kz/shop/p/apple-iphone-16-pro-max-256gb-nanosim-esim-belyi-podarok-143710745/?c=750000000
143710810,Apple iPhone 16 Pro Max 256Gb NanoSIM+eSIM серебристый + подарок,Apple,929998,Мобитайм,02.10.2026 | 06:38:34,https://kaspi.kz/shop/p/apple-iphone-16-pro-max-256gb-nanosim-esim-serebristyi-podarok-143710810/?c=750000000
1005122,Apple iPhone 11 128Gb NanoSIM+eSIM красный,Apple,399850,QazSeller,02.10.2026 | 06:38:34,https://kaspi.kz/shop/p/apple-iphone-11-128gb-nanosim-esim-krasnyi-1005122/?c=750000000
143873283,Смартфон Apple iPhone 15 128Gb NanoSIM+eSIM розовый + подарок,Apple,521500,Rose mobile,02.10.2026 | 06:38:34,https://kaspi.kz/shop/p/apple-iphone-15-128gb-nanosim-esim-rozovyi-podarok-143873283/?c=750000000
143711570,Apple iPhone 16 128Gb NanoSIM+eSIM зеленый + подарок,Apple,512590,Мобитайм,02.10.2026 | 06:38:34,https://kaspi.kz/shop/p/apple-iphone-16-128gb-nanosim-esim-zelenyi-podarok-143711570/?c=750000000
145467562,Apple iPhone 17 Pro 256Gb NanoSIM+eSIM серебристый,Apple,697116,GOLDEN_KZ,02.10.2026 | 06:38:43,https://kaspi.kz/shop/p/apple-iphone-17-pro-256gb-nanosim-esim-serebristyi-145467562/?c=750000000
145468211,Apple iPhone 17 Pro Max 2Tb NanoSIM+eSIM оранжевый,Apple,1249056,PhoneKZ,02.10.2026 | 06:38:43,https://kaspi.kz/shop/p/apple-iphone-17-pro-max-2tb-nanosim-esim-oranzhevyi-145468211/?c=750000000
145438959,Смартфон Apple iPhone 17 Pro 256Gb NanoSIM+eSIM темно-синий,Apple,697067,ArrowXKZ,02.10.2026 | 06:38:43,https://kaspi.kz/shop/p/apple-iphone-17-pro-256gb-nanosim-esim-temno-sinii-145438959/?c=750000000
102298404,Смартфон Apple iPhone 13 128Gb NanoSIM+eSIM черный,Apple,351105,Device_kz,02.10.2026 | 06:38:43,https://kaspi.kz/shop/p/apple-iphone-13-128gb-nanosim-esim-chernyi-102298404/?c=750000000
145468241,Смартфон iPhone 17 Pro Max 256GB Cosmic Orange MFYN4HX/A,Apple,718347,ABC Retail,02.10.2026 | 06:38:43,https://kaspi.kz/shop/p/apple-iphone-17-pro-max-256gb-nanosim-esim-oranzhevyi-145468241/?c=750000000
148425828,Apple iPhone 17 Pro Max 256Gb Dual eSim оранжевый,Apple,697675,MIMISTORE,02.10.2026 | 06:38:43,https://kaspi.kz/shop/p/apple-iphone-17-pro-max-256gb-dual-esim-oranzhevyi-148425828/?c=750000000
145468150,Смартфон iPhone 17 Pro Max 256GB Silver MFYM4HX/A,Apple,750076,ABC Retail,02.10.2026 | 06:38:43,https://kaspi.kz/shop/p/apple-iphone-17-pro-max-256gb-nanosim-esim-serebristyi-145468150/?c=750000000
145440732,Смартфон iPhone 17 Pro Max 256GB Deep Blue MFYP4HX/A,Apple,721483,ABC Retail,02.10.2026 | 06:38:43,https://kaspi.kz/shop/p/apple-iphone-17-pro-max-256gb-nanosim-esim-temno-sinii-145440732/?c=750000000
145467625,Смартфон iPhone 17 Pro 256GB Cosmic Orange MG8H4HX/A,Apple,689089,ABC Retail,02.10.2026 | 06:38:43,https://kaspi.kz/shop/p/apple-iphone-17-pro-256gb-nanosim-esim-oranzhevyi-145467625/?c=750000000
123713453,Apple iPhone 16 128Gb черный,Apple,446872,Tech.kz,02.10.2026 | 06:38:43,https://kaspi.kz/shop/p/apple-iphone-16-128gb-nanosim-esim-chernyi-123713453/?c=750000000
152030464,Apple iPhone 17 Pro Max 1024Gb Dual eSim серебристый + подарок,Apple,1217367,PhoneKZ,02.10.2026 | 06:38:43,https://kaspi.kz/shop/p/apple-iphone-17-pro-max-1024gb-dual-esim-serebristyi-podarok-152030464/?c=750000000
148446946,Смартфон Apple iPhone 17 Pro 256Gb Dual eSim оранжевый,Apple,660958,TULPAR STORE,02.10.2026 | 06:38:43,https://kaspi.kz/shop/p/apple-iphone-17-pro-256gb-dual-esim-oranzhevyi-148446946/?c=750000000
123728177,Apple iPhone 16 256Gb NanoSIM+eSIM черный,Apple,598492,Click Tech,02.10.2026 | 06:39:38,https://kaspi.kz/shop/p/apple-iphone-16-256gb-nanosim-esim-chernyi-123728177/?c=750000000
113137897,Apple iPhone 15 256Gb NanoSIM+eSIM черный,Apple,494012,TEXNO MARKET,02.10.2026 | 06:39:38,https://kaspi.kz/shop/p/apple-iphone-15-256gb-nanosim-esim-chernyi-113137897/?c=750000000
106363023,Apple iPhone 14 128Gb NanoSIM+eSIM черный,Apple,401355,GOLDEN_KZ,02.10.2026 | 06:39:38,https://kaspi.kz/shop/p/apple-iphone-14-128gb-nanosim-esim-chernyi-106363023/?c=750000000
145466818,Смартфон Apple iPhone 17 256Gb NanoSIM+eSIM белый,Apple,533787,StoreX,02.10.2026 | 06:39:38,https://kaspi.kz/shop/p/apple-iphone-17-256gb-nanosim-esim-belyi-145466818/?c=750000000
145468140,Apple iPhone 17 Pro Max 512Gb NanoSIM+eSIM серебристый,Apple,904950,Click Tech,02.10.2026 | 06:39:38,https://kaspi.kz/shop/p/apple-iphone-17-pro-max-512gb-nanosim-esim-serebristyi-145468140/?c=750000000
148426100,Apple iPhone 17 Pro Max 256Gb Dual eSim темно-синий,Apple,706759,4mobile.ast,02.10.2026 | 06:39:38,https://kaspi.kz/shop/p/apple-iphone-17-pro-max-256gb-dual-esim-temno-sinii-148426100/?c=750000000
145467626,Apple iPhone 17 Pro 512Gb NanoSIM+eSIM оранжевый,Apple,791856,PhoneTech,02.10.2026 | 06:39:38,https://kaspi.kz/shop/p/apple-iphone-17-pro-512gb-nanosim-esim-oranzhevyi-145467626/?c=750000000
113137929,Apple iPhone 15 128Gb NanoSIM+eSIM голубой,Apple,389504,KHAN MOBILE,02.10.2026 | 06:39:38,https://kaspi.kz/shop/p/apple-iphone-15-128gb-nanosim-esim-goluboi-113137929/?c=750000000
145309655,Apple iPhone 17 256Gb NanoSIM+eSIM голубой,Apple,533814,4mobile.ast,02.10.2026 | 06:39:38,https://kaspi.kz/shop/p/apple-iphone-17-256gb-nanosim-esim-goluboi-145309655/?c=750000000
148424478,Смартфон Apple iPhone 17 Pro 256Gb Dual eSim темно-синий,Apple,660000,"ТОО ""ONEPEOPLE""",02.10.2026 | 06:39:38,https://kaspi.kz/shop/p/apple-iphone-17-pro-256gb-dual-esim-temno-sinii-148424478/?c=750000000
145468227,Apple iPhone 17 Pro Max 512Gb NanoSIM+eSIM оранжевый,Apple,872686,PhoneTech,02.10.2026 | 06:39:38,https://kaspi.kz/shop/p/apple-iphone-17-pro-max-512gb-nanosim-esim-oranzhevyi-145468227/?c=750000000
148425910,Apple iPhone 17 Pro Max 256Gb Dual eSim серебристый,Apple,710041,MIMISTORE,02.10.2026 | 06:39:38,https://kaspi.kz/shop/p/apple-iphone-17-pro-max-256gb-dual-esim-serebristyi-148425910/?c=750000000
145468223,Смартфон Apple iPhone 17 Pro Max 1024Gb NanoSIM+eSIM оранжевый,Apple,999000,KRB Mobile,02.10.2026 | 06:40:37,https://kaspi.kz/shop/p/apple-iphone-17-pro-max-1024gb-nanosim-esim-oranzhevyi-145468223/?c=750000000
148426174,Apple iPhone 17 Pro Max 512Gb Dual eSim оранжевый,Apple,789869,4mobile.ast,02.10.2026 | 06:40:37,https://kaspi.kz/shop/p/apple-iphone-17-pro-max-512gb-dual-esim-oranzhevyi-148426174/?c=750000000
123730579,Apple iPhone 16 256Gb NanoSIM+eSIM белый,Apple,657887,ZAKSTOR,02.10.2026 | 06:40:37,https://kaspi.kz/shop/p/apple-iphone-16-256gb-nanosim-esim-belyi-123730579/?c=750000000
145467519,Смартфон Apple iPhone 17 Pro 512Gb NanoSIM+eSIM серебристый,Apple,834238,SmartZone,02.10.2026 | 06:40:37,https://kaspi.kz/shop/p/apple-iphone-17-pro-512gb-nanosim-esim-serebristyi-145467519/?c=750000000
123730867,Apple iPhone 16 256Gb NanoSIM+eSIM розовый,Apple,648685,PhoneTech,02.10.2026 | 06:40:37,https://kaspi.kz/shop/p/apple-iphone-16-256gb-nanosim-esim-rozovyi-123730867/?c=750000000
148426301,Apple iPhone 17 Pro Max 512Gb Dual eSim серебристый,Apple,815822,Click Tech,02.10.2026 | 06:40:37,https://kaspi.kz/shop/p/apple-iphone-17-pro-max-512gb-dual-esim-serebristyi-148426301/?c=750000000
145466867,Apple iPhone 17 256Gb NanoSIM+eSIM зеленый,Apple,533895,Amir.ON,02.10.2026 | 06:40:37,https://kaspi.kz/shop/p/apple-iphone-17-256gb-nanosim-esim-zelenyi-145466867/?c=750000000
145468625,Apple iPhone Air 256Gb черный,Apple,524917,FORTUNA,02.10.2026 | 06:40:37,https://kaspi.kz/shop/p/apple-iphone-air-256gb-chernyi-145468625/?c=750000000
113137949,Apple iPhone 15 128Gb NanoSIM+eSIM розовый,Apple,429250,GadgetON,02.10.2026 | 06:40:37,https://kaspi.kz/shop/p/apple-iphone-15-128gb-nanosim-esim-rozovyi-113137949/?c=750000000
145467425,Apple iPhone 17 Pro 512Gb NanoSIM+eSIM темно-синий,Apple,831044,WORLD  Верифицированных IMEI,02.10.2026 | 06:40:37,https://kaspi.kz/shop/p/apple-iphone-17-pro-512gb-nanosim-esim-temno-sinii-145467425/?c=750000000
148425447,Apple iPhone 17 Pro 512Gb Dual eSim оранжевый,Apple,758691,PhoneTech,02.10.2026 | 06:40:37,https://kaspi.kz/shop/p/apple-iphone-17-pro-512gb-dual-esim-oranzhevyi-148425447/?c=750000000
145468049,Apple iPhone 17 Pro Max 512Gb NanoSIM+eSIM темно-синий,Apple,879168,Click Tech,02.10.2026 | 06:40:37,https://kaspi.kz/shop/p/apple-iphone-17-pro-max-512gb-nanosim-esim-temno-sinii-145468049/?c=750000000
148426392,Apple iPhone 17 Pro Max 512Gb Dual eSim темно-синий,Apple,803990,ALPHA,02.10.2026 | 06:40:46,https://kaspi.kz/shop/p/apple-iphone-17-pro-max-512gb-dual-esim-temno-sinii-148426392/?c=750000000
146819175,Apple iPhone 17 256Gb Dual eSim белый,Apple,549796,VERIQ,02.10.2026 | 06:40:46,https://kaspi.kz/shop/p/apple-iphone-17-256gb-dual-esim-belyi-146819175/?c=750000000
106363265,Apple iPhone 14 Pro 256Gb NanoSIM+eSIM черный,Apple,857777,CN-MARKET,02.10.2026 | 06:40:46,https://kaspi.kz/shop/p/apple-iphone-14-pro-256gb-nanosim-esim-chernyi-106363265/?c=750000000
148426561,Смартфон Apple iPhone 17 Pro Max 1024Gb Dual eSim оранжевый,Apple,881968,HanTech,02.10.2026 | 06:40:46,https://kaspi.kz/shop/p/apple-iphone-17-pro-max-1024gb-dual-esim-oranzhevyi-148426561/?c=750000000
145468065,Смартфон Apple iPhone 17 Pro Max 1024Gb NanoSIM+eSIM темно-синий,Apple,1015548,TULPAR STORE,02.10.2026 | 06:40:46,https://kaspi.kz/shop/p/apple-iphone-17-pro-max-1024gb-nanosim-esim-temno-sinii-145468065/?c=750000000
113137951,Apple iPhone 15 256Gb NanoSIM+eSIM розовый,Apple,473775,T-Space,02.10.2026 | 06:40:46,https://kaspi.kz/shop/p/apple-iphone-15-256gb-nanosim-esim-rozovyi-113137951/?c=750000000
145468171,Смартфон Apple iPhone 17 Pro Max 1024Gb NanoSIM+eSIM серебристый,Apple,1104984,MOBILS,02.10.2026 | 06:40:46,https://kaspi.kz/shop/p/apple-iphone-17-pro-max-1024gb-nanosim-esim-serebristyi-145468171/?c=750000000
148425333,Apple iPhone 17 Pro 512Gb Dual eSim серебристый,Apple,796909,AppGrade,02.10.2026 | 06:40:46,https://kaspi.kz/shop/p/apple-iphone-17-pro-512gb-dual-esim-serebristyi-148425333/?c=750000000
148444173,Apple iPhone 17 256Gb Dual eSim голубой,Apple,519997,ALPHA,02.10.2026 | 06:40:46,https://kaspi.kz/shop/p/apple-iphone-17-256gb-dual-esim-goluboi-148444173/?c=750000000
123888919,Смартфон Apple iPhone 16 Pro 128Gb NanoSIM+eSIM золотистый,Apple,707900,UMMAH STORE 2,02.10.2026 | 06:40:46,https://kaspi.kz/shop/p/apple-iphone-16-pro-128gb-nanosim-esim-zolotistyi-123888919/?c=750000000
123890752,Apple iPhone 16 Pro Max 256Gb NanoSIM+eSIM серебристый,Apple,804759,Click Tech,02.10.2026 | 06:40:46,https://kaspi.kz/shop/p/apple-iphone-16-pro-max-256gb-nanosim-esim-serebristyi-123890752/?c=750000000
135185112,Смартфон Apple iPhone 16e 128Gb NanoSIM+eSIM белый,Apple,369500,NOVKAZ,02.10.2026 | 06:40:46,https://kaspi.kz/shop/p/apple-iphone-16e-128gb-nanosim-esim-belyi-135185112/?c=750000000
106363245,Apple iPhone 14 Pro 128Gb NanoSIM+eSIM черный,Apple,579838,Mobile_Shop,02.10.2026 | 06:41:18,https://kaspi.kz/shop/p/apple-iphone-14-pro-128gb-nanosim-esim-chernyi-106363245/?c=750000000
145468540,Apple iPhone Air 256Gb золотистый,Apple,526436,BERLIN,02.10.2026 | 06:41:18,https://kaspi.kz/shop/p/apple-iphone-air-256gb-zolotistyi-145468540/?c=750000000
113138213,Смартфон Apple iPhone 15 Pro 256Gb NanoSIM+eSIM серый,Apple,689057,OZEN,02.10.2026 | 06:41:18,https://kaspi.kz/shop/p/apple-iphone-15-pro-256gb-nanosim-esim-seryi-113138213/?c=750000000
148426774,Смартфон Apple iPhone 17 Pro Max 1024Gb Dual eSim темно-синий,Apple,903482,1Bay,02.10.2026 | 06:41:18,https://kaspi.kz/shop/p/apple-iphone-17-pro-max-1024gb-dual-esim-temno-sinii-148426774/?c=750000000
123890593,Смартфон Apple iPhone 16 Pro Max 512Gb NanoSIM+eSIM золотистый,Apple,806868,ArrowXKZ,02.10.2026 | 06:41:18,https://kaspi.kz/shop/p/apple-iphone-16-pro-max-512gb-nanosim-esim-zolotistyi-123890593/?c=750000000
106363150,Apple iPhone 14 128Gb NanoSIM+eSIM голубой,Apple,372900,KHAN MOBILE,02.10.2026 | 06:41:18,https://kaspi.kz/shop/p/apple-iphone-14-128gb-nanosim-esim-goluboi-106363150/?c=750000000
102298364,Apple iPhone 13 128Gb NanoSIM+eSIM синий,Apple,529990,Mobile_Shop,02.10.2026 | 06:41:18,https://kaspi.kz/shop/p/apple-iphone-13-128gb-nanosim-esim-sinii-102298364/?c=750000000
148426624,Apple iPhone 17 Pro Max 1024Gb Dual eSim серебристый,Apple,936574,Click Tech,02.10.2026 | 06:41:18,https://kaspi.kz/shop/p/apple-iphone-17-pro-max-1024gb-dual-esim-serebristyi-148426624/?c=750000000
145468501,Apple iPhone Air 256Gb белый,Apple,525701,FORTUNA,02.10.2026 | 06:41:18,https://kaspi.kz/shop/p/apple-iphone-air-256gb-belyi-145468501/?c=750000000
135186486,Смартфон Apple iPhone 16e 128Gb черный,Apple,399994,Tehno Trade,02.10.2026 | 06:41:18,https://kaspi.kz/shop/p/apple-iphone-16e-128gb-nanosim-esim-chernyi-135186486/?c=750000000
145467476,Apple iPhone 17 Pro 1024Gb NanoSIM+eSIM серебристый,Apple,970236,1Bay,02.10.2026 | 06:41:18,https://kaspi.kz/shop/p/apple-iphone-17-pro-1024gb-nanosim-esim-serebristyi-145467476/?c=750000000
148442339,Apple iPhone 17 256Gb Dual eSim зеленый,Apple,519411,ALPHA,02.10.2026 | 06:41:18,https://kaspi.kz/shop/p/apple-iphone-17-256gb-dual-esim-zelenyi-148442339/?c=750000000
160189080,Apple iPhone 17e 256 Black,Apple,476763,NOVAMART,02.10.2026 | 06:42:13,https://kaspi.kz/shop/p/apple-iphone-17e-256gb-nanosim-esim-chernyi-160189080/?c=750000000
145467430,Apple iPhone 17 Pro 1024Gb NanoSIM+eSIM темно-синий,Apple,932934,1Bay,02.10.2026 | 06:42:13,https://kaspi.kz/shop/p/apple-iphone-17-pro-1024gb-nanosim-esim-temno-sinii-145467430/?c=750000000
121691395,Apple iPhone 15 128Gb Dual eSim черный,Apple,420000,Amir.ON,02.10.2026 | 06:42:13,https://kaspi.kz/shop/p/apple-iphone-15-128gb-dual-esim-chernyi-121691395/?c=750000000
124338499,Apple iPhone 16 Pro Max 256Gb Dual eSim золотистый,Apple,700670,TOP_DEVICE,02.10.2026 | 06:42:13,https://kaspi.kz/shop/p/apple-iphone-16-pro-max-256gb-dual-esim-zolotistyi-124338499/?c=750000000
131015547,Apple iPhone 16 Pro 128Gb Dual Sim серебристый,Apple,669990,PhoneKZ,02.10.2026 | 06:42:13,https://kaspi.kz/shop/p/apple-iphone-16-pro-128gb-dual-sim-serebristyi-131015547/?c=750000000
140898230,Смартфон Apple iPhone 16 Pro 128Gb Dual Sim золотистый,Apple,629999,Apple-Plus,02.10.2026 | 06:42:13,https://kaspi.kz/shop/p/apple-iphone-16-pro-128gb-dual-sim-zolotistyi-140898230/?c=750000000
140287393,Apple iPhone 16 Pro 128Gb Dual Sim белый,Apple,619685,Apple-Plus,02.10.2026 | 06:42:13,https://kaspi.kz/shop/p/apple-iphone-16-pro-128gb-dual-sim-belyi-140287393/?c=750000000
148425512,Смартфон Apple iPhone 17 Pro 1024Gb Dual eSim оранжевый,Apple,854265,NIKA SHOP,02.10.2026 | 06:42:13,https://kaspi.kz/shop/p/apple-iphone-17-pro-1024gb-dual-esim-oranzhevyi-148425512/?c=750000000
131015968,Смартфон Apple iPhone 16 Pro 128Gb Dual Sim черный,Apple,639990,Apple-Plus,02.10.2026 | 06:42:13,https://kaspi.kz/shop/p/apple-iphone-16-pro-128gb-dual-sim-chernyi-131015968/?c=750000000
123890421,Apple iPhone 16 Pro Max 256Gb NanoSIM+eSIM белый,Apple,890681,Click Tech,02.10.2026 | 06:42:13,https://kaspi.kz/shop/p/apple-iphone-16-pro-max-256gb-nanosim-esim-belyi-123890421/?c=750000000
123890344,Apple iPhone 16 Pro Max 512Gb черный,Apple,759990,SmartMarket,02.10.2026 | 06:42:13,https://kaspi.kz/shop/p/apple-iphone-16-pro-max-512gb-nanosim-esim-chernyi-123890344/?c=750000000
160188663,iPhone 17e 256GB (Soft Pink),Apple,447990,Top-Sale,02.10.2026 | 06:42:13,https://kaspi.kz/shop/p/apple-iphone-17e-256gb-nanosim-esim-rozovyi-160188663/?c=750000000
123744028,Apple iPhone 16 Plus 128Gb NanoSIM+eSIM черный,Apple,542553,ZAKSTOR,02.10.2026 | 06:43:30,https://kaspi.kz/shop/p/apple-iphone-16-plus-128gb-nanosim-esim-chernyi-123744028/?c=750000000
106363289,Смартфон Apple iPhone 14 Pro Max 256Gb NanoSIM+eSIM черный,Apple,639999,OZEN,02.10.2026 | 06:43:30,https://kaspi.kz/shop/p/apple-iphone-14-pro-max-256gb-nanosim-esim-chernyi-106363289/?c=750000000
145466822,Смартфон Apple iPhone 17 512Gb NanoSIM+eSIM белый,Apple,664600,UMMAH STORE 2,02.10.2026 | 06:43:30,https://kaspi.kz/shop/p/apple-iphone-17-512gb-nanosim-esim-belyi-145466822/?c=750000000
145468192,Apple iPhone 17 Pro Max 2Tb NanoSIM+eSIM серебристый,Apple,1257520,PhoneKZ,02.10.2026 | 06:43:30,https://kaspi.kz/shop/p/apple-iphone-17-pro-max-2tb-nanosim-esim-serebristyi-145468192/?c=750000000
123731287,Смартфон Apple iPhone 16 256Gb NanoSIM+eSIM зеленый,Apple,544727,PROFIT-ACTIVE,02.10.2026 | 06:43:30,https://kaspi.kz/shop/p/apple-iphone-16-256gb-nanosim-esim-zelenyi-123731287/?c=750000000
123731034,Apple iPhone 16 256Gb NanoSIM+eSIM фиолетовый,Apple,579920,KHAN MOBILE,02.10.2026 | 06:43:30,https://kaspi.kz/shop/p/apple-iphone-16-256gb-nanosim-esim-fioletovyi-123731034/?c=750000000
148425635,Apple iPhone 17 Pro 1024Gb Dual eSim темно-синий,Apple,878610,T-Space,02.10.2026 | 06:43:31,https://kaspi.kz/shop/p/apple-iphone-17-pro-1024gb-dual-esim-temno-sinii-148425635/?c=750000000
106363283,Apple iPhone 14 Pro 128Gb NanoSIM+eSIM фиолетовый,Apple,579900,Khan Grоup,02.10.2026 | 06:43:31,https://kaspi.kz/shop/p/apple-iphone-14-pro-128gb-nanosim-esim-fioletovyi-106363283/?c=750000000
148426912,Apple iPhone 17 Pro Max 2Tb Dual eSim оранжевый,Apple,1129880,PhoneKZ,02.10.2026 | 06:43:31,https://kaspi.kz/shop/p/apple-iphone-17-pro-max-2tb-dual-esim-oranzhevyi-148426912/?c=750000000
145468104,Смартфон Apple iPhone 17 Pro Max 2Tb NanoSIM+eSIM темно-синий,Apple,1201063,1Bay,02.10.2026 | 06:43:31,https://kaspi.kz/shop/p/apple-iphone-17-pro-max-2tb-nanosim-esim-temno-sinii-145468104/?c=750000000
160188852,Apple iPhone 17e 256Gb NanoSIM+eSIM белый,Apple,445949,PhoneTech,02.10.2026 | 06:43:31,https://kaspi.kz/shop/p/apple-iphone-17e-256gb-nanosim-esim-belyi-160188852/?c=750000000
123787019,Apple iPhone 16 Pro 128Gb NanoSIM+eSIM черный,Apple,694950,GOLDEN_KZ,02.10.2026 | 06:43:31,https://kaspi.kz/shop/p/apple-iphone-16-pro-128gb-nanosim-esim-chernyi-123787019/?c=750000000
106363267,Смартфон Apple iPhone 14 Pro 512Gb NanoSIM+eSIM черный,Apple,790000,1Bay,02.10.2026 | 06:45:11,https://kaspi.kz/shop/p/apple-iphone-14-pro-512gb-nanosim-esim-chernyi-106363267/?c=750000000
113138191,Apple iPhone 15 Pro 256Gb NanoSIM+eSIM черный,Apple,780597,"ТОО ""TECHNIC PLUS""",02.10.2026 | 06:45:11,https://kaspi.kz/shop/p/apple-iphone-15-pro-256gb-nanosim-esim-chernyi-113138191/?c=750000000
169542919,Apple iPhone 17 Pro 256 APPLE4_GIFT_A20W DeepBlue,Apple,731791,NOVAMART,02.10.2026 | 06:45:11,https://kaspi.kz/shop/p/apple-iphone-17-pro-12-gb-256-gb-temno-sinii-adapter-20vt-usb-c-169542919/?c=750000000
122033448,Смартфон Apple iPhone 14 128Gb Dual eSim черный,Apple,400916,HanTech,02.10.2026 | 06:45:11,https://kaspi.kz/shop/p/apple-iphone-14-128gb-dual-esim-chernyi-122033448/?c=750000000
106934712,Смартфон Apple iPhone 13 128Gb Dual Sim черный,Apple,359990,Device_kz,02.10.2026 | 06:45:11,https://kaspi.kz/shop/p/apple-iphone-13-128gb-dual-sim-chernyi-106934712/?c=750000000
143579622,Apple iPhone 15 128Gb NanoSIM+eSIM черный + подарок,Apple,419022,Amir.ON,02.10.2026 | 06:45:11,https://kaspi.kz/shop/p/apple-iphone-15-128gb-nanosim-esim-chernyi-podarok-143579622/?c=750000000
148425564,Apple iPhone 17 Pro 1024Gb Dual eSim серебристый,Apple,889678,Yablo,02.10.2026 | 06:45:11,https://kaspi.kz/shop/p/apple-iphone-17-pro-1024gb-dual-esim-serebristyi-148425564/?c=750000000
113138222,Apple iPhone 15 Pro 128Gb NanoSIM+eSIM синий,Apple,837777,CN-MARKET,02.10.2026 | 06:45:11,https://kaspi.kz/shop/p/apple-iphone-15-pro-128gb-nanosim-esim-sinii-113138222/?c=750000000
145468626,Apple iPhone Air 512Gb черный,Apple,598696,ALPHA,02.10.2026 | 06:45:11,https://kaspi.kz/shop/p/apple-iphone-air-512gb-chernyi-145468626/?c=750000000
113138363,Apple iPhone 15 Pro Max 256Gb NanoSIM+eSIM черный,Apple,735087,Мобитайм,02.10.2026 | 06:45:11,https://kaspi.kz/shop/p/apple-iphone-15-pro-max-256gb-nanosim-esim-chernyi-113138363/?c=750000000
145466664,Apple iPhone 17 512Gb фиолетовый,Apple,639997,ALPHA,02.10.2026 | 06:45:11,https://kaspi.kz/shop/p/apple-iphone-17-512gb-nanosim-esim-fioletovyi-145466664/?c=750000000
123889795,Смартфон Apple iPhone 16 Pro 128Gb NanoSIM+eSIM серебристый,Apple,697900,UMMAH STORE 2,02.10.2026 | 06:45:11,https://kaspi.kz/shop/p/apple-iphone-16-pro-128gb-nanosim-esim-serebristyi-123889795/?c=750000000
106363155,Смартфон Apple iPhone 14 256Gb NanoSIM+eSIM голубой,Apple,499982,MOBILS,02.10.2026 | 06:46:06,https://kaspi.kz/shop/p/apple-iphone-14-256gb-nanosim-esim-goluboi-106363155/?c=750000000
145468595,Apple iPhone Air 512Gb голубой,Apple,591037,ALPHA,02.10.2026 | 06:46:06,https://kaspi.kz/shop/p/apple-iphone-air-512gb-goluboi-145468595/?c=750000000
123890467,Apple iPhone 16 Pro Max 512Gb NanoSIM+eSIM белый,Apple,757690,"ТОО ""TECHNIC PLUS""",02.10.2026 | 06:46:06,https://kaspi.kz/shop/p/apple-iphone-16-pro-max-512gb-nanosim-esim-belyi-123890467/?c=750000000
169542974,Смартфон Apple iPhone 17 Pro 12 ГБ/256 ГБ серебристый + Адаптер 20Вт USB-C,Apple,733000,ИП МАРАЛОВА Л.М.,02.10.2026 | 06:46:06,https://kaspi.kz/shop/p/apple-iphone-17-pro-12-gb-256-gb-serebristyi-adapter-20vt-usb-c-169542974/?c=750000000
177317967,Смартфон iPhone 18 Pro 256GB Black MJRP4AF/A,Apple,849990,Evrika,02.10.2026 | 06:46:06,https://kaspi.kz/shop/p/apple-iphone-18-pro-256gb-nanosim-esim-chernyi-177317967/?c=750000000
169543039,Apple iPhone 17 Pro Max 256 APPLE4_GIFT_A20W Silver,Apple,783996,NOVAMART,02.10.2026 | 06:46:06,https://kaspi.kz/shop/p/apple-iphone-17-pro-max-12-gb-256-gb-serebristyi-adapter-20vt-usb-c-169543039/?c=750000000
113138396,Apple iPhone 15 Pro Max 512Gb NanoSIM+eSIM черный,Apple,810777,CN-MARKET,02.10.2026 | 06:46:06,https://kaspi.kz/shop/p/apple-iphone-15-pro-max-512gb-nanosim-esim-chernyi-113138396/?c=750000000
123775652,Apple iPhone 16 Plus 256Gb NanoSIM+eSIM белый,Apple,545680,TOP_DEVICE,02.10.2026 | 06:46:06,https://kaspi.kz/shop/p/apple-iphone-16-plus-256gb-nanosim-esim-belyi-123775652/?c=750000000
145466522,Apple iPhone 17 512Gb NanoSIM+eSIM голубой,Apple,654899,Smart_Devices_KZ,02.10.2026 | 06:46:06,https://kaspi.kz/shop/p/apple-iphone-17-512gb-nanosim-esim-goluboi-145466522/?c=750000000
177318388,Смартфон Apple iPhone 18 Pro 12/256GB Glacier,Apple,849990,Sulpаk,02.10.2026 | 06:46:06,https://kaspi.kz/shop/p/apple-iphone-18-pro-256gb-nanosim-esim-goluboi-177318388/?c=750000000
169542849,Смартфон Apple iPhone 17 8 ГБ/256 ГБ черный + Адаптер 20Вт USB-C,Apple,563055,SAPALY Store,02.10.2026 | 06:46:06,https://kaspi.kz/shop/p/apple-iphone-17-8-gb-256-gb-chernyi-adapter-20vt-usb-c-169542849/?c=750000000
145466872,Apple iPhone 17 512Gb NanoSIM+eSIM зеленый,Apple,687573,T-Space,02.10.2026 | 06:46:06,https://kaspi.kz/shop/p/apple-iphone-17-512gb-nanosim-esim-zelenyi-145466872/?c=750000000
169542929,Apple iPhone 17 Pro 256 APPLE4_GIFT_A20W CosmicOrange,Apple,732944,NOVAMART,02.10.2026 | 06:46:37,https://kaspi.kz/shop/p/apple-iphone-17-pro-12-gb-256-gb-oranzhevyi-adapter-20vt-usb-c-169542929/?c=750000000
169543024,Apple iPhone 17 Pro Max 12 ГБ/256 ГБ темно-синий + Адаптер 20Вт USB-C,Apple,754459,Region верифицированный,02.10.2026 | 06:46:37,https://kaspi.kz/shop/p/apple-iphone-17-pro-max-12-gb-256-gb-temno-sinii-adapter-20vt-usb-c-169543024/?c=750000000
143567747,Смартфон Apple iPhone 16 256Gb NanoSIM+eSIM черный + подарок,Apple,561280,SmartDuken,02.10.2026 | 06:46:37,https://kaspi.kz/shop/p/apple-iphone-16-256gb-nanosim-esim-chernyi-podarok-143567747/?c=750000000
143567625,Apple iPhone 16 128Gb черный + подарок (адаптер Apple USB-C 20 Вт),Apple,464675,Artis Optima,02.10.2026 | 06:46:37,https://kaspi.kz/shop/p/apple-iphone-16-128gb-nanosim-esim-chernyi-podarok-143567625/?c=750000000
148444285,Смартфон Apple iPhone 17 512Gb Dual eSim белый,Apple,614317,NewTechno верифицированный,02.10.2026 | 06:46:37,https://kaspi.kz/shop/p/apple-iphone-17-512gb-dual-esim-belyi-148444285/?c=750000000
143580585,Apple iPhone 15 128Gb NanoSIM+eSIM синий + подарок,Apple,405895,Amir.ON,02.10.2026 | 06:46:37,https://kaspi.kz/shop/p/apple-iphone-15-128gb-nanosim-esim-sinii-podarok-143580585/?c=750000000
113587942,Apple iPhone 15 Pro Max 256Gb Dual Sim серый,Apple,849990,Mobile_Shop,02.10.2026 | 06:46:37,https://kaspi.kz/shop/p/apple-iphone-15-pro-max-256gb-dual-sim-seryi-113587942/?c=750000000
169542995,Apple iPhone 17 Pro Max 12 ГБ/256 ГБ оранжевый + Адаптер 20Вт USB-C,Apple,754465,Region верифицированный,02.10.2026 | 06:46:37,https://kaspi.kz/shop/p/apple-iphone-17-pro-max-12-gb-256-gb-oranzhevyi-adapter-20vt-usb-c-169542995/?c=750000000
128746228,Смартфон Apple iPhone 16 Pro Max 256Gb Dual Sim черный,Apple,699990,OZEN,02.10.2026 | 06:46:37,https://kaspi.kz/shop/p/apple-iphone-16-pro-max-256gb-dual-sim-chernyi-128746228/?c=750000000
148427416,Apple iPhone 17 Pro Max 2Tb Dual eSim темно-синий,Apple,1119900,Sirius,02.10.2026 | 06:46:37,https://kaspi.kz/shop/p/apple-iphone-17-pro-max-2tb-dual-esim-temno-sinii-148427416/?c=750000000
113138184,Смартфон Apple iPhone 15 Pro 128Gb NanoSIM+eSIM серый,Apple,694982,Aslan Tel,02.10.2026 | 06:46:37,https://kaspi.kz/shop/p/apple-iphone-15-pro-128gb-nanosim-esim-seryi-113138184/?c=750000000
106363195,Apple iPhone 14 Plus 256Gb NanoSIM+eSIM черный,Apple,439218,GadgetON,02.10.2026 | 06:46:37,https://kaspi.kz/shop/p/apple-iphone-14-plus-256gb-nanosim-esim-chernyi-106363195/?c=750000000
106363156,Смартфон Apple iPhone 14 512Gb NanoSIM+eSIM голубой,Apple,441200,"ТОО ""ONEPEOPLE""",02.10.2026 | 06:46:46,https://kaspi.kz/shop/p/apple-iphone-14-512gb-nanosim-esim-goluboi-106363156/?c=750000000
124338452,Apple iPhone 16 Pro Max 256Gb Dual eSim белый,Apple,727715,TOP_DEVICE,02.10.2026 | 06:46:46,https://kaspi.kz/shop/p/apple-iphone-16-pro-max-256gb-dual-esim-belyi-124338452/?c=750000000
113138578,Apple iPhone 15 Pro Max 256Gb NanoSIM+eSIM белый,Apple,696780,Ssunshine,02.10.2026 | 06:46:46,https://kaspi.kz/shop/p/apple-iphone-15-pro-max-256gb-nanosim-esim-belyi-113138578/?c=750000000
123890803,Apple iPhone 16 Pro Max 512Gb NanoSIM+eSIM серебристый,Apple,757720,"ТОО ""TECHNIC PLUS""",02.10.2026 | 06:46:46,https://kaspi.kz/shop/p/apple-iphone-16-pro-max-512gb-nanosim-esim-serebristyi-123890803/?c=750000000
152024370,Смартфон Apple iPhone 17 Pro Max 256Gb Dual eSim синий + подарок,Apple,767768,MOBILS,02.10.2026 | 06:46:46,https://kaspi.kz/shop/p/apple-iphone-17-pro-max-256gb-dual-esim-sinii-podarok-152024370/?c=750000000
123745196,Apple iPhone 16 Plus 256Gb NanoSIM+eSIM черный,Apple,547771,VERIQ,02.10.2026 | 06:46:46,https://kaspi.kz/shop/p/apple-iphone-16-plus-256gb-nanosim-esim-chernyi-123745196/?c=750000000
151761043,Смартфон Apple iPhone 17 Pro 256Gb Dual eSim оранжевый + подарок,Apple,736782,SmartDuken,02.10.2026 | 06:46:46,https://kaspi.kz/shop/p/apple-iphone-17-pro-256gb-dual-esim-oranzhevyi-podarok-151761043/?c=750000000
152720530,Apple iPhone 17 Pro Max 256 APPLE_GIFT_YA24 CosmicOrange,Apple,789508,NOVAMART,02.10.2026 | 06:46:46,https://kaspi.kz/shop/p/apple-iphone-17-pro-max-256gb-nanosim-esim-oranzhevyi-podarok-152720530/?c=750000000
121703209,Смартфон Apple iPhone 15 Pro Max 256Gb Dual eSim серый,Apple,679999,Apple-Plus,02.10.2026 | 06:46:46,https://kaspi.kz/shop/p/apple-iphone-15-pro-max-256gb-dual-esim-seryi-121703209/?c=750000000
148445009,Apple iPhone 17 512Gb Dual eSim фиолетовый,Apple,679993,MEGAPHONE,02.10.2026 | 06:46:46,https://kaspi.kz/shop/p/apple-iphone-17-512gb-dual-esim-fioletovyi-148445009/?c=750000000
145438023,Apple iPhone Air 512Gb белый,Apple,604873,ALPHA,02.10.2026 | 06:46:46,https://kaspi.kz/shop/p/apple-iphone-air-512gb-belyi-145438023/?c=750000000
113138605,Apple iPhone 15 Pro Max 512Gb NanoSIM+eSIM белый,Apple,719247,KHAN MOBILE,02.10.2026 | 06:46:46,https://kaspi.kz/shop/p/apple-iphone-15-pro-max-512gb-nanosim-esim-belyi-113138605/?c=750000000
123890646,Apple iPhone 16 Pro Max 1Tb золотистый,Apple,817191,Mobile Land,02.10.2026 | 06:47:41,https://kaspi.kz/shop/p/apple-iphone-16-pro-max-1tb-nanosim-esim-zolotistyi-123890646/?c=750000000
113137974,Apple iPhone 15 128Gb NanoSIM+eSIM зеленый,Apple,590000,GadgetON,02.10.2026 | 06:47:41,https://kaspi.kz/shop/p/apple-iphone-15-128gb-nanosim-esim-zelenyi-113137974/?c=750000000
106363222,Смартфон Apple iPhone 14 Plus 256Gb NanoSIM+eSIM сиреневый,Apple,542499,AG shop,02.10.2026 | 06:47:41,https://kaspi.kz/shop/p/apple-iphone-14-plus-256gb-nanosim-esim-sirenevyi-106363222/?c=750000000
123745316,Apple iPhone 16 Plus 128Gb NanoSIM+eSIM белый,Apple,548200,GadgetON,02.10.2026 | 06:47:41,https://kaspi.kz/shop/p/apple-iphone-16-plus-128gb-nanosim-esim-belyi-123745316/?c=750000000
146090795,Смартфон Apple iPhone 17 8 ГБ/256 ГБ голубой + подарок,Apple,581388,SAPALY Store,02.10.2026 | 06:47:41,https://kaspi.kz/shop/p/apple-iphone-17-8-gb-256-gb-goluboi-podarok-146090795/?c=750000000
131880206,Apple iPhone 16 128Gb Dual Sim черный,Apple,497990,SMART TRADE,02.10.2026 | 06:47:41,https://kaspi.kz/shop/p/apple-iphone-16-128gb-dual-sim-chernyi-131880206/?c=750000000
124337961,Apple iPhone 16 128Gb Dual eSim белый,Apple,497998,Mobile_Shop,02.10.2026 | 06:47:41,https://kaspi.kz/shop/p/apple-iphone-16-128gb-dual-esim-belyi-124337961/?c=750000000
143567479,Apple iPhone 16 128Gb NanoSIM+eSIM белый + подарок,Apple,473600,UMMAH STORE,02.10.2026 | 06:47:41,https://kaspi.kz/shop/p/apple-iphone-16-128gb-nanosim-esim-belyi-podarok-143567479/?c=750000000
106363209,Apple iPhone 14 Plus 128Gb NanoSIM+eSIM бежевый,Apple,523305,GadgetON,02.10.2026 | 06:47:41,https://kaspi.kz/shop/p/apple-iphone-14-plus-128gb-nanosim-esim-bezhevyi-106363209/?c=750000000
152720870,Смартфон Apple iPhone 17 Pro Max 256Gb NanoSIM+eSIM темно-синий + подарок,Apple,813240,MOBILS,02.10.2026 | 06:47:41,https://kaspi.kz/shop/p/apple-iphone-17-pro-max-256gb-nanosim-esim-temno-sinii-podarok-152720870/?c=750000000
113587925,Смартфон Apple iPhone 15 Pro Max 512Gb Dual Sim серый,Apple,679999,OZEN,02.10.2026 | 06:47:41,https://kaspi.kz/shop/p/apple-iphone-15-pro-max-512gb-dual-sim-seryi-113587925/?c=750000000
113138285,Apple iPhone 15 Pro 256Gb NanoSIM+eSIM белый,Apple,668820,"ТОО ""TECHNIC PLUS""",02.10.2026 | 06:47:41,https://kaspi.kz/shop/p/apple-iphone-15-pro-256gb-nanosim-esim-belyi-113138285/?c=750000000
152720326,Смартфон Apple iPhone 17 256Gb NanoSIM+eSIM черный + подарок,Apple,599990,ArrowXKZ,02.10.2026 | 06:47:50,https://kaspi.kz/shop/p/apple-iphone-17-256gb-nanosim-esim-chernyi-podarok-152720326/?c=750000000
106363312,Apple iPhone 14 Pro 256Gb золотистый,Apple,857777,CN-MARKET,02.10.2026 | 06:47:50,https://kaspi.kz/shop/p/apple-iphone-14-pro-256gb-nanosim-esim-zolotistyi-106363312/?c=750000000
124337999,Apple iPhone 16 128Gb Dual eSim розовый,Apple,496000,UMMAH STORE,02.10.2026 | 06:47:50,https://kaspi.kz/shop/p/apple-iphone-16-128gb-dual-esim-rozovyi-124337999/?c=750000000
152720736,Смартфон Apple iPhone 17 Pro Max 256Gb NanoSIM+eSIM серебристый + подарок,Apple,811936,MOBILS,02.10.2026 | 06:47:50,https://kaspi.kz/shop/p/apple-iphone-17-pro-max-256gb-nanosim-esim-serebristyi-podarok-152720736/?c=750000000
113137983,Apple iPhone 15 256Gb NanoSIM+eSIM зеленый,Apple,508308,Mobile_Shop,02.10.2026 | 06:47:50,https://kaspi.kz/shop/p/apple-iphone-15-256gb-nanosim-esim-zelenyi-113137983/?c=750000000
114790867,Смартфон Apple iPhone 15 Pro 256Gb Dual Sim белый,Apple,629998,iStore KZ,02.10.2026 | 06:47:50,https://kaspi.kz/shop/p/apple-iphone-15-pro-256gb-dual-sim-belyi-114790867/?c=750000000
113933974,Apple iPhone 15 128Gb Dual Sim синий,Apple,447999,ZAKSTOR,02.10.2026 | 06:47:50,https://kaspi.kz/shop/p/apple-iphone-15-128gb-dual-sim-sinii-113933974/?c=750000000
152721148,Apple iPhone 17 Pro 256 APPLE_GIFT_YA24 Silver,Apple,755282,NOVAMART,02.10.2026 | 06:47:50,https://kaspi.kz/shop/p/apple-iphone-17-pro-256gb-nanosim-esim-serebristyi-podarok-152721148/?c=750000000
113589021,Смартфон Apple iPhone 15 Pro 256Gb Dual Sim серый,Apple,669999,OZEN,02.10.2026 | 06:47:50,https://kaspi.kz/shop/p/apple-iphone-15-pro-256gb-dual-sim-seryi-113589021/?c=750000000
152721139,Apple iPhone 17 Pro 256Gb оранжевый + подарок (Яндекс Плюс 24 месяцев),Apple,731048,Sirius,02.10.2026 | 06:47:50,https://kaspi.kz/shop/p/apple-iphone-17-pro-256gb-nanosim-esim-oranzhevyi-podarok-152721139/?c=750000000
123776337,Apple iPhone 16 Plus 128Gb NanoSIM+eSIM синий,Apple,542466,Lynx,02.10.2026 | 06:47:50,https://kaspi.kz/shop/p/apple-iphone-16-plus-128gb-nanosim-esim-sinii-123776337/?c=750000000
102298785,Смартфон Apple iPhone 13 Pro 1Tb NanoSIM+eSIM серый,Apple,549999,OZEN,02.10.2026 | 06:47:50,https://kaspi.kz/shop/p/apple-iphone-13-pro-1tb-nanosim-esim-seryi-102298785/?c=750000000
163961550,Смартфон Apple iPhone 17 256Gb черный + подарок,Apple,595340,FONIQ,02.10.2026 | 06:47:59,https://kaspi.kz/shop/p/apple-iphone-17-256gb-chernyi-podarok-163961550/?c=750000000
106950256,Смартфон Apple iPhone 13 128Gb Dual Sim белый,Apple,359990,Device_kz,02.10.2026 | 06:47:59,https://kaspi.kz/shop/p/apple-iphone-13-128gb-dual-sim-belyi-106950256/?c=750000000
143577616,Apple iPhone 15 256 APPLE_GIFT_USB_C_20W Black,Apple,514634,NOVAMART,02.10.2026 | 06:47:59,https://kaspi.kz/shop/p/apple-iphone-15-256gb-nanosim-esim-chernyi-podarok-143577616/?c=750000000
113587997,Смартфон Apple iPhone 15 Pro Max 256Gb Dual Sim черный,Apple,649998,iStore KZ,02.10.2026 | 06:47:59,https://kaspi.kz/shop/p/apple-iphone-15-pro-max-256gb-dual-sim-chernyi-113587997/?c=750000000
106363236,Смартфон Apple iPhone 14 Plus 512Gb NanoSIM+eSIM бежевый,Apple,549664,AG shop,02.10.2026 | 06:47:59,https://kaspi.kz/shop/p/apple-iphone-14-plus-512gb-nanosim-esim-bezhevyi-106363236/?c=750000000
145468628,Apple iPhone Air 1024Gb черный,Apple,713434,T-Space,02.10.2026 | 06:47:59,https://kaspi.kz/shop/p/apple-iphone-air-1024gb-chernyi-145468628/?c=750000000
113587969,Смартфон Apple iPhone 15 Pro Max 512Gb Dual Sim черный,Apple,679998,iStore KZ,02.10.2026 | 06:47:59,https://kaspi.kz/shop/p/apple-iphone-15-pro-max-512gb-dual-sim-chernyi-113587969/?c=750000000
145468558,Смартфон Apple iPhone Air 1024Gb золотистый,Apple,774339,iNomad,02.10.2026 | 06:47:59,https://kaspi.kz/shop/p/apple-iphone-air-1024gb-zolotistyi-145468558/?c=750000000
168156615,Apple iPhone 15 128Gb черный + подарок,Apple,440986,Amir.ON,02.10.2026 | 06:47:59,https://kaspi.kz/shop/p/apple-iphone-15-128gb-chernyi-podarok-168156615/?c=750000000
147534417,Смартфон Apple iPhone Air 256Gb черный + подарок,Apple,586457,SAPALY Store,02.10.2026 | 06:47:59,https://kaspi.kz/shop/p/apple-iphone-air-256gb-chernyi-podarok-147534417/?c=750000000
148444404,Apple iPhone 17 512Gb Dual eSim зеленый,Apple,620016,FORTUNA,02.10.2026 | 06:47:59,https://kaspi.kz/shop/p/apple-iphone-17-512gb-dual-esim-zelenyi-148444404/?c=750000000
106363141,Смартфон Apple iPhone 14 256Gb NanoSIM+eSIM сиреневый,Apple,444900,UMMAH STORE 2,02.10.2026 | 06:47:59,https://kaspi.kz/shop/p/apple-iphone-14-256gb-nanosim-esim-sirenevyi-106363141/?c=750000000
152720206,Apple iPhone 17 256Gb голубой + подарок (Яндекс Плюс 24 месяцев),Apple,559900,Sirius,02.10.2026 | 06:48:31,https://kaspi.kz/shop/p/apple-iphone-17-256gb-nanosim-esim-goluboi-podarok-152720206/?c=750000000
124337614,Смартфон Apple iPhone 16 128Gb Dual eSim фиолетовый,Apple,469999,VerifyTech - верифицированный,02.10.2026 | 06:48:31,https://kaspi.kz/shop/p/apple-iphone-16-128gb-dual-esim-fioletovyi-124337614/?c=750000000
102298911,Смартфон Apple iPhone 13 Pro Max 1Tb NanoSIM+eSIM серебристый,Apple,649999,OZEN,02.10.2026 | 06:48:31,https://kaspi.kz/shop/p/apple-iphone-13-pro-max-1tb-nanosim-esim-serebristyi-102298911/?c=750000000
167231531,Смартфон Apple iPhone 17 8 ГБ/256 ГБ черный + подарок,Apple,593912,AG shop,02.10.2026 | 06:48:31,https://kaspi.kz/shop/p/apple-iphone-17-8-gb-256-gb-chernyi-podarok-167231531/?c=750000000
154660564,Apple iPhone 17 256Gb черный + подарок (Яндекс Плюс 12 месяцев),Apple,564900,Sirius,02.10.2026 | 06:48:31,https://kaspi.kz/shop/p/apple-iphone-17-256gb-nanosim-esim-chernyi-podarok-154660564/?c=750000000
106363327,Apple iPhone 14 Pro Max 256Gb NanoSIM+eSIM серебристый,Apple,619900,Ssunshine,02.10.2026 | 06:48:31,https://kaspi.kz/shop/p/apple-iphone-14-pro-max-256gb-nanosim-esim-serebristyi-106363327/?c=750000000
102298395,Смартфон Apple iPhone 13 512Gb NanoSIM+eSIM синий,Apple,500000,ProUnit,02.10.2026 | 06:48:31,https://kaspi.kz/shop/p/apple-iphone-13-512gb-nanosim-esim-sinii-102298395/?c=750000000
143567720,Смартфон Apple iPhone 16 256Gb NanoSIM+eSIM розовый + розовый,Apple,622762,MOBILS,02.10.2026 | 06:48:31,https://kaspi.kz/shop/p/apple-iphone-16-256gb-nanosim-esim-rozovyi-rozovyi-143567720/?c=750000000
123776191,Apple iPhone 16 Plus 256Gb NanoSIM+eSIM розовый,Apple,545704,PROFIT-ACTIVE,02.10.2026 | 06:48:31,https://kaspi.kz/shop/p/apple-iphone-16-plus-256gb-nanosim-esim-rozovyi-123776191/?c=750000000
121703275,Смартфон Apple iPhone 15 Pro Max 256Gb Dual eSim белый,Apple,660000,Apple-Plus,02.10.2026 | 06:48:31,https://kaspi.kz/shop/p/apple-iphone-15-pro-max-256gb-dual-esim-belyi-121703275/?c=750000000
152721159,Apple iPhone 17 Pro 256 APPLE_GIFT_YA24 DeepBlue,Apple,729989,NOVAMART,02.10.2026 | 06:48:31,https://kaspi.kz/shop/p/apple-iphone-17-pro-256gb-nanosim-esim-temno-sinii-podarok-152721159/?c=750000000
177319302,iPhone 18 Pro Max 256GB Silver,Apple,909990,iSpace Apple Premium Partner,02.10.2026 | 06:48:31,https://kaspi.kz/shop/p/apple-iphone-18-pro-max-256gb-nanosim-esim-serebristyi-177319302/?c=750000000
102298986,Смартфон Apple iPhone 13 Pro Max 1Tb NanoSIM+eSIM серый,Apple,649999,OZEN,02.10.2026 | 06:50:57,https://kaspi.kz/shop/p/apple-iphone-13-pro-max-1tb-nanosim-esim-seryi-102298986/?c=750000000
114963265,Apple iPhone 15 256Gb Dual Sim черный,Apple,528000,UMMAH STORE,02.10.2026 | 06:50:57,https://kaspi.kz/shop/p/apple-iphone-15-dual-sim-6-gb-256-gb-chernyi-114963265/?c=750000000
121692313,Apple iPhone 15 128Gb Dual eSim голубой,Apple,440000,UMMAH STORE,02.10.2026 | 06:50:57,https://kaspi.kz/shop/p/apple-iphone-15-128gb-dual-esim-goluboi-121692313/?c=750000000
167231243,Apple iPhone 17 256Gb белый +подарок(Apple EarPods USB-C+Apple Power Adapter 20W+Яндекс 12 месяцев),Apple,594114,Sirius,02.10.2026 | 06:50:57,https://kaspi.kz/shop/p/apple-iphone-17-8-gb-256-gb-belyi-podarok-167231243/?c=750000000
143567514,Apple iPhone 16 128Gb NanoSIM+eSIM фиолетовый + подарок,Apple,476987,GadgetON,02.10.2026 | 06:50:57,https://kaspi.kz/shop/p/apple-iphone-16-128gb-nanosim-esim-fioletovyi-podarok-143567514/?c=750000000
113587645,Смартфон Apple iPhone 15 Pro Max 256Gb Dual Sim белый,Apple,649999,OZEN,02.10.2026 | 06:50:57,https://kaspi.kz/shop/p/apple-iphone-15-pro-max-256gb-dual-sim-belyi-113587645/?c=750000000
113138015,Apple iPhone 15 Plus 128Gb NanoSIM+eSIM черный,Apple,540000,Мобитайм,02.10.2026 | 06:50:57,https://kaspi.kz/shop/p/apple-iphone-15-plus-128gb-nanosim-esim-chernyi-113138015/?c=750000000
168157098,Смартфон Apple iPhone 17 256Gb черный + подарок,Apple,645552,MOBILS,02.10.2026 | 06:50:57,https://kaspi.kz/shop/p/apple-iphone-17-256gb-chernyi-podarok-168157098/?c=750000000
131734933,Apple iPhone 16 128Gb Dual Sim белый,Apple,496000,UMMAH STORE,02.10.2026 | 06:50:57,https://kaspi.kz/shop/p/apple-iphone-16-128gb-dual-sim-belyi-131734933/?c=750000000
152720177,Apple iPhone 17 256Gb белый + подарок (Яндекс Плюс 24 месяцев),Apple,559900,Sirius,02.10.2026 | 06:50:57,https://kaspi.kz/shop/p/apple-iphone-17-256gb-nanosim-esim-belyi-podarok-152720177/?c=750000000
102298980,Смартфон Apple iPhone 13 Pro Max 512Gb NanoSIM+eSIM серый,Apple,619999,OZEN,02.10.2026 | 06:50:57,https://kaspi.kz/shop/p/apple-iphone-13-pro-max-512gb-nanosim-esim-seryi-102298980/?c=750000000
124338514,Apple iPhone 16 Pro Max 512Gb Dual eSim золотистый,Apple,1000000,Mobile_Shop,02.10.2026 | 06:50:57,https://kaspi.kz/shop/p/apple-iphone-16-pro-max-512gb-dual-esim-zolotistyi-124338514/?c=750000000
128138782,Apple iPhone 16 Pro Max 256Gb Dual Sim золотистый,Apple,849990,Mobile_Shop,02.10.2026 | 06:51:53,https://kaspi.kz/shop/p/apple-iphone-16-pro-max-256gb-dual-sim-zolotistyi-128138782/?c=750000000
168156670,Apple iPhone 15 256 APPLE2_GIFT_A20W_EAR Black,Apple,534372,NOVAMART,02.10.2026 | 06:51:53,https://kaspi.kz/shop/p/apple-iphone-15-256gb-chernyi-podarok-168156670/?c=750000000
107734586,Apple iPhone 14 128Gb Dual Sim starlight,Apple,529990,Mobile_Shop,02.10.2026 | 06:51:53,https://kaspi.kz/shop/p/apple-iphone-14-128gb-dual-sim-starlight-107734586/?c=750000000
167390672,Apple iPhone 17 Pro 256 APPLE1_GIFT_A20W_EAR_YA12 Silver,Apple,778990,NOVAMART,02.10.2026 | 06:51:53,https://kaspi.kz/shop/p/apple-iphone-17-pro-256gb-serebristyi-podarok-167390672/?c=750000000
123889486,Apple iPhone 16 Pro 512Gb NanoSIM&#43;eSIM золотистый,Apple,879000,TOP_DEVICE,02.10.2026 | 06:51:53,https://kaspi.kz/shop/p/apple-iphone-16-pro-512gb-nanosim-esim-zolotistyi-123889486/?c=750000000
123890508,Apple iPhone 16 Pro Max 1Tb NanoSIM+eSIM белый,Apple,807121,VerifyTech - верифицированный,02.10.2026 | 06:51:53,https://kaspi.kz/shop/p/apple-iphone-16-pro-max-1tb-nanosim-esim-belyi-123890508/?c=750000000
134454675,Смартфон Apple iPhone 16 128Gb Dual Sim розовый,Apple,499900,UMMAH STORE,02.10.2026 | 06:51:53,https://kaspi.kz/shop/p/apple-iphone-16-128gb-dual-sim-rozovyi-134454675/?c=750000000
152720245,Apple iPhone 17 256Gb NanoSIM+eSIM фиолетовый + подарок,Apple,598990,Lynx,02.10.2026 | 06:51:53,https://kaspi.kz/shop/p/apple-iphone-17-256gb-nanosim-esim-fioletovyi-podarok-152720245/?c=750000000
169699246,Смартфон Apple iPhone 17 8 ГБ/256 ГБ черный + подарок,Apple,611189,SAPALY Store,02.10.2026 | 06:51:53,https://kaspi.kz/shop/p/apple-iphone-17-8-gb-256-gb-chernyi-podarok-169699246/?c=750000000
143563956,Смартфон Apple iPhone 16 128Gb NanoSIM+eSIM розовый + подарок,Apple,474000,UMMAH STORE 2,02.10.2026 | 06:51:53,https://kaspi.kz/shop/p/apple-iphone-16-128gb-nanosim-esim-rozovyi-podarok-143563956/?c=750000000
143567273,Apple iPhone 16 128Gb NanoSIM+eSIM зеленый + подарок,Apple,477776,GadgetON,02.10.2026 | 06:51:53,https://kaspi.kz/shop/p/apple-iphone-16-128gb-nanosim-esim-zelenyi-podarok-143567273/?c=750000000
113138062,Apple iPhone 15 Plus 128Gb NanoSIM+eSIM зеленый,Apple,489950,GadgetON,02.10.2026 | 06:51:53,https://kaspi.kz/shop/p/apple-iphone-15-plus-128gb-nanosim-esim-zelenyi-113138062/?c=750000000
142747406,Смартфон Apple iPhone 16 Pro Max 512Gb Dual Sim черный,Apple,799998,iStore KZ,02.10.2026 | 06:52:24,https://kaspi.kz/shop/p/apple-iphone-16-pro-max-512gb-dual-sim-chernyi-142747406/?c=750000000
106363323,Apple iPhone 14 Pro 1Tb фиолетовый,Apple,777777,CN-MARKET,02.10.2026 | 06:52:24,https://kaspi.kz/shop/p/apple-iphone-14-pro-1tb-nanosim-esim-fioletovyi-106363323/?c=750000000
168157632,Смартфон Apple iPhone 17256Gb фиолетовый + подарок,Apple,613669,SmartDuken,02.10.2026 | 06:52:24,https://kaspi.kz/shop/p/apple-iphone-17256gb-fioletovyi-podarok-168157632/?c=750000000
152721170,Смартфон Apple iPhone 17 Pro 512Gb NanoSIM+eSIM оранжевый + подарок,Apple,877756,MOBILS,02.10.2026 | 06:52:24,https://kaspi.kz/shop/p/apple-iphone-17-pro-512gb-nanosim-esim-oranzhevyi-podarok-152721170/?c=750000000
152005911,Apple iPhone 17 256Gb Dual eSim черный + подарок,Apple,648960,Lynx,02.10.2026 | 06:52:24,https://kaspi.kz/shop/p/apple-iphone-17-256gb-dual-esim-chernyi-podarok-152005911/?c=750000000
169699857,Смартфон Apple iPhone 17 Pro Max 12/256GB Cosmic Orange Чехол Apple для iPhone 17 Pro Max Clear Case with MagSafe MGFW4ZM/A,Apple,778980,Sulpаk,02.10.2026 | 06:52:24,https://kaspi.kz/shop/p/apple-iphone-17-pro-max-12-gb-256-gb-oranzhevyi-podarok-169699857/?c=750000000
113138043,Apple iPhone 15 Plus 128Gb NanoSIM+eSIM голубой,Apple,615030,GadgetON,02.10.2026 | 06:52:24,https://kaspi.kz/shop/p/apple-iphone-15-plus-128gb-nanosim-esim-goluboi-113138043/?c=750000000
168155747,,Apple,522978,MOBILS,02.10.2026 | 06:52:24,https://kaspi.kz/shop/p/apple-iphone-16-128gb-belyi-podarok-168155747/?c=750000000
145468579,Смартфон Apple iPhone Air 1024Gb голубой,Apple,740000,FONIQ,02.10.2026 | 06:52:24,https://kaspi.kz/shop/p/apple-iphone-air-1024gb-goluboi-145468579/?c=750000000
168155811,Apple iPhone 16 128 APPLE2_GIFT_A20W_EAR Black,Apple,518546,NOVAMART,02.10.2026 | 06:52:24,https://kaspi.kz/shop/p/apple-iphone-16-128gb-chernyi-podarok-168155811/?c=750000000
167487379,Смартфон Apple iPhone 17 Pro Max 256Gb оранжевый + подарок,Apple,842723,MOBILS,02.10.2026 | 06:52:25,https://kaspi.kz/shop/p/apple-iphone-17-pro-max-256gb-oranzhevyi-podarok-167487379/?c=750000000
113137957,Apple iPhone 15 128Gb NanoSIM+eSIM желтый,Apple,470043,GadgetON,02.10.2026 | 06:52:25,https://kaspi.kz/shop/p/apple-iphone-15-128gb-nanosim-esim-zheltyi-113137957/?c=750000000
168157656,Смартфон Apple iPhone 17 256Gb черный + подарок,Apple,574574,SAPALY Store,02.10.2026 | 06:52:34,https://kaspi.kz/shop/p/apple-iphone-17-256gb-chernyi-podarok-168157656/?c=750000000
167281247,Смартфон Apple iPhone 16 128Gb черный + подарок,Apple,502893,MOBILS,02.10.2026 | 06:52:34,https://kaspi.kz/shop/p/apple-iphone-16-128gb-chernyi-podarok-167281247/?c=750000000
104079153,Смартфон Apple iPhone 13 Pro Max 256Gb NanoSIM+eSIM зеленый,Apple,599999,OZEN,02.10.2026 | 06:52:34,https://kaspi.kz/shop/p/apple-iphone-13-pro-max-256gb-nanosim-esim-zelenyi-104079153/?c=750000000
167231254,Смартфон Apple iPhone 17 8 ГБ/256 ГБ черный + подарок,Apple,672087,SmartDuken,02.10.2026 | 06:52:34,https://kaspi.kz/shop/p/apple-iphone-17-8-gb-256-gb-chernyi-podarok-167231254/?c=750000000
133017964,Apple iPhone 16 128Gb Dual Sim фиолетовый,Apple,499500,UMMAH STORE,02.10.2026 | 06:52:34,https://kaspi.kz/shop/p/apple-iphone-16-128gb-dual-sim-fioletovyi-133017964/?c=750000000
102298904,Смартфон Apple iPhone 13 Pro Max 512Gb NanoSIM+eSIM серебристый,Apple,619999,OZEN,02.10.2026 | 06:52:34,https://kaspi.kz/shop/p/apple-iphone-13-pro-max-512gb-nanosim-esim-serebristyi-102298904/?c=750000000
143568128,Apple iPhone 16 Pro Max 256Gb NanoSIM+eSIM золотистый + подарок,Apple,699000,Мобитайм,02.10.2026 | 06:52:34,https://kaspi.kz/shop/p/apple-iphone-16-pro-max-256gb-nanosim-esim-zolotistyi-podarok-143568128/?c=750000000
167390793,Apple iPhone 17 Pro 256 APPLE1_GIFT_A20W_EAR_YA12 CosmicOrange,Apple,780990,NOVAMART,02.10.2026 | 06:52:34,https://kaspi.kz/shop/p/apple-iphone-17-pro-256gb-oranzhevyi-podarok-167390793/?c=750000000
167487345,Смартфон Apple iPhone 17 Pro Max 256Gb темно-синий + подарок,Apple,850060,MOBILS,02.10.2026 | 06:52:34,https://kaspi.kz/shop/p/apple-iphone-17-pro-max-256gb-temno-sinii-podarok-167487345/?c=750000000
168157082,Смартфон Apple iPhone 17 256Gb фиолетовый + подарок,Apple,654988,SAPALY Store,02.10.2026 | 06:52:34,https://kaspi.kz/shop/p/apple-iphone-17-256gb-fioletovyi-podarok-168157082/?c=750000000
152030166,Apple iPhone Air 256 APPLE_GIFT_YA24 SpaceBlack,Apple,599989,NOVAMART,02.10.2026 | 06:52:34,https://kaspi.kz/shop/p/apple-iphone-air-256gb-chernyi-podarok-152030166/?c=750000000
171183193,Apple iPhone 17e 256Gb dual eSIM белый,Apple,475009,ZAKSTOR,02.10.2026 | 06:52:34,https://kaspi.kz/shop/p/apple-iphone-17e-256gb-dual-esim-belyi-171183193/?c=750000000
113587585,Apple iPhone 15 Pro Max 512Gb Dual Sim белый,Apple,739813,VerifyTech - верифицированный,02.10.2026 | 06:53:28,https://kaspi.kz/shop/p/apple-iphone-15-pro-max-512gb-dual-sim-belyi-113587585/?c=750000000
104078988,Apple iPhone 13 Pro 128Gb NanoSIM+eSIM зеленый,Apple,448999,Khan Grоup,02.10.2026 | 06:53:28,https://kaspi.kz/shop/p/apple-iphone-13-pro-128gb-nanosim-esim-zelenyi-104078988/?c=750000000
154660597,Смартфон Apple iPhone 17 256Gb NanoSIM+eSIM фиолетовый + подарок,Apple,637780,SmartDuken,02.10.2026 | 06:53:28,https://kaspi.kz/shop/p/apple-iphone-17-256gb-nanosim-esim-fioletovyi-podarok-154660597/?c=750000000
168860534,Apple iPhone 17 Pro 256 APPLE2_GIFT_A20W_EAR Silver,Apple,768787,NOVAMART,02.10.2026 | 06:53:28,https://kaspi.kz/shop/p/apple-iphone-17-pro-256gb-serebristyi-podarok-168860534/?c=750000000
113138463,Apple iPhone 15 Pro Max 1Tb NanoSIM+eSIM серый,Apple,770140,GOLDEN_KZ,02.10.2026 | 06:53:28,https://kaspi.kz/shop/p/apple-iphone-15-pro-max-1tb-nanosim-esim-seryi-113138463/?c=750000000
168860507,Смартфон Apple iPhone 17 Pro 256Gb серебристый + подарок,Apple,838160,SAPALY Store,02.10.2026 | 06:53:28,https://kaspi.kz/shop/p/apple-iphone-17-pro-256gb-serebristyi-podarok-168860507/?c=750000000
152721002,Apple iPhone 17 Pro Max 512 APPLE_GIFT_YA24 DeepBlue,Apple,960715,NOVAMART,02.10.2026 | 06:53:28,https://kaspi.kz/shop/p/apple-iphone-17-pro-max-512gb-nanosim-esim-temno-sinii-podarok-152721002/?c=750000000
124338427,Apple iPhone 16 Pro Max 512Gb Dual eSim черный,Apple,1000000,Mobile_Shop,02.10.2026 | 06:53:28,https://kaspi.kz/shop/p/apple-iphone-16-pro-max-512gb-dual-esim-chernyi-124338427/?c=750000000
124338439,Apple iPhone 16 Pro Max 1Tb Dual eSim черный,Apple,898870,Apple-Plus,02.10.2026 | 06:53:28,https://kaspi.kz/shop/p/apple-iphone-16-pro-max-1tb-dual-esim-chernyi-124338439/?c=750000000
147534261,Смартфон Apple iPhone Air 256Gb белый + подарок,Apple,608858,SmartDuken,02.10.2026 | 06:53:28,https://kaspi.kz/shop/p/apple-iphone-air-256gb-belyi-podarok-147534261/?c=750000000
152720974,Смартфон Apple iPhone 17 Pro Max 512Gb NanoSIM+eSIM серебристый + подарок,Apple,1020661,CN-MARKET,02.10.2026 | 06:53:28,https://kaspi.kz/shop/p/apple-iphone-17-pro-max-512gb-nanosim-esim-serebristyi-podarok-152720974/?c=750000000
113138194,Apple iPhone 15 Pro 512Gb NanoSIM+eSIM черный,Apple,808889,CN-MARKET,02.10.2026 | 06:53:28,https://kaspi.kz/shop/p/apple-iphone-15-pro-512gb-nanosim-esim-chernyi-113138194/?c=750000000
147534458,Смартфон Apple iPhone Air 256Gb голубой + подарок,Apple,609654,AG shop,02.10.2026 | 06:55:08,https://kaspi.kz/shop/p/apple-iphone-air-256gb-goluboi-podarok-147534458/?c=750000000
168641939,Смартфон Apple iPhone 17 Pro Max 256Gb синий + подарок,Apple,887820,NewTechno верифицированный,02.10.2026 | 06:55:08,https://kaspi.kz/shop/p/apple-iphone-17-pro-max-256gb-sinii-podarok-168641939/?c=750000000
102298435,Apple iPhone 13 512Gb NanoSIM+eSIM красный,Apple,529990,Mobile_Shop,02.10.2026 | 06:55:08,https://kaspi.kz/shop/p/apple-iphone-13-512gb-nanosim-esim-krasnyi-102298435/?c=750000000
107195822,Apple iPhone 13 128Gb Dual Sim синий,Apple,529990,Mobile_Shop,02.10.2026 | 06:55:08,https://kaspi.kz/shop/p/apple-iphone-13-128gb-dual-sim-sinii-107195822/?c=750000000
109339995,Смартфон Apple iPhone 14 128Gb NanoSIM+eSIM желтый,Apple,494882,1Bay,02.10.2026 | 06:55:08,https://kaspi.kz/shop/p/apple-iphone-14-128gb-nanosim-esim-zheltyi-109339995/?c=750000000
168641912,Смартфон Apple iPhone 17 Pro Max 256Gb серебристый + подарок,Apple,892784,SAPALY Store,02.10.2026 | 06:55:08,https://kaspi.kz/shop/p/apple-iphone-17-pro-max-256gb-serebristyi-podarok-168641912/?c=750000000
147262004,Смартфон Apple iPhone 15 128Gb NanoSIM+eSIM черный + подарок,Apple,469997,SmartDuken,02.10.2026 | 06:55:08,https://kaspi.kz/shop/p/apple-iphone-15-128gb-nanosim-esim-chernyi-podarok-147262004/?c=750000000
124338365,Смартфон Apple iPhone 16 Pro 128Gb Dual eSim серебристый,Apple,698900,UMMAH STORE 2,02.10.2026 | 06:55:08,https://kaspi.kz/shop/p/apple-iphone-16-pro-128gb-dual-esim-serebristyi-124338365/?c=750000000
152721064,Смартфон Apple iPhone 17 Pro Max 1024Gb NanoSIM+eSIM темно-синий + подарок,Apple,1154527,AG shop,02.10.2026 | 06:55:08,https://kaspi.kz/shop/p/apple-iphone-17-pro-max-1024gb-nanosim-esim-temno-sinii-podarok-152721064/?c=750000000
121692452,Apple iPhone 15 256Gb Dual eSim голубой,Apple,519000,UMMAH STORE,02.10.2026 | 06:55:08,https://kaspi.kz/shop/p/apple-iphone-15-256gb-dual-esim-goluboi-121692452/?c=750000000
152721025,Смартфон Apple iPhone 17 Pro Max 1024Gb NanoSIM+eSIM оранжевый + подарок,Apple,1160001,SmartDuken,02.10.2026 | 06:55:08,https://kaspi.kz/shop/p/apple-iphone-17-pro-max-1024gb-nanosim-esim-oranzhevyi-podarok-152721025/?c=750000000
168035607,Смартфон Apple iPhone 17 Pro 256Gb темно-синий + подарок,Apple,970766,FONIQ,02.10.2026 | 06:55:08,https://kaspi.kz/shop/p/apple-iphone-17-pro-256gb-temno-sinii-podarok-168035607/?c=750000000
168157401,Смартфон Apple iPhone 17 256Gb голубой + подарок,Apple,569470,SAPALY Store,02.10.2026 | 06:56:25,https://kaspi.kz/shop/p/apple-iphone-17-256gb-goluboi-podarok-168157401/?c=750000000
168860560,Apple iPhone 17 Pro 256 APPLE2_GIFT_A20W_EAR CosmicOrange,Apple,759273,NOVAMART,02.10.2026 | 06:56:25,https://kaspi.kz/shop/p/apple-iphone-17-pro-256gb-oranzhevyi-podarok-168860560/?c=750000000
167231462,Смартфон Apple iPhone 17 8 ГБ/256 ГБ фиолетовый + подарок,Apple,599988,MOBILS,02.10.2026 | 06:56:25,https://kaspi.kz/shop/p/apple-iphone-17-8-gb-256-gb-fioletovyi-podarok-167231462/?c=750000000
168035175,Смартфон Apple iPhone 17 Pro 512Gb оранжевый + подарок,Apple,1068636,MOBILS,02.10.2026 | 06:56:25,https://kaspi.kz/shop/p/apple-iphone-17-pro-512gb-oranzhevyi-podarok-168035175/?c=750000000
168155140,Apple iPhone 16 128 APPLE2_GIFT_A20W_PODS Black,Apple,579607,NOVAMART,02.10.2026 | 06:56:25,https://kaspi.kz/shop/p/apple-iphone-16-128gb-chernyi-podarok-168155140/?c=750000000
121703122,Смартфон Apple iPhone 15 Pro Max 256Gb Dual eSim черный,Apple,669999,Apple-Plus,02.10.2026 | 06:56:25,https://kaspi.kz/shop/p/apple-iphone-15-pro-max-256gb-dual-esim-chernyi-121703122/?c=750000000
123776418,Смартфон Apple iPhone 16 Plus 256GB Ultramarine,Apple,547202,MEGASTORE,02.10.2026 | 06:56:25,https://kaspi.kz/shop/p/apple-iphone-16-plus-256gb-nanosim-esim-sinii-123776418/?c=750000000
167456115,Apple iPhone 17 Pro Max 512 APPLE1_GIFT_A20W_EAR_YA12 CosmicOrange,Apple,983990,NOVAMART,02.10.2026 | 06:56:25,https://kaspi.kz/shop/p/apple-iphone-17-pro-max-512gb-oranzhevyi-podarok-167456115/?c=750000000
145468523,Смартфон Apple iPhone Air 1024Gb белый,Apple,749994,iNomad,02.10.2026 | 06:56:25,https://kaspi.kz/shop/p/apple-iphone-air-1024gb-belyi-145468523/?c=750000000
177318454,Смартфон Apple iPhone 18 Pro 12/1TB Glacier,Apple,1275990,Sulpаk,02.10.2026 | 06:56:25,https://kaspi.kz/shop/p/apple-iphone-18-pro-1tb-nanosim-esim-goluboi-177318454/?c=750000000
168036327,Смартфон Apple iPhone 17 Pro Max 256Gb серебристый + подарок,Apple,1042620,MOBILS,02.10.2026 | 06:56:25,https://kaspi.kz/shop/p/apple-iphone-17-pro-max-256gb-serebristyi-podarok-168036327/?c=750000000
168860538,Apple iPhone 17 Pro 256 APPLE2_GIFT_A20W_PODS DeepBlue,Apple,837713,NOVAMART,02.10.2026 | 06:56:25,https://kaspi.kz/shop/p/apple-iphone-17-pro-256gb-sinii-podarok-168860538/?c=750000000
152720932,Apple iPhone 17 Pro Max 512 APPLE_GIFT_YA24 CosmicOrange,Apple,961830,NOVAMART,02.10.2026 | 06:58:05,https://kaspi.kz/shop/p/apple-iphone-17-pro-max-512gb-nanosim-esim-oranzhevyi-podarok-152720932/?c=750000000
147261963,Смартфон Apple iPhone 15 128Gb NanoSIM+eSIM синий + подарок (Яндекс Плюс 24 месяца),Apple,409900,Sirius,02.10.2026 | 06:58:05,https://kaspi.kz/shop/p/apple-iphone-15-128gb-nanosim-esim-sinii-podarok-147261963/?c=750000000
167455186,Apple iPhone 17 Pro Max 512Gb серебристый + подарок,Apple,1101445,Lynx,02.10.2026 | 06:58:05,https://kaspi.kz/shop/p/apple-iphone-17-pro-max-512gb-serebristyi-podarok-167455186/?c=750000000
171577783,Смартфон Apple iPhone 17e 256Gb dual eSIM розовый,Apple,460000,UMMAH STORE,02.10.2026 | 06:58:05,https://kaspi.kz/shop/p/apple-iphone-17e-256gb-dual-esim-rozovyi-171577783/?c=750000000
171515231,Apple iPhone 17 Pro 256 APPLE5_GIFT_A20W_YA36 CosmicOrange,Apple,764899,NOVAMART,02.10.2026 | 06:58:05,https://kaspi.kz/shop/p/apple-iphone-17-pro-256-gb-oranzhevyi-podarok-171515231/?c=750000000
169618122,Смартфон Apple iPhone 17 Pro 12/256GB Deep Blue Адаптер Apple 20W USB-C (MD3J4ZM/A) Чехол Apple для iPhone 17 Pro Silicone Case with MagSafe Black (MGFK4ZM/A),Apple,753460,Sulpаk,02.10.2026 | 06:58:05,https://kaspi.kz/shop/p/apple-iphone-17-pro-12-gb-256-gb-temno-sinii-podarok-169618122/?c=750000000
169699714,Смартфон Apple iPhone 17 Pro 12 ГБ/256 ГБ темно-синий + подарок,Apple,743173,Aslan Tel,02.10.2026 | 06:58:05,https://kaspi.kz/shop/p/apple-iphone-17-pro-12-gb-256-gb-temno-sinii-podarok-169699714/?c=750000000
169699812,Смартфон Apple iPhone 17 Pro Max 12 ГБ/256 ГБ серебристый + подарок,Apple,807889,SAPALY Store,02.10.2026 | 06:58:05,https://kaspi.kz/shop/p/apple-iphone-17-pro-max-12-gb-256-gb-serebristyi-podarok-169699812/?c=750000000
167231272,Смартфон Apple iPhone 17 8 ГБ/256 ГБ голубой + подарок,Apple,594275,MOBILS,02.10.2026 | 06:58:05,https://kaspi.kz/shop/p/apple-iphone-17-8-gb-256-gb-goluboi-podarok-167231272/?c=750000000
134234081,Apple iPhone 16 128 APPLE_GIFT_YA06 Black,Apple,506990,NOVAMART,02.10.2026 | 06:58:05,https://kaspi.kz/shop/p/apple-iphone-16-128gb-nanosim-esim-chernyi-podarok-134234081/?c=750000000
106363198,Смартфон Apple iPhone 14 Plus 512Gb NanoSIM+eSIM черный,Apple,650000,MOBILS,02.10.2026 | 06:58:05,https://kaspi.kz/shop/p/apple-iphone-14-plus-512gb-nanosim-esim-chernyi-106363198/?c=750000000
167643900,Смартфон Apple iPhone Air 256Gb черный + подарок,Apple,822186,AG shop,02.10.2026 | 06:58:05,https://kaspi.kz/shop/p/apple-iphone-air-256gb-chernyi-podarok-167643900/?c=750000000
146090717,Смартфон Apple iPhone Air 12 ГБ/256 ГБ голубой + подарок,Apple,678972,SAPALY Store,02.10.2026 | 06:59:00,https://kaspi.kz/shop/p/apple-iphone-air-12-gb-256-gb-goluboi-podarok-146090717/?c=750000000
168860553,Смартфон Apple iPhone 17 Pro 256Gb оранжевый + подарок,Apple,840815,NewTechno верифицированный,02.10.2026 | 06:59:00,https://kaspi.kz/shop/p/apple-iphone-17-pro-256gb-oranzhevyi-podarok-168860553/?c=750000000
113137952,Apple iPhone 15 512Gb NanoSIM+eSIM розовый,Apple,502848,BERLIN,02.10.2026 | 06:59:00,https://kaspi.kz/shop/p/apple-iphone-15-512gb-nanosim-esim-rozovyi-113137952/?c=750000000
170829111,Apple iPhone 17 8 ГБ/256 ГБ белый  + Адаптер 20Вт USB-C,Apple,559541,Sirius,02.10.2026 | 06:59:00,https://kaspi.kz/shop/p/apple-iphone-17-256gb-belyi-podarok-170829111/?c=750000000
106363117,Смартфон Apple iPhone 14 128Gb NanoSIM+eSIM сиреневый,Apple,475000,UMMAH STORE 2,02.10.2026 | 06:59:00,https://kaspi.kz/shop/p/apple-iphone-14-128gb-nanosim-esim-sirenevyi-106363117/?c=750000000
152025988,Смартфон Apple iPhone 17 Pro Max 512Gb Dual eSim серебристый + подарок,Apple,948076,CN-MARKET,02.10.2026 | 06:59:00,https://kaspi.kz/shop/p/apple-iphone-17-pro-max-512gb-dual-esim-serebristyi-podarok-152025988/?c=750000000
168157033,Смартфон Apple iPhone 17 256Gb голубой + подарок,Apple,726338,SAPALY Store,02.10.2026 | 06:59:00,https://kaspi.kz/shop/p/apple-iphone-17-256gb-goluboi-podarok-168157033/?c=750000000
169618552,Apple iPhone 17 Pro 256 APPLE4_GIFT_A20W_17PBLA Silver,Apple,794878,NOVAMART,02.10.2026 | 06:59:00,https://kaspi.kz/shop/p/apple-iphone-17-pro-12-gb-256-gb-serebristyi-podarok-169618552/?c=750000000
167231129,Смартфон Apple iPhone 17 8 ГБ/256 ГБ белый + подарок,Apple,689998,AG shop,02.10.2026 | 06:59:00,https://kaspi.kz/shop/p/apple-iphone-17-8-gb-256-gb-belyi-podarok-167231129/?c=750000000
168641970,Смартфон Apple iPhone 17 Pro Max 256Gb серебристый + подарок,Apple,826789,SAPALY Store,02.10.2026 | 06:59:00,https://kaspi.kz/shop/p/apple-iphone-17-pro-max-256gb-serebristyi-podarok-168641970/?c=750000000
167728962,Apple iPhone 17 256Gb белый + подарок,Apple,875666,Мобитайм,02.10.2026 | 06:59:00,https://kaspi.kz/shop/p/apple-iphone-17-256gb-belyi-podarok-167728962/?c=750000000
167239490,Смартфон Apple iPhone 15 128Gb черный + подарок,Apple,456830,MOBILS,02.10.2026 | 06:59:00,https://kaspi.kz/shop/p/apple-iphone-15-128gb-chernyi-podarok-167239490/?c=750000000
157460510,Смартфон Apple iPhone 15 128Gb NanoSIM+eSIM черный + подарок,Apple,463997,SmartDuken,02.10.2026 | 06:59:55,https://kaspi.kz/shop/p/apple-iphone-15-128gb-nanosim-esim-chernyi-podarok-157460510/?c=750000000
168154894,Apple iPhone 16 128Gb белый + подарок,Apple,630998,Mobile_Shop,02.10.2026 | 06:59:55,https://kaspi.kz/shop/p/apple-iphone-16-128gb-belyi-podarok-168154894/?c=750000000
167487307,Смартфон Apple iPhone 17 Pro Max 256Gb серебристый + подарок,Apple,836165,MOBILS,02.10.2026 | 06:59:55,https://kaspi.kz/shop/p/apple-iphone-17-pro-max-256gb-serebristyi-podarok-167487307/?c=750000000
169699262,Смартфон Apple iPhone 17 Pro Max 12/256GB Cosmic Orange Чехол Apple для iPhone 17 Pro Max Silicone Case with MagSafe – Black MGFR4ZM/A,Apple,759980,Sulpаk,02.10.2026 | 06:59:55,https://kaspi.kz/shop/p/apple-iphone-17-pro-max-12-gb-256-gb-oranzhevyi-podarok-169699262/?c=750000000
168641955,Смартфон Apple iPhone 17 Pro Max 256Gb оранжевый + подарок,Apple,898836,SAPALY Store,02.10.2026 | 06:59:55,https://kaspi.kz/shop/p/apple-iphone-17-pro-max-256gb-oranzhevyi-podarok-168641955/?c=750000000
147534302,Смартфон Apple iPhone Air 512Gb черный + подарок,Apple,719010,FONIQ,02.10.2026 | 06:59:55,https://kaspi.kz/shop/p/apple-iphone-air-512gb-chernyi-podarok-147534302/?c=750000000
113933635,Apple iPhone 15 128Gb Dual Sim розовый,Apple,509990,Mobile_Shop,02.10.2026 | 06:59:55,https://kaspi.kz/shop/p/apple-iphone-15-128gb-dual-sim-rozovyi-113933635/?c=750000000
168036518,Смартфон Apple iPhone 17 Pro Max 256Gb оранжевый + подарок,Apple,1036696,BIG SHOP KZ,02.10.2026 | 06:59:55,https://kaspi.kz/shop/p/apple-iphone-17-pro-max-256gb-oranzhevyi-podarok-168036518/?c=750000000
167390741,Apple iPhone 17 Pro 256 APPLE1_GIFT_A20W_EAR_YA12 DeepBlue,Apple,781990,NOVAMART,02.10.2026 | 06:59:55,https://kaspi.kz/shop/p/apple-iphone-17-pro-256gb-temno-sinii-podarok-167390741/?c=750000000
167389947,Смартфон Apple iPhone 17 Pro 512Gb темно-синий + подарок,Apple,1050133,SmartDuken,02.10.2026 | 06:59:55,https://kaspi.kz/shop/p/apple-iphone-17-pro-512gb-temno-sinii-podarok-167389947/?c=750000000
167231190,Смартфон Apple iPhone 17 8 ГБ/256 ГБ голубой + подарок,Apple,701998,SmartDuken,02.10.2026 | 06:59:55,https://kaspi.kz/shop/p/apple-iphone-17-8-gb-256-gb-goluboi-podarok-167231190/?c=750000000
168155798,Apple iPhone 16 128 APPLE2_GIFT_A20W_EAR Pink,Apple,513171,NOVAMART,02.10.2026 | 06:59:55,https://kaspi.kz/shop/p/apple-iphone-16-128gb-rozovyi-podarok-168155798/?c=750000000
167281226,Смартфон Apple iPhone 16 128Gb белый + подарок,Apple,542000,UMMAH STORE,02.10.2026 | 07:00:49,https://kaspi.kz/shop/p/apple-iphone-16-128gb-belyi-podarok-167281226/?c=750000000
169699287,Смартфон Apple iPhone 17 Pro 12 ГБ/256 ГБ оранжевый + подарок,Apple,738972,SAPALY Store,02.10.2026 | 07:00:49,https://kaspi.kz/shop/p/apple-iphone-17-pro-12-gb-256-gb-oranzhevyi-podarok-169699287/?c=750000000
168035663,Смартфон Apple iPhone 17 Pro 256Gb оранжевый + подарок,Apple,920670,FONIQ,02.10.2026 | 07:00:49,https://kaspi.kz/shop/p/apple-iphone-17-pro-256gb-oranzhevyi-podarok-168035663/?c=750000000
168156587,Смартфон Apple iPhone 15 128Gb синий + подарок,Apple,462650,Amir.ON,02.10.2026 | 07:00:49,https://kaspi.kz/shop/p/apple-iphone-15-128gb-sinii-podarok-168156587/?c=750000000
168641628,Apple iPhone 17 Pro Max 512 APPLE2_GIFT_A20W_EAR CosmicOrange,Apple,973458,NOVAMART,02.10.2026 | 07:00:49,https://kaspi.kz/shop/p/apple-iphone-17-pro-max-512gb-oranzhevyi-podarok-168641628/?c=750000000
121692808,Apple iPhone 15 128Gb Dual eSim розовый,Apple,549999,Mobile_Shop,02.10.2026 | 07:00:49,https://kaspi.kz/shop/p/apple-iphone-15-128gb-dual-esim-rozovyi-121692808/?c=750000000
143710755,Смартфон Apple iPhone 16 Pro Max 256Gb NanoSIM+eSIM золотистый + подарок,Apple,756936,AG shop,02.10.2026 | 07:00:49,https://kaspi.kz/shop/p/apple-iphone-16-pro-max-256gb-nanosim-esim-zolotistyi-podarok-143710755/?c=750000000
152721187,Смартфон Apple iPhone 17 Pro 512Gb NanoSIM+eSIM серебристый + подарок,Apple,896559,MOBILS,02.10.2026 | 07:00:49,https://kaspi.kz/shop/p/apple-iphone-17-pro-512gb-nanosim-esim-serebristyi-podarok-152721187/?c=750000000
169618292,Apple iPhone 17 Pro 256 APPLE4_GIFT_A20W_17PCLE Silver,Apple,770999,NOVAMART,02.10.2026 | 07:00:49,https://kaspi.kz/shop/p/apple-iphone-17-pro-12-gb-256-gb-serebristyi-podarok-169618292/?c=750000000
106363220,Смартфон Apple iPhone 14 Plus 128Gb NanoSIM+eSIM голубой,Apple,500000,FONIQ,02.10.2026 | 07:00:49,https://kaspi.kz/shop/p/apple-iphone-14-plus-128gb-nanosim-esim-goluboi-106363220/?c=750000000
168642047,Смартфон Apple iPhone 17 Pro Max 256Gb оранжевый + подарок,Apple,833564,SAPALY Store,02.10.2026 | 07:00:49,https://kaspi.kz/shop/p/apple-iphone-17-pro-max-256gb-oranzhevyi-podarok-168642047/?c=750000000
154660692,Apple iPhone 17 256Gb белый + подарок (Яндекс Плюс 12 месяцев),Apple,559578,Artis Optima,02.10.2026 | 07:00:49,https://kaspi.kz/shop/p/apple-iphone-17-256gb-nanosim-esim-belyi-podarok-154660692/?c=750000000
167729176,Смартфон Apple iPhone 17 256Gb черный + подарок,Apple,806354,BIG SHOP KZ,02.10.2026 | 07:03:09,https://kaspi.kz/shop/p/apple-iphone-17-256gb-chernyi-podarok-167729176/?c=750000000
169619070,Смартфон Apple iPhone 17 Pro Max 12 ГБ/256 ГБ серебристый + подарок,Apple,823367,SAPALY Store,02.10.2026 | 07:03:09,https://kaspi.kz/shop/p/apple-iphone-17-pro-max-12-gb-256-gb-serebristyi-podarok-169619070/?c=750000000
168036532,Смартфон Apple iPhone 17 Pro Max 256Gb серебристый + подарок,Apple,1137124,SAPALY Store,02.10.2026 | 07:03:10,https://kaspi.kz/shop/p/apple-iphone-17-pro-max-256gb-serebristyi-podarok-168036532/?c=750000000
167487218,Apple iPhone 17 Pro Max 256Gb темно-синий + подарок,Apple,976095,Lynx,02.10.2026 | 07:03:10,https://kaspi.kz/shop/p/apple-iphone-17-pro-max-256gb-temno-sinii-podarok-167487218/?c=750000000
167231212,Смартфон Apple iPhone 17 8 ГБ/256 ГБ фиолетовый + подарок,Apple,704399,SmartDuken,02.10.2026 | 07:03:10,https://kaspi.kz/shop/p/apple-iphone-17-8-gb-256-gb-fioletovyi-podarok-167231212/?c=750000000
171515133,Apple iPhone 17 Pro 256 APPLE5_GIFT_A20W_YA36 DeepBlue,Apple,781990,NOVAMART,02.10.2026 | 07:03:10,https://kaspi.kz/shop/p/apple-iphone-17-pro-256-gb-temno-sinii-podarok-171515133/?c=750000000
154660631,Apple iPhone 17 256Gb зеленый + подарок (Яндекс Плюс 12 месяцев),Apple,559553,Artis Optima,02.10.2026 | 07:03:10,https://kaspi.kz/shop/p/apple-iphone-17-256gb-nanosim-esim-zelenyi-podarok-154660631/?c=750000000
168157386,Apple iPhone 17 256Gb зеленый + подарок (Apple EarPods USB-C White + Apple Power Adapter 20w),Apple,569565,Sirius,02.10.2026 | 07:03:10,https://kaspi.kz/shop/p/apple-iphone-17-256gb-zelenyi-podarok-168157386/?c=750000000
171515043,Apple iPhone 17 Pro Max 256 APPLE5_GIFT_A20W_YA36 CosmicOrange,Apple,845990,NOVAMART,02.10.2026 | 07:03:10,https://kaspi.kz/shop/p/apple-iphone-17-pro-max-256-gb-oranzhevyi-podarok-171515043/?c=750000000
168157120,Apple iPhone 17 256Gb белый + подарок (Apple EarPods USB-C White + Apple Power Adapter 20w),Apple,569635,Sirius,02.10.2026 | 07:03:10,https://kaspi.kz/shop/p/apple-iphone-17-256gb-belyi-podarok-168157120/?c=750000000
169617939,Смартфон Apple iPhone 17 8 ГБ/256 ГБ черный + подарок,Apple,633010,BIG SHOP KZ,02.10.2026 | 07:03:10,https://kaspi.kz/shop/p/apple-iphone-17-8-gb-256-gb-chernyi-podarok-169617939/?c=750000000
169699467,Смартфон Apple iPhone 17 Pro 12 ГБ/256 ГБ оранжевый + подарок,Apple,743978,SAPALY Store,02.10.2026 | 07:03:10,https://kaspi.kz/shop/p/apple-iphone-17-pro-12-gb-256-gb-oranzhevyi-podarok-169699467/?c=750000000
177318461,Смартфон Apple iPhone 18 Pro 12/2TB Glacier,Apple,1698990,Sulpаk,02.10.2026 | 07:03:19,https://kaspi.kz/shop/p/apple-iphone-18-pro-2tb-nanosim-esim-goluboi-177318461/?c=750000000
167729069,Смартфон Apple iPhone 17 256Gb фиолетовый + подарок,Apple,854630,SAPALY Store,02.10.2026 | 07:03:19,https://kaspi.kz/shop/p/apple-iphone-17-256gb-fioletovyi-podarok-167729069/?c=750000000
106363233,Apple iPhone 14 Plus 256Gb NanoSIM+eSIM starlight,Apple,525000,Мобитайм,02.10.2026 | 07:03:19,https://kaspi.kz/shop/p/apple-iphone-14-plus-256gb-nanosim-esim-starlight-106363233/?c=750000000
177318857,Смартфон Apple iPhone 18 Pro Max 512Gb NanoSIM+eSIM голубой,Apple,1400000,SMART ELECTRONICS,02.10.2026 | 07:03:19,https://kaspi.kz/shop/p/apple-iphone-18-pro-max-512gb-nanosim-esim-goluboi-177318857/?c=750000000
147262278,Смартфон Apple iPhone 16 128Gb NanoSIM+eSIM белый + подарок,Apple,549000,UMMAH STORE,02.10.2026 | 07:03:19,https://kaspi.kz/shop/p/apple-iphone-16-128gb-nanosim-esim-belyi-podarok-147262278/?c=750000000
167239399,Смартфон Apple iPhone 15 128Gb синий + подарок,Apple,469862,MOBILS,02.10.2026 | 07:03:19,https://kaspi.kz/shop/p/apple-iphone-15-128gb-sinii-podarok-167239399/?c=750000000
106363281,Apple iPhone 14 Pro 128Gb NanoSIM+eSIM золотистый,Apple,587777,CN-MARKET,02.10.2026 | 07:03:19,https://kaspi.kz/shop/p/apple-iphone-14-pro-128gb-nanosim-esim-zolotistyi-106363281/?c=750000000
167455469,Смартфон Apple iPhone 17 Pro Max 512Gb темно-синий + подарок,Apple,959740,MOBILS,02.10.2026 | 07:03:19,https://kaspi.kz/shop/p/apple-iphone-17-pro-max-512gb-temno-sinii-podarok-167455469/?c=750000000
167733871,Смартфон Apple iPhone 16 128Gb черный + подарок,Apple,729991,MOBILS,02.10.2026 | 07:03:19,https://kaspi.kz/shop/p/apple-iphone-16-128gb-chernyi-podarok-167733871/?c=750000000
122033663,Смартфон Apple iPhone 14 256Gb Dual eSim черный,Apple,550000,MOBILS,02.10.2026 | 07:03:19,https://kaspi.kz/shop/p/apple-iphone-14-256gb-dual-esim-chernyi-122033663/?c=750000000
124338528,Apple iPhone 16 Pro Max 1Tb Dual eSim золотистый,Apple,1029978,Mobile_Shop,02.10.2026 | 07:03:19,https://kaspi.kz/shop/p/apple-iphone-16-pro-max-1tb-dual-esim-zolotistyi-124338528/?c=750000000
169618192,Смартфон Apple iPhone 17 Pro 12 ГБ/256 ГБ оранжевый + подарок,Apple,758451,SAPALY Store,02.10.2026 | 07:03:19,https://kaspi.kz/shop/p/apple-iphone-17-pro-12-gb-256-gb-oranzhevyi-podarok-169618192/?c=750000000
171514840,Apple iPhone 17 256 GB черный + подарок (Яндекс Плюс 36 месяцев + Адаптер Apple 20W),Apple,579900,Sirius,02.10.2026 | 07:03:50,https://kaspi.kz/shop/p/apple-iphone-17-256-gb-chernyi-podarok-171514840/?c=750000000
152032470,Смартфон Apple iPhone 17 Pro Max Dual eSim 2Tb ГБ серебристый + подарок,Apple,1397777,CN-MARKET,02.10.2026 | 07:03:50,https://kaspi.kz/shop/p/apple-iphone-17-pro-max-dual-esim-2tb-gb-serebristyi-podarok-152032470/?c=750000000
168642032,Смартфон Apple iPhone 17 Pro Max 256Gb синий + подарок,Apple,829067,SAPALY Store,02.10.2026 | 07:03:50,https://kaspi.kz/shop/p/apple-iphone-17-pro-max-256gb-sinii-podarok-168642032/?c=750000000
168861154,Смартфон Apple iPhone 17 Pro 1Tb оранжевый + подарок,Apple,1009907,SAPALY Store,02.10.2026 | 07:03:50,https://kaspi.kz/shop/p/apple-iphone-17-pro-1tb-oranzhevyi-podarok-168861154/?c=750000000
167487184,Смартфон Apple iPhone 17 Pro Max 256Gb серебристый + подарок,Apple,907916,BIG SHOP KZ,02.10.2026 | 07:03:50,https://kaspi.kz/shop/p/apple-iphone-17-pro-max-256gb-serebristyi-podarok-167487184/?c=750000000
171514590,Смартфон Apple iPhone 17 256 GB черный + подарок,Apple,678000,UMMAH STORE,02.10.2026 | 07:03:50,https://kaspi.kz/shop/p/apple-iphone-17-256-gb-chernyi-podarok-171514590/?c=750000000
171515072,Apple iPhone 17 Pro 256 APPLE5_GIFT_A35WD_YA36 CosmicOrange,Apple,810990,NOVAMART,02.10.2026 | 07:03:50,https://kaspi.kz/shop/p/apple-iphone-17-pro-256-gb-oranzhevyi-podarok-171515072/?c=750000000
169618925,Смартфон Apple iPhone 17 Pro Max 12/256GB Deep Blue Адаптер Apple 20W USB-C (MD3J4ZM/A) Чехол Apple для iPhone 17 Pro Max Silicone Case with MagSafe – Black MGFR4ZM/A,Apple,774460,Sulpаk,02.10.2026 | 07:03:50,https://kaspi.kz/shop/p/apple-iphone-17-pro-max-12-gb-256-gb-temno-sinii-podarok-169618925/?c=750000000
167237924,Apple iPhone Air 256 APPLE1_GIFT_A20W_PODS_YA12 SpaceBlack,Apple,708746,NOVAMART,02.10.2026 | 07:03:50,https://kaspi.kz/shop/p/apple-iphone-air-256gb-chernyi-podarok-167237924/?c=750000000
169618192,Смартфон Apple iPhone 17 Pro 12 ГБ/256 ГБ оранжевый + подарок,Apple,758451,SAPALY Store,02.10.2026 | 07:03:50,https://kaspi.kz/shop/p/apple-iphone-17-pro-12-gb-256-gb-oranzhevyi-podarok-169618192/?c=750000000
168158338,Смартфон Apple iPhone Air 256Gb черный + подарок,Apple,620031,SAPALY Store,02.10.2026 | 07:03:50,https://kaspi.kz/shop/p/apple-iphone-air-256gb-chernyi-podarok-168158338/?c=750000000
152720226,Apple iPhone 17 256Gb зеленый + подарок (Яндекс Плюс 24 месяца),Apple,558863,Artis Optima,02.10.2026 | 07:03:50,https://kaspi.kz/shop/p/apple-iphone-17-256gb-nanosim-esim-zelenyi-podarok-152720226/?c=750000000
121693446,Apple iPhone 15 256Gb Dual eSim зеленый,Apple,529909,Mobile_Shop,02.10.2026 | 07:04:22,https://kaspi.kz/shop/p/apple-iphone-15-256gb-dual-esim-zelenyi-121693446/?c=750000000
171515179,Apple iPhone 17 Pro 256 APPLE5_GIFT_A20W_YA36 Silver,Apple,778990,NOVAMART,02.10.2026 | 07:04:22,https://kaspi.kz/shop/p/apple-iphone-17-pro-256-gb-serebristyi-podarok-171515179/?c=750000000
169619158,Смартфон Apple iPhone 17 Pro Max 12/256GB Silver Адаптер Apple 20W USB-C (MD3J4ZM/A) Чехол Apple для iPhone 17 Pro Max Silicone Case with MagSafe – Black MGFR4ZM/A,Apple,804460,Sulpаk,02.10.2026 | 07:04:22,https://kaspi.kz/shop/p/apple-iphone-17-pro-max-12-gb-256-gb-serebristyi-podarok-169619158/?c=750000000
167487250,Apple iPhone 17 Pro Max 256Gb оранжевый + подарок,Apple,899825,Lynx,02.10.2026 | 07:04:22,https://kaspi.kz/shop/p/apple-iphone-17-pro-max-256gb-oranzhevyi-podarok-167487250/?c=750000000
167231175,Смартфон Apple iPhone 17 8 ГБ/256 ГБ зеленый + подарок,Apple,720000,UMMAH STORE,02.10.2026 | 07:04:22,https://kaspi.kz/shop/p/apple-iphone-17-8-gb-256-gb-zelenyi-podarok-167231175/?c=750000000
169618818,Смартфон Apple iPhone 17 Pro Max 12 ГБ/256 ГБ темно-синий + подарок,Apple,793458,SAPALY Store,02.10.2026 | 07:04:22,https://kaspi.kz/shop/p/apple-iphone-17-pro-max-12-gb-256-gb-temno-sinii-podarok-169618818/?c=750000000
168664027,Смартфон Apple iPhone 17 Pro 512Gb серебристый + подарок,Apple,962259,Aslan Tel,02.10.2026 | 07:04:22,https://kaspi.kz/shop/p/apple-iphone-17-pro-512gb-serebristyi-podarok-168664027/?c=750000000
167238228,Apple iPhone Air 256Gb черный + подарок,Apple,647173,Lynx,02.10.2026 | 07:04:22,https://kaspi.kz/shop/p/apple-iphone-air-256gb-chernyi-podarok-167238228/?c=750000000
167487178,Смартфон Apple iPhone 17 Pro Max 256Gb оранжевый + подарок,Apple,997803,MOBILS,02.10.2026 | 07:04:22,https://kaspi.kz/shop/p/apple-iphone-17-pro-max-256gb-oranzhevyi-podarok-167487178/?c=750000000
169617748,Смартфон Apple iPhone 17 8 ГБ/256 ГБ черный + подарок,Apple,643996,SAPALY Store,02.10.2026 | 07:04:22,https://kaspi.kz/shop/p/apple-iphone-17-8-gb-256-gb-chernyi-podarok-169617748/?c=750000000
124338649,Apple iPhone 16 Plus 256Gb Dual eSim белый,Apple,629938,Mobile_Shop,02.10.2026 | 07:04:22,https://kaspi.kz/shop/p/apple-iphone-16-plus-256gb-dual-esim-belyi-124338649/?c=750000000
169699223,Смартфон Apple iPhone 17 8 ГБ/256 ГБ черный + подарок,Apple,599998,SAPALY Store,02.10.2026 | 07:04:22,https://kaspi.kz/shop/p/apple-iphone-17-8-gb-256-gb-chernyi-podarok-169699223/?c=750000000
157280983,Apple iPhone 17 Pro Max 256Gb Dual eSim серебристый + подарок,Apple,778990,Lynx,02.10.2026 | 07:04:53,https://kaspi.kz/shop/p/apple-iphone-17-pro-max-256gb-dual-esim-serebristyi-podarok-157280983/?c=750000000
168156995,Смартфон Apple iPhone 17 256Gb зеленый + подарок,Apple,659978,SAPALY Store,02.10.2026 | 07:04:53,https://kaspi.kz/shop/p/apple-iphone-17-256gb-zelenyi-podarok-168156995/?c=750000000
152006043,Apple iPhone 17 256Gb Dual eSim фиолетовый + подарок,Apple,639970,Lynx,02.10.2026 | 07:04:53,https://kaspi.kz/shop/p/apple-iphone-17-256gb-dual-esim-fioletovyi-podarok-152006043/?c=750000000
168641508,Apple iPhone 17 Pro Max 512 APPLE2_GIFT_A20W_PODS CosmicOrange,Apple,1044340,NOVAMART,02.10.2026 | 07:04:53,https://kaspi.kz/shop/p/apple-iphone-17-pro-max-512gb-oranzhevyi-podarok-168641508/?c=750000000
142747612,Смартфон Apple iPhone 16 Pro Max 512Gb Dual Sim белый,Apple,819999,OZEN,02.10.2026 | 07:04:53,https://kaspi.kz/shop/p/apple-iphone-16-pro-max-512gb-dual-sim-belyi-142747612/?c=750000000
168156024,Смартфон Apple iPhone 15 128Gb синий + подарок,Apple,479998,MOBILS,02.10.2026 | 07:04:53,https://kaspi.kz/shop/p/apple-iphone-15-128gb-sinii-podarok-168156024/?c=750000000
167239225,Apple iPhone 15 256 APPLE1_GIFT_A20W_PODS_YA12 Black,Apple,619999,NOVAMART,02.10.2026 | 07:04:53,https://kaspi.kz/shop/p/apple-iphone-15-256gb-chernyi-podarok-167239225/?c=750000000
152004458,Apple iPhone 17 256Gb Dual eSim голубой + подарок,Apple,615250,Lynx,02.10.2026 | 07:04:53,https://kaspi.kz/shop/p/apple-iphone-17-256gb-dual-esim-goluboi-podarok-152004458/?c=750000000
124338377,Смартфон Apple iPhone 16 Pro 256Gb Dual eSim серебристый,Apple,699999,OZEN,02.10.2026 | 07:04:53,https://kaspi.kz/shop/p/apple-iphone-16-pro-256gb-dual-esim-serebristyi-124338377/?c=750000000
114725347,Смартфон Apple iPhone 15 Pro 1Tb Dual Sim белый,Apple,699998,iStore KZ,02.10.2026 | 07:04:53,https://kaspi.kz/shop/p/apple-iphone-15-pro-1tb-dual-sim-belyi-114725347/?c=750000000
168036060,Смартфон Apple iPhone 17 Pro Max 512Gb серебристый + подарок,Apple,1375744,AG shop,02.10.2026 | 07:04:53,https://kaspi.kz/shop/p/apple-iphone-17-pro-max-512gb-serebristyi-podarok-168036060/?c=750000000
168642200,Смартфон Apple iPhone 17 Pro Max 1Tb синий + подарок,Apple,1276012,AG shop,02.10.2026 | 07:04:53,https://kaspi.kz/shop/p/apple-iphone-17-pro-max-1tb-sinii-podarok-168642200/?c=750000000
167389789,Apple iPhone 17 Pro 512 APPLE1_GIFT_A20W_PODS_YA12 Silver,Apple,987990,NOVAMART,02.10.2026 | 07:06:11,https://kaspi.kz/shop/p/apple-iphone-17-pro-512gb-serebristyi-podarok-167389789/?c=750000000
167732841,Смартфон Apple iPhone 17 256Gb черный + подарок,Apple,798949,AG shop,02.10.2026 | 07:06:11,https://kaspi.kz/shop/p/apple-iphone-17-256gb-chernyi-podarok-167732841/?c=750000000
168035047,Смартфон Apple iPhone 17 Pro 512Gb серебристый + подарок,Apple,1101229,AG shop,02.10.2026 | 07:06:11,https://kaspi.kz/shop/p/apple-iphone-17-pro-512gb-serebristyi-podarok-168035047/?c=750000000
168036575,Смартфон Apple iPhone 17 Pro Max 256Gb оранжевый + подарок,Apple,1033988,AG shop,02.10.2026 | 07:06:11,https://kaspi.kz/shop/p/apple-iphone-17-pro-max-256gb-oranzhevyi-podarok-168036575/?c=750000000
168641845,Смартфон Apple iPhone 17 Pro Max 256Gb серебристый + подарок,Apple,987545,BIG SHOP KZ,02.10.2026 | 07:06:11,https://kaspi.kz/shop/p/apple-iphone-17-pro-max-256gb-serebristyi-podarok-168641845/?c=750000000
171514827,Смартфон Apple iPhone 17 256 GB фиолетовый + подарок,Apple,688499,SmartDuken,02.10.2026 | 07:06:11,https://kaspi.kz/shop/p/apple-iphone-17-256-gb-fioletovyi-podarok-171514827/?c=750000000
168035827,Смартфон Apple iPhone 17 Pro 1Tb оранжевый + подарок,Apple,1237489,MOBILS,02.10.2026 | 07:06:11,https://kaspi.kz/shop/p/apple-iphone-17-pro-1tb-oranzhevyi-podarok-168035827/?c=750000000
168158137,Смартфон Apple iPhone Air 256Gb черный + подарок,Apple,669998,SAPALY Store,02.10.2026 | 07:06:11,https://kaspi.kz/shop/p/apple-iphone-air-256gb-chernyi-podarok-168158137/?c=750000000
169699379,Apple iPhone 17 Pro 256 APPLE4_GIFT_17PCLE Silver,Apple,782942,NOVAMART,02.10.2026 | 07:06:11,https://kaspi.kz/shop/p/apple-iphone-17-pro-12-gb-256-gb-serebristyi-podarok-169699379/?c=750000000
167731863,Смартфон Apple iPhone 17 256Gb голубой + подарок,Apple,769794,SAPALY Store,02.10.2026 | 07:06:11,https://kaspi.kz/shop/p/apple-iphone-17-256gb-goluboi-podarok-167731863/?c=750000000
168036638,Смартфон Apple iPhone 17 Pro Max 1Tb оранжевый + подарок,Apple,1408012,MOBILS,02.10.2026 | 07:06:11,https://kaspi.kz/shop/p/apple-iphone-17-pro-max-1tb-oranzhevyi-podarok-168036638/?c=750000000
169618219,Смартфон Apple iPhone 17 Pro 12 ГБ/256 ГБ оранжевый + подарок,Apple,753446,SAPALY Store,02.10.2026 | 07:06:11,https://kaspi.kz/shop/p/apple-iphone-17-pro-12-gb-256-gb-oranzhevyi-podarok-169618219/?c=750000000
169618723,Смартфон Apple iPhone 17 Pro Max 12/256GB Cosmic Orange Адаптер Apple 20W USB-C (MD3J4ZM/A) Чехол Apple для iPhone 17 Pro Max Silicone Case with MagSafe – Black MGFR4ZM/A,Apple,774460,Sulpаk,02.10.2026 | 07:06:42,https://kaspi.kz/shop/p/apple-iphone-17-pro-max-12-gb-256-gb-oranzhevyi-podarok-169618723/?c=750000000
168156970,Смартфон Apple iPhone 17 256Gb белый + подарок,Apple,659253,SAPALY Store,02.10.2026 | 07:06:42,https://kaspi.kz/shop/p/apple-iphone-17-256gb-belyi-podarok-168156970/?c=750000000
168861089,Смартфон Apple iPhone 17 Pro 1Tb серебристый + подарок,Apple,1011998,SAPALY Store,02.10.2026 | 07:06:42,https://kaspi.kz/shop/p/apple-iphone-17-pro-1tb-serebristyi-podarok-168861089/?c=750000000
152007093,Смартфон Apple iPhone 17 Pro 1024Gb Dual eSim серебристый + подарок,Apple,986991,MOBILS,02.10.2026 | 07:06:42,https://kaspi.kz/shop/p/apple-iphone-17-pro-1024gb-dual-esim-serebristyi-podarok-152007093/?c=750000000
168861077,Смартфон Apple iPhone 17 Pro 1Tb синий + подарок,Apple,1193857,SAPALY Store,02.10.2026 | 07:06:42,https://kaspi.kz/shop/p/apple-iphone-17-pro-1tb-sinii-podarok-168861077/?c=750000000
157281221,Смартфон Apple iPhone 17 Pro Max 256Gb Dual eSim оранжевый + подарок,Apple,810000,UMMAH STORE,02.10.2026 | 07:06:42,https://kaspi.kz/shop/p/apple-iphone-17-pro-max-256gb-dual-esim-oranzhevyi-podarok-157281221/?c=750000000
171514806,Apple iPhone 17 256 GB голубой + подарок (Яндекс Плюс 36 месяцев + Адаптер Apple 20W),Apple,579900,Sirius,02.10.2026 | 07:06:42,https://kaspi.kz/shop/p/apple-iphone-17-256-gb-goluboi-podarok-171514806/?c=750000000
168035991,Смартфон Apple iPhone 17 Pro Max 512Gb серебристый + подарок,Apple,1197712,MOBILS,02.10.2026 | 07:06:42,https://kaspi.kz/shop/p/apple-iphone-17-pro-max-512gb-serebristyi-podarok-168035991/?c=750000000
152029851,Смартфон Apple iPhone 17 Pro Max 1024Gb Dual eSim оранжевый + подарок,Apple,939763,Artis Optima,02.10.2026 | 07:06:42,https://kaspi.kz/shop/p/apple-iphone-17-pro-max-1024gb-dual-esim-oranzhevyi-podarok-152029851/?c=750000000
172886451,Apple iPhone 17e 512Gb dual eSIM черный,Apple,587999,ZAKSTOR,02.10.2026 | 07:06:42,https://kaspi.kz/shop/p/apple-iphone-17e-512gb-dual-esim-chernyi-172886451/?c=750000000
168641863,Смартфон Apple iPhone 17 Pro Max 256Gb синий + подарок,Apple,971390,BIG SHOP KZ,02.10.2026 | 07:06:42,https://kaspi.kz/shop/p/apple-iphone-17-pro-max-256gb-sinii-podarok-168641863/?c=750000000
169618073,Смартфон Apple iPhone 17 Pro 12/256GB Deep Blue Адаптер Apple 20W USB-C (MD3J4ZM/A) Чехол Apple для iPhone 17 Pro Clear Case with MagSafe MGFT4ZM/A,Apple,758460,Sulpаk,02.10.2026 | 07:06:42,https://kaspi.kz/shop/p/apple-iphone-17-pro-12-gb-256-gb-temno-sinii-podarok-169618073/?c=750000000
169618723,Смартфон Apple iPhone 17 Pro Max 12/256GB Cosmic Orange Адаптер Apple 20W USB-C (MD3J4ZM/A) Чехол Apple для iPhone 17 Pro Max Silicone Case with MagSafe – Black MGFR4ZM/A,Apple,774460,Sulpаk,02.10.2026 | 07:07:59,https://kaspi.kz/shop/p/apple-iphone-17-pro-max-12-gb-256-gb-oranzhevyi-podarok-169618723/?c=750000000
171515971,Смартфон Apple iPhone 16 8 ГБ/128 ГБ черный + подарок,Apple,565482,MOBILS,02.10.2026 | 07:07:59,https://kaspi.kz/shop/p/apple-iphone-16-8-gb-128-gb-chernyi-podarok-171515971/?c=750000000
167239372,Смартфон Apple iPhone 15 128Gb черный + подарок,Apple,570000,UMMAH STORE,02.10.2026 | 07:07:59,https://kaspi.kz/shop/p/apple-iphone-15-128gb-chernyi-podarok-167239372/?c=750000000
123890836,Смартфон Apple iPhone 16 Pro Max 1Tb NanoSIM+eSIM серебристый,Apple,804995,PROFIT-ACTIVE,02.10.2026 | 07:07:59,https://kaspi.kz/shop/p/apple-iphone-16-pro-max-1tb-nanosim-esim-serebristyi-123890836/?c=750000000
167239168,Смартфон Apple iPhone 15 256Gb синий + подарок,Apple,615099,SmartDuken,02.10.2026 | 07:07:59,https://kaspi.kz/shop/p/apple-iphone-15-256gb-sinii-podarok-167239168/?c=750000000
134233961,Смартфон Apple iPhone 16 128Gb NanoSIM+eSIM белый + подарок,Apple,571000,UMMAH STORE,02.10.2026 | 07:07:59,https://kaspi.kz/shop/p/apple-iphone-16-128gb-nanosim-esim-belyi-podarok-134233961/?c=750000000
171579223,Apple iPhone 15 256 APPLE5_GIFT_A20W_YA36 Black,Apple,560990,NOVAMART,02.10.2026 | 07:07:59,https://kaspi.kz/shop/p/apple-iphone-15-6-gb-256-gb-chernyi-podarok-171579223/?c=750000000
121703242,Apple iPhone 15 Pro Max 512Gb Dual eSim серый,Apple,899990,Mobile_Shop,02.10.2026 | 07:07:59,https://kaspi.kz/shop/p/apple-iphone-15-pro-max-512gb-dual-esim-seryi-121703242/?c=750000000
113138065,Apple iPhone 15 Plus 256Gb NanoSIM+eSIM зеленый,Apple,518569,1Bay,02.10.2026 | 07:07:59,https://kaspi.kz/shop/p/apple-iphone-15-plus-256gb-nanosim-esim-zelenyi-113138065/?c=750000000
152721123,Apple iPhone 17 Pro Max 2Tb NanoSIM+eSIM темно-синий + подарок,Apple,1315928,PhoneKZ,02.10.2026 | 07:07:59,https://kaspi.kz/shop/p/apple-iphone-17-pro-max-2tb-nanosim-esim-temno-sinii-podarok-152721123/?c=750000000
147262171,Смартфон Apple iPhone 16 128Gb черный + подарок,Apple,469900,Sirius,02.10.2026 | 07:07:59,https://kaspi.kz/shop/p/apple-iphone-16-128gb-nanosim-esim-chernyi-podarok-147262171/?c=750000000
167487567,Смартфон Apple iPhone 17 Pro Max 1Tb темно-синий + подарок,Apple,1355271,SmartDuken,02.10.2026 | 07:07:59,https://kaspi.kz/shop/p/apple-iphone-17-pro-max-1tb-temno-sinii-podarok-167487567/?c=750000000
133139054,Apple iPhone 16 128Gb Dual Sim зеленый,Apple,520999,Mobile_Shop,02.10.2026 | 07:08:58,https://kaspi.kz/shop/p/apple-iphone-16-128gb-dual-sim-zelenyi-133139054/?c=750000000
167238273,Apple iPhone Air 256 APPLE1_GIFT_A20W_EAR_YA12 LightGold,Apple,648990,NOVAMART,02.10.2026 | 07:08:58,https://kaspi.kz/shop/p/apple-iphone-air-256gb-zolotistyi-podarok-167238273/?c=750000000
147253255,Смартфон Apple iPhone 16 Pro Max 256Gb NanoSIM+eSIM золотистый + подарок,Apple,799990,Zest Store,02.10.2026 | 07:08:58,https://kaspi.kz/shop/p/apple-iphone-16-pro-max-256gb-nanosim-esim-zolotistyi-podarok-147253255/?c=750000000
171514990,Apple iPhone 17 Pro Max 256 APPLE5_GIFT_A35WD_YA36 CosmicOrange,Apple,875990,NOVAMART,02.10.2026 | 07:08:58,https://kaspi.kz/shop/p/apple-iphone-17-pro-max-256-gb-oranzhevyi-podarok-171514990/?c=750000000
177318868,Смартфон Apple iPhone 18 Pro Max 1Tb NanoSIM+eSIM голубой,Apple,1650000,SMART ELECTRONICS,02.10.2026 | 07:08:58,https://kaspi.kz/shop/p/apple-iphone-18-pro-max-1tb-nanosim-esim-goluboi-177318868/?c=750000000
152004327,Apple iPhone 17 256Gb Dual eSim белый + подарок,Apple,689989,Lynx,02.10.2026 | 07:08:58,https://kaspi.kz/shop/p/apple-iphone-17-256gb-dual-esim-belyi-podarok-152004327/?c=750000000
171584389,Смартфон Apple iPhone 15 6 ГБ/128 ГБ черный + подарок,Apple,491735,MOBILS,02.10.2026 | 07:08:58,https://kaspi.kz/shop/p/apple-iphone-15-6-gb-128-gb-chernyi-podarok-171584389/?c=750000000
122085259,Apple iPhone 14 Pro 1Tb Dual eSim фиолетовый,Apple,579990,Tizuu,02.10.2026 | 07:08:58,https://kaspi.kz/shop/p/apple-iphone-14-pro-1tb-dual-esim-fioletovyi-122085259/?c=750000000
167239316,Смартфон Apple iPhone 15 128Gb синий + подарок,Apple,532905,SmartDuken,02.10.2026 | 07:08:58,https://kaspi.kz/shop/p/apple-iphone-15-128gb-sinii-podarok-167239316/?c=750000000
168156626,Смартфон Apple iPhone 15 256Gb синий + подарок,Apple,598900,UMMAH STORE 2,02.10.2026 | 07:08:58,https://kaspi.kz/shop/p/apple-iphone-15-256gb-sinii-podarok-168156626/?c=750000000
168156634,Смартфон Apple iPhone 15 256Gb черный + подарок,Apple,611958,MOBILS,02.10.2026 | 07:08:58,https://kaspi.kz/shop/p/apple-iphone-15-256gb-chernyi-podarok-168156634/?c=750000000
157460782,Apple iPhone 15 128Gb голубой + подарок (Яндекс Плюс 12 месяцев),Apple,407900,Sirius,02.10.2026 | 07:08:58,https://kaspi.kz/shop/p/apple-iphone-15-128gb-nanosim-esim-goluboi-podarok-157460782/?c=750000000
167231302,Apple iPhone 17 256Gb зеленый+подарок(Apple EarPods USB-C+Apple Power Adapter 20W+Яндекс 12 месяцев),Apple,594623,Artis Optima,02.10.2026 | 07:11:24,https://kaspi.kz/shop/p/apple-iphone-17-8-gb-256-gb-zelenyi-podarok-167231302/?c=750000000
152032619,Apple iPhone 17 Pro Max Dual eSim 2Tb синий + подарок (Яндекс Плюс 24 месяцев),Apple,1129900,Sirius,02.10.2026 | 07:11:24,https://kaspi.kz/shop/p/apple-iphone-17-pro-max-dual-esim-2tb-sinii-podarok-152032619/?c=750000000
168035583,Смартфон Apple iPhone 17 Pro 256Gb оранжевый + подарок,Apple,999474,MOBILS,02.10.2026 | 07:11:24,https://kaspi.kz/shop/p/apple-iphone-17-pro-256gb-oranzhevyi-podarok-168035583/?c=750000000
168035682,Смартфон Apple iPhone 17 Pro 1Tb серебристый + подарок,Apple,1350610,SmartDuken,02.10.2026 | 07:11:25,https://kaspi.kz/shop/p/apple-iphone-17-pro-1tb-serebristyi-podarok-168035682/?c=750000000
154661269,Смартфон Apple iPhone 17 Dual eSim 256Gb белый + подарок,Apple,620000,UMMAH STORE,02.10.2026 | 07:11:25,https://kaspi.kz/shop/p/apple-iphone-17-dual-esim-256gb-belyi-podarok-154661269/?c=750000000
168035211,Apple iPhone 17 Pro 256Gb серебристый + подарок,Apple,996778,Lynx,02.10.2026 | 07:11:25,https://kaspi.kz/shop/p/apple-iphone-17-pro-256gb-serebristyi-podarok-168035211/?c=750000000
171675177,Смартфон Apple iPhone Air 12 ГБ/512 ГБ голубой + подарок,Apple,889000,UMMAH STORE,02.10.2026 | 07:11:25,https://kaspi.kz/shop/p/apple-iphone-air-12-gb-512-gb-goluboi-podarok-171675177/?c=750000000
152720484,Смартфон Apple iPhone 17 512Gb NanoSIM+eSIM фиолетовый + подарок,Apple,770000,UMMAH STORE,02.10.2026 | 07:11:25,https://kaspi.kz/shop/p/apple-iphone-17-512gb-nanosim-esim-fioletovyi-podarok-152720484/?c=750000000
167487650,Смартфон Apple iPhone 17 Pro Max 1Tb серебристый + подарок,Apple,1290000,UMMAH STORE,02.10.2026 | 07:11:25,https://kaspi.kz/shop/p/apple-iphone-17-pro-max-1tb-serebristyi-podarok-167487650/?c=750000000
167643404,Смартфон Apple iPhone Air 512Gb золотистый + подарок,Apple,1034902,SmartDuken,02.10.2026 | 07:11:25,https://kaspi.kz/shop/p/apple-iphone-air-512gb-zolotistyi-podarok-167643404/?c=750000000
167452143,Apple iPhone 17 Pro Max 512 APPLE1_GIFT_A20W_PPRO_YA12 CosmicOrange,Apple,1144990,NOVAMART,02.10.2026 | 07:11:25,https://kaspi.kz/shop/p/apple-iphone-17-pro-max-512gb-oranzhevyi-podarok-167452143/?c=750000000
167729048,Смартфон Apple iPhone 17 256Gb голубой + подарок,Apple,816971,SmartDuken,02.10.2026 | 07:11:25,https://kaspi.kz/shop/p/apple-iphone-17-256gb-goluboi-podarok-167729048/?c=750000000
168159152,Apple iPhone Air 1Tb золотистый + подарок,Apple,859880,Мобитайм,02.10.2026 | 07:12:19,https://kaspi.kz/shop/p/apple-iphone-air-1tb-zolotistyi-podarok-168159152/?c=750000000
167238111,Смартфон Apple iPhone Air 256Gb золотистый + подарок,Apple,702927,SmartDuken,02.10.2026 | 07:12:19,https://kaspi.kz/shop/p/apple-iphone-air-256gb-zolotistyi-podarok-167238111/?c=750000000
167391287,Apple iPhone 17 Pro 1Tb оранжевый + подарок,Apple,1020474,Lynx,02.10.2026 | 07:12:19,https://kaspi.kz/shop/p/apple-iphone-17-pro-1tb-oranzhevyi-podarok-167391287/?c=750000000
168158155,Смартфон Apple iPhone Air 256Gb золотистый + подарок,Apple,709937,SAPALY Store,02.10.2026 | 07:12:19,https://kaspi.kz/shop/p/apple-iphone-air-256gb-zolotistyi-podarok-168158155/?c=750000000
167487510,,Apple,1447048,SmartDuken,02.10.2026 | 07:12:19,https://kaspi.kz/shop/p/apple-iphone-17-pro-max-1tb-temno-sinii-podarok-167487510/?c=750000000
171675014,Смартфон Apple iPhone Air 12 ГБ/512 ГБ черный + подарок,Apple,898000,UMMAH STORE,02.10.2026 | 07:12:19,https://kaspi.kz/shop/p/apple-iphone-air-12-gb-512-gb-chernyi-podarok-171675014/?c=750000000
170829779,Apple iPhone 17 256Gb голубой + подарок,Apple,639990,Мобитайм,02.10.2026 | 07:12:19,https://kaspi.kz/shop/p/apple-iphone-17-256gb-goluboi-podarok-170829779/?c=750000000
167729048,Смартфон Apple iPhone 17 256Gb голубой + подарок,Apple,816971,SmartDuken,02.10.2026 | 07:12:19,https://kaspi.kz/shop/p/apple-iphone-17-256gb-goluboi-podarok-167729048/?c=750000000
157286570,Смартфон Apple iPhone 17 Pro 1024Gb Dual eSim оранжевый + подарок,Apple,1012746,SmartDuken,02.10.2026 | 07:12:19,https://kaspi.kz/shop/p/apple-iphone-17-pro-1024gb-dual-esim-oranzhevyi-podarok-157286570/?c=750000000
167239748,Смартфон Apple iPhone 17 512Gb фиолетовый + подарок,Apple,769000,UMMAH STORE,02.10.2026 | 07:12:19,https://kaspi.kz/shop/p/apple-iphone-17-512gb-fioletovyi-podarok-167239748/?c=750000000
167390105,Смартфон Apple iPhone 17 Pro 256Gb темно-синий + подарок,Apple,942821,SmartDuken,02.10.2026 | 07:12:20,https://kaspi.kz/shop/p/apple-iphone-17-pro-256gb-temno-sinii-podarok-167390105/?c=750000000
167643328,Apple iPhone Air 256Gb голубой + подарок,Apple,881998,SAPALY Store,02.10.2026 | 07:12:20,https://kaspi.kz/shop/p/apple-iphone-air-256gb-goluboi-podarok-167643328/?c=750000000
157287096,Смартфон Apple iPhone 17 Pro Max 512Gb Dual eSim серебристый + подарок,Apple,1123259,SmartDuken,02.10.2026 | 07:14:08,https://kaspi.kz/shop/p/apple-iphone-17-pro-max-podpiska-jandeks-pljus-na-12-mesjatsev-12-gb-512-gb-serebristyi-157287096/?c=750000000
152032385,Apple iPhone 17 Pro Max Dual eSim 2 Tb оранжевый + подарок (Яндекс Плюс 24 месяцев),Apple,1139900,Sirius,02.10.2026 | 07:14:08,https://kaspi.kz/shop/p/apple-iphone-17-pro-max-dual-esim-2-tb-oranzhevyi-podarok-152032385/?c=750000000
168035121,Смартфон Apple iPhone 17 Pro 512Gb темно-синий + подарок,Apple,1388108,MOBILS,02.10.2026 | 07:14:08,https://kaspi.kz/shop/p/apple-iphone-17-pro-512gb-temno-sinii-podarok-168035121/?c=750000000
167451875,,Apple,1144961,MOBILS,02.10.2026 | 07:14:09,https://kaspi.kz/shop/p/apple-iphone-17-pro-max-512gb-temno-sinii-podarok-167451875/?c=750000000
167389476,Apple iPhone 17 Pro 512 APPLE1_GIFT_A20W_PPRO_YA12 Silver,Apple,1078990,NOVAMART,02.10.2026 | 07:14:09,https://kaspi.kz/shop/p/apple-iphone-17-pro-512gb-serebristyi-podarok-167389476/?c=750000000
169699648,Смартфон Apple iPhone 17 Pro 12/256GB Deep Blue Чехол Apple для iPhone 17 Pro Silicone Case with MagSafe Black (MGFK4ZM/A),Apple,738980,Sulpаk,02.10.2026 | 07:14:09,https://kaspi.kz/shop/p/apple-iphone-17-pro-12-gb-256-gb-temno-sinii-podarok-169699648/?c=750000000
167728920,Смартфон Apple iPhone 17 512Gb фиолетовый + подарок,Apple,879000,UMMAH STORE,02.10.2026 | 07:14:09,https://kaspi.kz/shop/p/apple-iphone-17-512gb-fioletovyi-podarok-167728920/?c=750000000
167237325,iPhone Air 512Gb голубой + подарок,Apple,867880,Lynx,02.10.2026 | 07:14:09,https://kaspi.kz/shop/p/apple-iphone-air-512gb-goluboi-podarok-167237325/?c=750000000
152721113,Apple iPhone 17 Pro Max 2Tb APPLE_GIFT_YA24 Silver,Apple,1379717,NOVAMART,02.10.2026 | 07:14:09,https://kaspi.kz/shop/p/apple-iphone-17-pro-max-2tb-nanosim-esim-serebristyi-podarok-152721113/?c=750000000
168158059,Apple iPhone Air 512Gb золотистый + подарок,Apple,958880,Мобитайм,02.10.2026 | 07:14:09,https://kaspi.kz/shop/p/apple-iphone-air-512gb-zolotistyi-podarok-168158059/?c=750000000
167643888,Apple iPhone Air 256 APPLE2_GIFT_A20W_PODS_SE3S SpaceBlack,Apple,837672,NOVAMART,02.10.2026 | 07:14:09,https://kaspi.kz/shop/p/apple-iphone-air-256gb-chernyi-podarok-167643888/?c=750000000
152032223,Смартфон Apple iPhone Air 512Gb голубой + подарок,Apple,798989,SmartDuken,02.10.2026 | 07:14:09,https://kaspi.kz/shop/p/apple-iphone-air-512gb-goluboi-podarok-152032223/?c=750000000
157286958,Apple iPhone 17 Pro 256Gb Dual eSim синий + подарок,Apple,818990,Lynx,02.10.2026 | 07:14:40,https://kaspi.kz/shop/p/apple-iphone-17-pro-256gb-dual-esim-sinii-podarok-157286958/?c=750000000
167237361,iPhone Air 512Gb белый + подарок,Apple,899990,Lynx,02.10.2026 | 07:14:40,https://kaspi.kz/shop/p/apple-iphone-air-512gb-belyi-podarok-167237361/?c=750000000
170828794,,Apple,658768,SmartDuken,02.10.2026 | 07:14:40,https://kaspi.kz/shop/p/apple-iphone-17-256gb-belyi-podarok-170828794/?c=750000000
154661201,Смартфон Apple iPhone 17 Dual eSim 256Gb зеленый + подарок,Apple,680000,UMMAH STORE,02.10.2026 | 07:14:40,https://kaspi.kz/shop/p/apple-iphone-17-dual-esim-256gb-zelenyi-podarok-154661201/?c=750000000
168035891,Смартфон Apple iPhone 17 Pro 1Tb темно-синий + подарок,Apple,1499415,SAPALY Store,02.10.2026 | 07:14:40,https://kaspi.kz/shop/p/apple-iphone-17-pro-1tb-temno-sinii-podarok-168035891/?c=750000000
170828905,Смартфон Apple iPhone 17 256Gb зеленый + подарок,Apple,659000,SAPALY Store,02.10.2026 | 07:14:40,https://kaspi.kz/shop/p/apple-iphone-17-256gb-zelenyi-podarok-170828905/?c=750000000
167389555,Смартфон Apple iPhone 17 Pro 512Gb оранжевый + подарок,Apple,1019000,UMMAH STORE 2,02.10.2026 | 07:14:40,https://kaspi.kz/shop/p/apple-iphone-17-pro-512gb-oranzhevyi-podarok-167389555/?c=750000000
171677334,Apple iPhone Air 256 APPLE5_GIFT_A20W_YA36 LightGold,Apple,647979,NOVAMART,02.10.2026 | 07:14:40,https://kaspi.kz/shop/p/apple-iphone-air-12-gb-256-gb-zolotistyi-podarok-171677334/?c=750000000
147534050,Apple iPhone Air 256 APPLE_GIFT_YA12 LightGold,Apple,623990,NOVAMART,02.10.2026 | 07:14:40,https://kaspi.kz/shop/p/apple-iphone-air-256gb-zolotistyi-podarok-147534050/?c=750000000
171514777,Apple iPhone 17 256 GB зеленый + подарок (Яндекс Плюс 36 месяцев + Адаптер Apple 20W),Apple,579900,Sirius,02.10.2026 | 07:14:40,https://kaspi.kz/shop/p/apple-iphone-17-256-gb-zelenyi-podarok-171514777/?c=750000000
152720434,Смартфон Apple iPhone 17 512Gb NanoSIM+eSIM зеленый + подарок,Apple,739900,UMMAH STORE 2,02.10.2026 | 07:14:40,https://kaspi.kz/shop/p/apple-iphone-17-512gb-nanosim-esim-zelenyi-podarok-152720434/?c=750000000
167230973,Смартфон Apple iPhone 17 8 ГБ/512 ГБ белый + подарок,Apple,829698,AG shop,02.10.2026 | 07:14:40,https://kaspi.kz/shop/p/apple-iphone-17-8-gb-512-gb-belyi-podarok-167230973/?c=750000000
167457895,Apple iPhone 17 Pro Max 2Tb APPLE1_GIFT_A20W_PODS_YA12 CosmicOrange,Apple,1469990,NOVAMART,02.10.2026 | 07:15:12,https://kaspi.kz/shop/p/apple-iphone-17-pro-max-2tb-oranzhevyi-podarok-167457895/?c=750000000
171514443,Смартфон Apple iPhone 17 256 GB зеленый + подарок,Apple,679000,UMMAH STORE,02.10.2026 | 07:15:12,https://kaspi.kz/shop/p/apple-iphone-17-256-gb-zelenyi-podarok-171514443/?c=750000000
171677484,Смартфон Apple iPhone Air 12 ГБ/256 ГБ белый + подарок,Apple,660000,SmartDuken,02.10.2026 | 07:15:12,https://kaspi.kz/shop/p/apple-iphone-air-12-gb-256-gb-belyi-podarok-171677484/?c=750000000
168641326,Смартфон Apple iPhone 17 Pro Max 512Gb серебристый + подарок,Apple,1257961,SmartDuken,02.10.2026 | 07:15:12,https://kaspi.kz/shop/p/apple-iphone-17-pro-max-512gb-serebristyi-podarok-168641326/?c=750000000
167487730,Смартфон Apple iPhone 17 Pro Max 1Tb оранжевый + подарок,Apple,1307680,MOBILS,02.10.2026 | 07:15:12,https://kaspi.kz/shop/p/apple-iphone-17-pro-max-1tb-oranzhevyi-podarok-167487730/?c=750000000
167456767,Apple iPhone 17 Pro Max 2Tb APPLE1_GIFT_A20W_PPRO_YA12 DeepBlue,Apple,1498990,NOVAMART,02.10.2026 | 07:15:12,https://kaspi.kz/shop/p/apple-iphone-17-pro-max-2tb-temno-sinii-podarok-167456767/?c=750000000
167644082,iPhone Air 1Tb белый + подарок,Apple,1079990,Lynx,02.10.2026 | 07:15:12,https://kaspi.kz/shop/p/apple-iphone-air-1tb-belyi-podarok-167644082/?c=750000000
168665123,Смартфон Apple iPhone 17 Pro 256Gb оранжевый + подарок,Apple,873347,MOBILS,02.10.2026 | 07:15:12,https://kaspi.kz/shop/p/apple-iphone-17-pro-256gb-oranzhevyi-podarok-168665123/?c=750000000
157461388,Apple iPhone 17 Pro Max Dual eSim 2048Gb оранжевый + подарок,Apple,1279990,Techno Lider,02.10.2026 | 07:15:12,https://kaspi.kz/shop/p/apple-iphone-17-pro-max-dual-esim-2048gb-oranzhevyi-podarok-157461388/?c=750000000
168036108,Apple iPhone 17 Pro Max 2Tb APPLE2_GIFT_A20W_PODS_SE3S Silver,Apple,1628990,NOVAMART,02.10.2026 | 07:15:12,https://kaspi.kz/shop/p/apple-iphone-17-pro-max-2tb-serebristyi-podarok-168036108/?c=750000000
168642133,Apple iPhone 17 Pro Max 1Tb серебристый + подарок,Apple,1506194,Lynx,02.10.2026 | 07:15:12,https://kaspi.kz/shop/p/apple-iphone-17-pro-max-1tb-serebristyi-podarok-168642133/?c=750000000
154661186,Смартфон Apple iPhone 17 Dual eSim 256Gb фиолетовый + подарок,Apple,679999,AG shop,02.10.2026 | 07:15:12,https://kaspi.kz/shop/p/apple-iphone-17-dual-esim-256gb-fioletovyi-podarok-154661186/?c=750000000
168158108,Смартфон Apple iPhone Air 512Gb золотистый + подарок,Apple,776999,SmartDuken,02.10.2026 | 07:15:43,https://kaspi.kz/shop/p/apple-iphone-air-512gb-zolotistyi-podarok-168158108/?c=750000000
168158092,Apple iPhone Air 512Gb белый + подарок,Apple,989940,Мобитайм,02.10.2026 | 07:15:43,https://kaspi.kz/shop/p/apple-iphone-air-512gb-belyi-podarok-168158092/?c=750000000
167238142,Смартфон Apple iPhone Air 256Gb белый + подарок,Apple,743169,SmartDuken,02.10.2026 | 07:15:43,https://kaspi.kz/shop/p/apple-iphone-air-256gb-belyi-podarok-167238142/?c=750000000
171514881,Apple iPhone 17 Pro Max 256 APPLE5_GIFT_A35WD_YA36 Silver,Apple,867990,NOVAMART,02.10.2026 | 07:15:43,https://kaspi.kz/shop/p/apple-iphone-17-pro-max-256-gb-serebristyi-podarok-171514881/?c=750000000
152028151,Смартфон Apple iPhone Air 256Gb голубой + подарок,Apple,688998,AG shop,02.10.2026 | 07:15:43,https://kaspi.kz/shop/p/apple-iphone-air-256gb-goluboi-podarok-152028151/?c=750000000
171677188,Смартфон Apple iPhone Air 12 ГБ/256 ГБ голубой + подарок,Apple,651000,UMMAH STORE 2,02.10.2026 | 07:15:43,https://kaspi.kz/shop/p/apple-iphone-air-12-gb-256-gb-goluboi-podarok-171677188/?c=750000000
168641633,Apple iPhone 17 Pro Max 2Tb APPLE2_GIFT_A20W_PPRO DeepBlue,Apple,1489990,NOVAMART,02.10.2026 | 07:15:43,https://kaspi.kz/shop/p/apple-iphone-17-pro-max-2tb-sinii-podarok-168641633/?c=750000000
168860639,Смартфон Apple iPhone 17 Pro 1Tb синий + подарок,Apple,1259176,SAPALY Store,02.10.2026 | 07:15:43,https://kaspi.kz/shop/p/apple-iphone-17-pro-1tb-sinii-podarok-168860639/?c=750000000
168159147,iPhone Air 1Tb голубой + подарок,Apple,818818,Lynx,02.10.2026 | 07:15:43,https://kaspi.kz/shop/p/apple-iphone-air-1tb-goluboi-podarok-168159147/?c=750000000
167390146,Apple iPhone 17 Pro 256 APPLE1_GIFT_A20W_PPRO_YA12 CosmicOrange,Apple,941990,NOVAMART,02.10.2026 | 07:15:43,https://kaspi.kz/shop/p/apple-iphone-17-pro-256gb-oranzhevyi-podarok-167390146/?c=750000000
168156944,Смартфон Apple iPhone 17 512Gb фиолетовый + подарок,Apple,771000,UMMAH STORE,02.10.2026 | 07:15:43,https://kaspi.kz/shop/p/apple-iphone-17-512gb-fioletovyi-podarok-168156944/?c=750000000
168156821,Смартфон Apple iPhone 17 512Gb черный + подарок,Apple,890000,MOBILS,02.10.2026 | 07:15:43,https://kaspi.kz/shop/p/apple-iphone-17-512gb-chernyi-podarok-168156821/?c=750000000
168158050,Смартфон Apple iPhone Air 512Gb голубой + подарок,Apple,864620,SmartDuken,02.10.2026 | 07:15:52,https://kaspi.kz/shop/p/apple-iphone-air-512gb-goluboi-podarok-168158050/?c=750000000
168035874,Смартфон Apple iPhone 17 Pro 1Tb серебристый + подарок,Apple,1289992,SAPALY Store,02.10.2026 | 07:15:52,https://kaspi.kz/shop/p/apple-iphone-17-pro-1tb-serebristyi-podarok-168035874/?c=750000000
167644101,Смартфон Apple iPhone Air 1Tb голубой + подарок,Apple,993999,SmartDuken,02.10.2026 | 07:15:52,https://kaspi.kz/shop/p/apple-iphone-air-1tb-goluboi-podarok-167644101/?c=750000000
168036121,Apple iPhone 17 Pro Max 2Tb APPLE2_GIFT_A20W_PODS_SE3S DeepBlue,Apple,1565990,NOVAMART,02.10.2026 | 07:15:52,https://kaspi.kz/shop/p/apple-iphone-17-pro-max-2tb-sinii-podarok-168036121/?c=750000000
168036682,Смартфон Apple iPhone 17 Pro Max 1Tb синий + подарок,Apple,1448348,SmartDuken,02.10.2026 | 07:15:52,https://kaspi.kz/shop/p/apple-iphone-17-pro-max-1tb-sinii-podarok-168036682/?c=750000000
173319723,Смартфон Apple iPhone 17 Pro 512Gb темно-синий + подарок,Apple,1141000,UMMAH STORE,02.10.2026 | 07:15:52,https://kaspi.kz/shop/p/apple-iphone-17-pro-512gb-temno-sinii-podarok-173319723/?c=750000000
168641811,Apple iPhone 17 Pro Max 2Tb APPLE2_GIFT_A20W_EAR Silver,Apple,1391990,NOVAMART,02.10.2026 | 07:15:52,https://kaspi.kz/shop/p/apple-iphone-17-pro-max-2tb-serebristyi-podarok-168641811/?c=750000000
152006994,Смартфон Apple iPhone 17 512Gb Dual eSim голубой + подарок,Apple,797500,UMMAH STORE 2,02.10.2026 | 07:15:52,https://kaspi.kz/shop/p/apple-iphone-17-512gb-dual-esim-goluboi-podarok-152006994/?c=750000000
167643973,Apple iPhone Air 512Gb голубой + подарок,Apple,1085990,Мобитайм,02.10.2026 | 07:15:52,https://kaspi.kz/shop/p/apple-iphone-air-512gb-goluboi-podarok-167643973/?c=750000000
167390366,Apple iPhone 17 Pro 256 APPLE1_GIFT_A20W_PODS_YA12 DeepBlue,Apple,851990,NOVAMART,02.10.2026 | 07:15:52,https://kaspi.kz/shop/p/apple-iphone-17-pro-256gb-temno-sinii-podarok-167390366/?c=750000000
152721104,Apple iPhone 17 Pro Max 2Tb NanoSIM+eSIM оранжевый + подарок,Apple,1379802,PhoneKZ,02.10.2026 | 07:15:52,https://kaspi.kz/shop/p/apple-iphone-17-pro-max-2tb-nanosim-esim-oranzhevyi-podarok-152721104/?c=750000000
168641364,Apple iPhone 17 Pro Max 512 APPLE2_GIFT_A20W_PPRO CosmicOrange,Apple,1135980,NOVAMART,02.10.2026 | 07:15:52,https://kaspi.kz/shop/p/apple-iphone-17-pro-max-512gb-oranzhevyi-podarok-168641364/?c=750000000
167389503,Apple iPhone 17 Pro 512Gb темно-синий + подарок,Apple,1140128,Lynx,02.10.2026 | 07:18:18,https://kaspi.kz/shop/p/apple-iphone-17-pro-512gb-temno-sinii-podarok-167389503/?c=750000000
152720515,Смартфон Apple iPhone 17 512Gb NanoSIM+eSIM черный + подарок,Apple,792000,UMMAH STORE,02.10.2026 | 07:18:18,https://kaspi.kz/shop/p/apple-iphone-17-512gb-nanosim-esim-chernyi-podarok-152720515/?c=750000000
168156960,Apple iPhone 17 512Gb черный + подарок,Apple,829790,Мобитайм,02.10.2026 | 07:18:18,https://kaspi.kz/shop/p/apple-iphone-17-512gb-chernyi-podarok-168156960/?c=750000000
167391251,Смартфон Apple iPhone 17 Pro 1Tb серебристый + подарок,Apple,1199777,CN-MARKET,02.10.2026 | 07:18:18,https://kaspi.kz/shop/p/apple-iphone-17-pro-1tb-serebristyi-podarok-167391251/?c=750000000
168035794,Смартфон Apple iPhone 17 Pro 1Tb темно-синий + подарок,Apple,1498665,SAPALY Store,02.10.2026 | 07:18:18,https://kaspi.kz/shop/p/apple-iphone-17-pro-1tb-temno-sinii-podarok-168035794/?c=750000000
167231085,Смартфон Apple iPhone 17 8 ГБ/512 ГБ черный + подарок,Apple,829998,AG shop,02.10.2026 | 07:18:18,https://kaspi.kz/shop/p/apple-iphone-17-8-gb-512-gb-chernyi-podarok-167231085/?c=750000000
167643301,Смартфон Apple iPhone Air 512Gb черный + подарок,Apple,970042,AG shop,02.10.2026 | 07:18:18,https://kaspi.kz/shop/p/apple-iphone-air-512gb-chernyi-podarok-167643301/?c=750000000
168035140,Смартфон Apple iPhone 17 Pro 512Gb серебристый + подарок,Apple,1329364,MOBILS,02.10.2026 | 07:18:18,https://kaspi.kz/shop/p/apple-iphone-17-pro-512gb-serebristyi-podarok-168035140/?c=750000000
168861141,Смартфон Apple iPhone 17 Pro 1Tb синий + подарок,Apple,1299999,SAPALY Store,02.10.2026 | 07:18:18,https://kaspi.kz/shop/p/apple-iphone-17-pro-1tb-sinii-podarok-168861141/?c=750000000
167452890,Apple iPhone 17 Pro Max 512 APPLE1_GIFT_A20W_PODS_YA12 CosmicOrange,Apple,1052990,NOVAMART,02.10.2026 | 07:18:18,https://kaspi.kz/shop/p/apple-iphone-17-pro-max-512gb-oranzhevyi-podarok-167452890/?c=750000000
167728632,Apple iPhone 17 512Gb зеленый + подарок,Apple,999980,Мобитайм,02.10.2026 | 07:18:18,https://kaspi.kz/shop/p/apple-iphone-17-512gb-zelenyi-podarok-167728632/?c=750000000
167643318,Смартфон Apple iPhone Air 256Gb белый + подарок,Apple,988950,AG shop,02.10.2026 | 07:18:18,https://kaspi.kz/shop/p/apple-iphone-air-256gb-belyi-podarok-167643318/?c=750000000
168860499,Смартфон Apple iPhone 17 Pro 512Gb серебристый + подарок,Apple,1052786,Aslan Tel,02.10.2026 | 07:18:27,https://kaspi.kz/shop/p/apple-iphone-17-pro-512gb-serebristyi-podarok-168860499/?c=750000000
106363213,Apple iPhone 14 Plus 128Gb NanoSIM+eSIM красный,Apple,484267,GadgetON,02.10.2026 | 07:18:27,https://kaspi.kz/shop/p/apple-iphone-14-plus-128gb-nanosim-esim-krasnyi-106363213/?c=750000000
171676659,Apple iPhone Air 256 APPLE5_GIFT_A35WD_YA36 LightGold,Apple,677990,NOVAMART,02.10.2026 | 07:18:27,https://kaspi.kz/shop/p/apple-iphone-air-12-gb-256-gb-zolotistyi-podarok-171676659/?c=750000000
167390292,Apple iPhone 17 Pro 256 APPLE1_GIFT_A20W_PODS_YA12 Silver,Apple,848990,NOVAMART,02.10.2026 | 07:18:27,https://kaspi.kz/shop/p/apple-iphone-17-pro-256gb-serebristyi-podarok-167390292/?c=750000000
167643360,Смартфон Apple iPhone Air 256Gb белый + подарок,Apple,888023,SmartDuken,02.10.2026 | 07:18:27,https://kaspi.kz/shop/p/apple-iphone-air-256gb-belyi-podarok-167643360/?c=750000000
157286734,Apple iPhone 17 Pro 512Gb Dual eSim серебристый + подарок,Apple,893990,Lynx,02.10.2026 | 07:18:27,https://kaspi.kz/shop/p/apple-iphone-17-pro-512gb-dual-esim-serebristyi-podarok-157286734/?c=750000000
168664627,Apple iPhone 17 Pro 512Gb синий + подарок,Apple,1059808,Мобитайм,02.10.2026 | 07:18:27,https://kaspi.kz/shop/p/apple-iphone-17-pro-512gb-sinii-podarok-168664627/?c=750000000
167729192,,Apple,854612,SmartDuken,02.10.2026 | 07:18:27,https://kaspi.kz/shop/p/apple-iphone-17-256gb-belyi-podarok-167729192/?c=750000000
173319493,Apple iPhone 17 Pro 512 APPLE5_GIFT_A35WD_YA36 Silver,Apple,947990,NOVAMART,02.10.2026 | 07:18:27,https://kaspi.kz/shop/p/apple-iphone-17-pro-512gb-serebristyi-podarok-173319493/?c=750000000
167389915,Смартфон Apple iPhone 17 Pro 512Gb серебристый + подарок,Apple,917781,MOBILS,02.10.2026 | 07:18:27,https://kaspi.kz/shop/p/apple-iphone-17-pro-512gb-serebristyi-podarok-167389915/?c=750000000
167643318,Смартфон Apple iPhone Air 256Gb белый + подарок,Apple,988950,AG shop,02.10.2026 | 07:18:27,https://kaspi.kz/shop/p/apple-iphone-air-256gb-belyi-podarok-167643318/?c=750000000
167237988,Смартфон Apple iPhone Air 256Gb голубой + подарок,Apple,748998,AG shop,02.10.2026 | 07:18:27,https://kaspi.kz/shop/p/apple-iphone-air-256gb-goluboi-podarok-167237988/?c=750000000
168159160,iPhone Air 1Tb белый + подарок,Apple,820990,Lynx,02.10.2026 | 07:19:43,https://kaspi.kz/shop/p/apple-iphone-air-1tb-belyi-podarok-168159160/?c=750000000
157280731,Смартфон Apple iPhone 17 Pro Max 256Gb Dual eSim синий + подарок,Apple,835000,UMMAH STORE,02.10.2026 | 07:19:43,https://kaspi.kz/shop/p/apple-iphone-17-pro-max-256gb-dual-esim-sinii-podarok-157280731/?c=750000000
157286537,Смартфон Apple iPhone 17 Pro 1024Gb Dual eSim серебристый + подарок,Apple,1085000,UMMAH STORE,02.10.2026 | 07:19:43,https://kaspi.kz/shop/p/apple-iphone-17-pro-1024gb-dual-esim-serebristyi-podarok-157286537/?c=750000000
152030745,iPhone Air 512Gb белый + подарок,Apple,798990,Lynx,02.10.2026 | 07:19:43,https://kaspi.kz/shop/p/apple-iphone-air-512gb-belyi-podarok-152030745/?c=750000000
171675790,Смартфон Apple iPhone Air 12 ГБ/512 ГБ голубой + подарок,Apple,889000,UMMAH STORE,02.10.2026 | 07:19:43,https://kaspi.kz/shop/p/apple-iphone-air-12-gb-512-gb-goluboi-podarok-171675790/?c=750000000
167391240,Apple iPhone 17 Pro 1Tb APPLE1_GIFT_A20W_PODS_YA12 CosmicOrange,Apple,1090990,NOVAMART,02.10.2026 | 07:19:43,https://kaspi.kz/shop/p/apple-iphone-17-pro-1tb-oranzhevyi-podarok-167391240/?c=750000000
167456937,Apple iPhone 17 Pro Max 2Tb APPLE1_GIFT_A20W_PPRO_YA12 CosmicOrange,Apple,1561990,NOVAMART,02.10.2026 | 07:19:43,https://kaspi.kz/shop/p/apple-iphone-17-pro-max-2tb-oranzhevyi-podarok-167456937/?c=750000000
167734728,iPhone Air 512Gb черный + подарок,Apple,1002790,Lynx,02.10.2026 | 07:19:43,https://kaspi.kz/shop/p/apple-iphone-air-512gb-chernyi-podarok-167734728/?c=750000000
168641822,Смартфон Apple iPhone 17 Pro Max 2Tb синий + подарок,Apple,1328741,MOBILS,02.10.2026 | 07:19:43,https://kaspi.kz/shop/p/apple-iphone-17-pro-max-2tb-sinii-podarok-168641822/?c=750000000
168861084,Apple iPhone 17 Pro 1Tb оранжевый + подарок,Apple,1079943,Lynx,02.10.2026 | 07:19:43,https://kaspi.kz/shop/p/apple-iphone-17-pro-1tb-oranzhevyi-podarok-168861084/?c=750000000
171514370,Смартфон Apple iPhone 17 256 GB белый + подарок,Apple,674989,SmartDuken,02.10.2026 | 07:19:44,https://kaspi.kz/shop/p/apple-iphone-17-256-gb-belyi-podarok-171514370/?c=750000000
152004780,Смартфон Apple iPhone 17 256Gb Dual eSim зеленый + подарок,Apple,685800,UMMAH STORE 2,02.10.2026 | 07:19:44,https://kaspi.kz/shop/p/apple-iphone-17-256gb-dual-esim-zelenyi-podarok-152004780/?c=750000000
168641571,Apple iPhone 17 Pro Max 2Tb APPLE2_GIFT_A20W_PPRO Silver,Apple,1552990,NOVAMART,02.10.2026 | 07:19:52,https://kaspi.kz/shop/p/apple-iphone-17-pro-max-2tb-serebristyi-podarok-168641571/?c=750000000
168159083,Смартфон Apple iPhone Air 1Tb белый + подарок,Apple,877933,SmartDuken,02.10.2026 | 07:19:52,https://kaspi.kz/shop/p/apple-iphone-air-1tb-belyi-podarok-168159083/?c=750000000
168156841,Apple iPhone 17 512Gb зеленый + подарок,Apple,787990,Мобитайм,02.10.2026 | 07:19:52,https://kaspi.kz/shop/p/apple-iphone-17-512gb-zelenyi-podarok-168156841/?c=750000000
167237695,Смартфон Apple iPhone Air 512Gb голубой + подарок,Apple,809980,AG shop,02.10.2026 | 07:19:52,https://kaspi.kz/shop/p/apple-iphone-air-512gb-goluboi-podarok-167237695/?c=750000000
168641835,Apple iPhone 17 Pro Max 2Tb APPLE2_GIFT_A20W_EAR CosmicOrange,Apple,1391990,NOVAMART,02.10.2026 | 07:19:52,https://kaspi.kz/shop/p/apple-iphone-17-pro-max-2tb-oranzhevyi-podarok-168641835/?c=750000000
171514705,Apple iPhone 17 256 GB белый + подарок (Яндекс Плюс 36 месяцев + Адаптер Apple 20W),Apple,579900,Sirius,02.10.2026 | 07:19:52,https://kaspi.kz/shop/p/apple-iphone-17-256-gb-belyi-podarok-171514705/?c=750000000
152721199,Смартфон Apple iPhone 17 Pro 512Gb NanoSIM+eSIM темно-синий + подарок,Apple,940787,MOBILS,02.10.2026 | 07:19:52,https://kaspi.kz/shop/p/apple-iphone-17-pro-512gb-nanosim-esim-temno-sinii-podarok-152721199/?c=750000000
168642215,Смартфон Apple iPhone 17 Pro Max 1Tb оранжевый + подарок,Apple,1187002,MOBILS,02.10.2026 | 07:19:52,https://kaspi.kz/shop/p/apple-iphone-17-pro-max-1tb-oranzhevyi-podarok-168642215/?c=750000000
167644026,Apple iPhone Air 512Gb белый + подарок,Apple,1099960,Мобитайм,02.10.2026 | 07:19:52,https://kaspi.kz/shop/p/apple-iphone-air-512gb-belyi-podarok-167644026/?c=750000000
152005424,Смартфон Apple iPhone 17 Pro 512Gb Dual eSim синий + подарок,Apple,979686,MOBILS,02.10.2026 | 07:19:52,https://kaspi.kz/shop/p/apple-iphone-17-pro-512gb-dual-esim-sinii-podarok-152005424/?c=750000000
168641400,Apple iPhone 17 Pro Max 512 APPLE2_GIFT_A20W_PODS DeepBlue,Apple,1042275,NOVAMART,02.10.2026 | 07:19:52,https://kaspi.kz/shop/p/apple-iphone-17-pro-max-512gb-sinii-podarok-168641400/?c=750000000
170829117,Apple iPhone 17 256Gb зеленый + подарок,Apple,557899,Amir.ON,02.10.2026 | 07:19:52,https://kaspi.kz/shop/p/apple-iphone-17-256gb-zelenyi-podarok-170829117/?c=750000000
178855682,Apple A3524 12 ГБ/256 ГБ оранжевый,Apple,729999,Amir.ON,02.10.2026 | 07:20:24,https://kaspi.kz/shop/p/apple-iphone-17-pro-256gb-dual-sim-oranzhevyi-12-gb-256-gb-oranzhevyi-178855682/?c=750000000
168036677,Смартфон Apple iPhone 17 Pro Max 1Tb серебристый + подарок,Apple,1669989,SAPALY Store,02.10.2026 | 07:20:24,https://kaspi.kz/shop/p/apple-iphone-17-pro-max-1tb-serebristyi-podarok-168036677/?c=750000000
170829123,Смартфон Apple iPhone 17 256Gb фиолетовый + подарок,Apple,592585,SAPALY Store,02.10.2026 | 07:20:24,https://kaspi.kz/shop/p/apple-iphone-17-256gb-fioletovyi-podarok-170829123/?c=750000000
168156907,Apple iPhone 17 512Gb голубой + подарок,Apple,790990,Мобитайм,02.10.2026 | 07:20:24,https://kaspi.kz/shop/p/apple-iphone-17-512gb-goluboi-podarok-168156907/?c=750000000
168641745,Apple iPhone 17 Pro Max 2Tb APPLE2_GIFT_A20W_PPRO CosmicOrange,Apple,1552990,NOVAMART,02.10.2026 | 07:20:24,https://kaspi.kz/shop/p/apple-iphone-17-pro-max-2tb-oranzhevyi-podarok-168641745/?c=750000000
168641558,Смартфон Apple iPhone 17 Pro Max 512Gb синий + подарок,Apple,971917,MOBILS,02.10.2026 | 07:20:24,https://kaspi.kz/shop/p/apple-iphone-17-pro-max-512gb-sinii-podarok-168641558/?c=750000000
167731935,Apple iPhone 17 256Gb фиолетовый + подарок,Apple,838961,Мобитайм,02.10.2026 | 07:20:24,https://kaspi.kz/shop/p/apple-iphone-17-256gb-fioletovyi-podarok-167731935/?c=750000000
167728679,Смартфон Apple iPhone 17 512Gb голубой + подарок,Apple,994000,UMMAH STORE 2,02.10.2026 | 07:20:24,https://kaspi.kz/shop/p/apple-iphone-17-512gb-goluboi-podarok-167728679/?c=750000000
168641763,Apple iPhone 17 Pro Max 2Tb APPLE2_GIFT_A20W_PODS Silver,Apple,1461990,NOVAMART,02.10.2026 | 07:20:24,https://kaspi.kz/shop/p/apple-iphone-17-pro-max-2tb-serebristyi-podarok-168641763/?c=750000000
168664701,Смартфон Apple iPhone 17 Pro 512Gb оранжевый + подарок,Apple,919998,SAPALY Store,02.10.2026 | 07:20:24,https://kaspi.kz/shop/p/apple-iphone-17-pro-512gb-oranzhevyi-podarok-168664701/?c=750000000
168158433,Смартфон Apple iPhone Air 1Tb черный + подарок,Apple,944470,SmartDuken,02.10.2026 | 07:20:24,https://kaspi.kz/shop/p/apple-iphone-air-1tb-chernyi-podarok-168158433/?c=750000000
152721249,Смартфон Apple iPhone 17 Pro 1024Gb NanoSIM+eSIM темно-синий + подарок,Apple,1047777,CN-MARKET,02.10.2026 | 07:20:24,https://kaspi.kz/shop/p/apple-iphone-17-pro-1024gb-nanosim-esim-temno-sinii-podarok-152721249/?c=750000000
168036039,Смартфон Apple iPhone 17 Pro Max 512Gb оранжевый + подарок,Apple,1211331,AG shop,02.10.2026 | 07:20:55,https://kaspi.kz/shop/p/apple-iphone-17-pro-max-512gb-oranzhevyi-podarok-168036039/?c=750000000
168860567,Apple iPhone 17 Pro 256 APPLE2_GIFT_A20W_EAR DeepBlue,Apple,763322,NOVAMART,02.10.2026 | 07:20:55,https://kaspi.kz/shop/p/apple-iphone-17-pro-256gb-sinii-podarok-168860567/?c=750000000
169699339,Apple iPhone 17 Pro 256 APPLE4_GIFT_17PBLA Silver,Apple,782585,NOVAMART,02.10.2026 | 07:20:55,https://kaspi.kz/shop/p/apple-iphone-17-pro-12-gb-256-gb-serebristyi-podarok-169699339/?c=750000000
171676288,Смартфон Apple iPhone Air 12 ГБ/512 ГБ белый + подарок,Apple,851000,UMMAH STORE,02.10.2026 | 07:20:55,https://kaspi.kz/shop/p/apple-iphone-air-12-gb-512-gb-belyi-podarok-171676288/?c=750000000
168036087,Смартфон Apple iPhone 17 Pro Max 512Gb оранжевый + подарок,Apple,1446566,SmartDuken,02.10.2026 | 07:20:55,https://kaspi.kz/shop/p/apple-iphone-17-pro-max-512gb-oranzhevyi-podarok-168036087/?c=750000000
173319521,Смартфон Apple iPhone 17 Pro 512Gb темно-синий + подарок,Apple,1141000,UMMAH STORE,02.10.2026 | 07:20:55,https://kaspi.kz/shop/p/apple-iphone-17-pro-512gb-temno-sinii-podarok-173319521/?c=750000000
167238357,Смартфон Apple iPhone Air 1Tb черный + подарок,Apple,1014989,SmartDuken,02.10.2026 | 07:20:55,https://kaspi.kz/shop/p/apple-iphone-air-1tb-chernyi-podarok-167238357/?c=750000000
168158468,Смартфон Apple iPhone Air 1Tb голубой + подарок,Apple,903531,SmartDuken,02.10.2026 | 07:20:56,https://kaspi.kz/shop/p/apple-iphone-air-1tb-goluboi-podarok-168158468/?c=750000000
167487679,Смартфон Apple iPhone 17 Pro Max 1Tb темно-синий + подарок,Apple,1456978,CN-MARKET,02.10.2026 | 07:20:56,https://kaspi.kz/shop/p/apple-iphone-17-pro-max-1tb-temno-sinii-podarok-167487679/?c=750000000
167728996,Смартфон Apple iPhone 17 256Gb зеленый + подарок,Apple,856388,SAPALY Store,02.10.2026 | 07:20:56,https://kaspi.kz/shop/p/apple-iphone-17-256gb-zelenyi-podarok-167728996/?c=750000000
157461023,Смартфон Apple iPhone 17 Pro Max Dual eSim 2048Gb синий + подарок,Apple,1290000,UMMAH STORE,02.10.2026 | 07:20:56,https://kaspi.kz/shop/p/apple-iphone-17-pro-max-dual-esim-2048gb-sinii-podarok-157461023/?c=750000000
170828983,Смартфон Apple iPhone 17 256Gb фиолетовый + подарок,Apple,638869,SmartDuken,02.10.2026 | 07:20:56,https://kaspi.kz/shop/p/apple-iphone-17-256gb-fioletovyi-podarok-170828983/?c=750000000
157286647,Apple iPhone 17 Pro 512Gb Dual eSim синий + подарок,Apple,989814,Lynx,02.10.2026 | 07:21:08,https://kaspi.kz/shop/p/apple-iphone-17-pro-512gb-dual-esim-sinii-podarok-157286647/?c=750000000
168158393,Смартфон Apple iPhone Air 256Gb белый + подарок,Apple,999999,SAPALY Store,02.10.2026 | 07:21:08,https://kaspi.kz/shop/p/apple-iphone-air-256gb-belyi-podarok-168158393/?c=750000000
167462408,Apple iPhone 17 Pro Max 256Gb серебристый + подарок,Apple,995255,Lynx,02.10.2026 | 07:21:08,https://kaspi.kz/shop/p/apple-iphone-17-pro-max-256gb-serebristyi-podarok-167462408/?c=750000000
171677021,Apple iPhone Air 256 APPLE5_GIFT_A20W_YA36 SpaceBlack,Apple,647990,NOVAMART,02.10.2026 | 07:21:08,https://kaspi.kz/shop/p/apple-iphone-air-12-gb-256-gb-chernyi-podarok-171677021/?c=750000000
167237286,Смартфон Apple iPhone Air 512Gb черный + подарок,Apple,899980,AG shop,02.10.2026 | 07:21:08,https://kaspi.kz/shop/p/apple-iphone-air-512gb-chernyi-podarok-167237286/?c=750000000
167237793,Смартфон Apple iPhone Air 512Gb золотистый + подарок,Apple,804439,SmartDuken,02.10.2026 | 07:21:08,https://kaspi.kz/shop/p/apple-iphone-air-512gb-zolotistyi-podarok-167237793/?c=750000000
168036362,Смартфон Apple iPhone 17 Pro Max 256Gb синий + подарок,Apple,1038539,MOBILS,02.10.2026 | 07:21:08,https://kaspi.kz/shop/p/apple-iphone-17-pro-max-256gb-sinii-podarok-168036362/?c=750000000
167452358,Apple iPhone 17 Pro Max 512Gb серебристый + подарок,Apple,1243926,Lynx,02.10.2026 | 07:21:08,https://kaspi.kz/shop/p/apple-iphone-17-pro-max-512gb-serebristyi-podarok-167452358/?c=750000000
171514428,Смартфон Apple iPhone 17 256 GB голубой + подарок,Apple,689000,SmartDuken,02.10.2026 | 07:21:08,https://kaspi.kz/shop/p/apple-iphone-17-256-gb-goluboi-podarok-171514428/?c=750000000
167390049,Apple iPhone 17 Pro 256 APPLE1_GIFT_A20W_PPRO_YA12 Silver,Apple,939913,NOVAMART,02.10.2026 | 07:21:08,https://kaspi.kz/shop/p/apple-iphone-17-pro-256gb-serebristyi-podarok-167390049/?c=750000000
167238449,iPhone Air 1Tb золотистый + подарок,Apple,968990,Lynx,02.10.2026 | 07:21:08,https://kaspi.kz/shop/p/apple-iphone-air-1tb-zolotistyi-podarok-167238449/?c=750000000
168641342,Смартфон Apple iPhone 17 Pro Max 512Gb синий + подарок,Apple,1134815,SAPALY Store,02.10.2026 | 07:21:08,https://kaspi.kz/shop/p/apple-iphone-17-pro-max-512gb-sinii-podarok-168641342/?c=750000000
152720348,Смартфон Apple iPhone 17 512Gb NanoSIM+eSIM белый + подарок,Apple,789000,UMMAH STORE,02.10.2026 | 07:21:40,https://kaspi.kz/shop/p/apple-iphone-17-512gb-nanosim-esim-belyi-podarok-152720348/?c=750000000
168035974,Смартфон Apple iPhone 17 Pro Max 1Tb оранжевый + подарок,Apple,1548047,AG shop,02.10.2026 | 07:21:40,https://kaspi.kz/shop/p/apple-iphone-17-pro-max-1tb-oranzhevyi-podarok-168035974/?c=750000000
171514909,Смартфон Apple iPhone 17 Pro Max 256 GB темно-синий + подарок,Apple,921000,UMMAH STORE,02.10.2026 | 07:21:40,https://kaspi.kz/shop/p/apple-iphone-17-pro-max-256-gb-temno-sinii-podarok-171514909/?c=750000000
168158096,Смартфон Apple iPhone Air 512Gb черный + подарок,Apple,780000,SmartDuken,02.10.2026 | 07:21:40,https://kaspi.kz/shop/p/apple-iphone-air-512gb-chernyi-podarok-168158096/?c=750000000
173319679,Apple iPhone 17 Pro 512 APPLE5_GIFT_A20W_YA36 Silver,Apple,916990,NOVAMART,02.10.2026 | 07:21:40,https://kaspi.kz/shop/p/apple-iphone-17-pro-512gb-serebristyi-podarok-173319679/?c=750000000
167390031,Смартфон Apple iPhone 17 Pro 512Gb оранжевый + подарок,Apple,1057112,MOBILS,02.10.2026 | 07:21:40,https://kaspi.kz/shop/p/apple-iphone-17-pro-512gb-oranzhevyi-podarok-167390031/?c=750000000
171676421,Apple iPhone Air 256 APPLE5_GIFT_A35WD_YA36 SpaceBlack,Apple,677999,NOVAMART,02.10.2026 | 07:21:40,https://kaspi.kz/shop/p/apple-iphone-air-12-gb-256-gb-chernyi-podarok-171676421/?c=750000000
169699844,Смартфон Apple iPhone 17 Pro Max 12/256GB Deep Blue Чехол Apple для iPhone 17 Pro Max Clear Case with MagSafe MGFW4ZM/A,Apple,778980,Sulpаk,02.10.2026 | 07:21:40,https://kaspi.kz/shop/p/apple-iphone-17-pro-max-12-gb-256-gb-temno-sinii-podarok-169699844/?c=750000000
168664436,Смартфон Apple iPhone 17 Pro 512Gb оранжевый + подарок,Apple,952748,MOBILS,02.10.2026 | 07:21:40,https://kaspi.kz/shop/p/apple-iphone-17-pro-512gb-oranzhevyi-podarok-168664436/?c=750000000
167487144,Apple iPhone 17 Pro Max 256Gb темно-синий + подарок,Apple,1029990,Lynx,02.10.2026 | 07:21:40,https://kaspi.kz/shop/p/apple-iphone-17-pro-max-256gb-temno-sinii-podarok-167487144/?c=750000000
168036292,Apple iPhone 17 Pro Max 2Tb синий + подарок,Apple,1690000,UMMAH STORE,02.10.2026 | 07:21:40,https://kaspi.kz/shop/p/apple-iphone-17-pro-max-2tb-sinii-podarok-168036292/?c=750000000
168036624,Смартфон Apple iPhone 17 Pro Max 1Tb синий + подарок,Apple,1398693,MOBILS,02.10.2026 | 07:21:40,https://kaspi.kz/shop/p/apple-iphone-17-pro-max-1tb-sinii-podarok-168036624/?c=750000000
154661233,Смартфон Apple iPhone 17 Dual eSim 256Gb голубой + подарок,Apple,650000,UMMAH STORE,02.10.2026 | 07:22:35,https://kaspi.kz/shop/p/apple-iphone-17-dual-esim-256gb-goluboi-podarok-154661233/?c=750000000
167457202,Apple iPhone 17 Pro Max 2Tb APPLE1_GIFT_A20W_PODS_YA12 Silver,Apple,1469990,NOVAMART,02.10.2026 | 07:22:35,https://kaspi.kz/shop/p/apple-iphone-17-pro-max-2tb-serebristyi-podarok-167457202/?c=750000000
157286825,Apple iPhone 17 Pro 512Gb Dual eSim оранжевый + подарок,Apple,988822,Techno Lider,02.10.2026 | 07:22:35,https://kaspi.kz/shop/p/apple-iphone-17-pro-512gb-dual-esim-oranzhevyi-podarok-157286825/?c=750000000
167461843,Apple iPhone 17 Pro Max 2Tb APPLE1_GIFT_A20W_EAR_YA12 Silver,Apple,1400990,NOVAMART,02.10.2026 | 07:22:35,https://kaspi.kz/shop/p/apple-iphone-17-pro-max-2tb-serebristyi-podarok-167461843/?c=750000000
167238294,Apple iPhone Air 256Gb белый + подарок,Apple,659990,Lynx,02.10.2026 | 07:22:35,https://kaspi.kz/shop/p/apple-iphone-air-256gb-belyi-podarok-167238294/?c=750000000
170829131,Apple iPhone 17 256Gb голубой + подарок,Apple,558313,Amir.ON,02.10.2026 | 07:22:35,https://kaspi.kz/shop/p/apple-iphone-17-256gb-goluboi-podarok-170829131/?c=750000000
168035919,Apple iPhone 17 Pro 1Tb оранжевый + подарок,Apple,1342134,Lynx,02.10.2026 | 07:22:35,https://kaspi.kz/shop/p/apple-iphone-17-pro-1tb-oranzhevyi-podarok-168035919/?c=750000000
167728700,Смартфон Apple iPhone 17 512Gb фиолетовый + подарок,Apple,869000,UMMAH STORE,02.10.2026 | 07:22:35,https://kaspi.kz/shop/p/apple-iphone-17-512gb-fioletovyi-podarok-167728700/?c=750000000
167643996,Apple iPhone Air 512Gb голубой + подарок,Apple,1044380,Мобитайм,02.10.2026 | 07:22:35,https://kaspi.kz/shop/p/apple-iphone-air-512gb-goluboi-podarok-167643996/?c=750000000
167238567,iPhone Air 1Tb золотистый + подарок,Apple,920980,Lynx,02.10.2026 | 07:22:35,https://kaspi.kz/shop/p/apple-iphone-air-1tb-zolotistyi-podarok-167238567/?c=750000000
152721213,Смартфон Apple iPhone 17 Pro 1024Gb NanoSIM+eSIM оранжевый + подарок,Apple,999607,CN-MARKET,02.10.2026 | 07:22:35,https://kaspi.kz/shop/p/apple-iphone-17-pro-1024gb-nanosim-esim-oranzhevyi-podarok-152721213/?c=750000000
168641781,Apple iPhone 17 Pro Max 2Tb APPLE2_GIFT_A20W_PODS DeepBlue,Apple,1398990,NOVAMART,02.10.2026 | 07:22:35,https://kaspi.kz/shop/p/apple-iphone-17-pro-max-2tb-sinii-podarok-168641781/?c=750000000
167644120,Apple iPhone Air 512Gb золотистый + подарок,Apple,1059980,Мобитайм,02.10.2026 | 07:23:07,https://kaspi.kz/shop/p/apple-iphone-air-512gb-zolotistyi-podarok-167644120/?c=750000000
168642152,Смартфон Apple iPhone 17 Pro Max 1Tb синий + подарок,Apple,1327400,SmartDuken,02.10.2026 | 07:23:07,https://kaspi.kz/shop/p/apple-iphone-17-pro-max-1tb-sinii-podarok-168642152/?c=750000000
147533954,Смартфон Apple iPhone Air 256Gb голубой + подарок,Apple,689000,UMMAH STORE,02.10.2026 | 07:23:07,https://kaspi.kz/shop/p/apple-iphone-air-256gb-goluboi-podarok-147533954/?c=750000000
167728814,Apple iPhone 17 512Gb белый + подарок,Apple,999955,Мобитайм,02.10.2026 | 07:23:07,https://kaspi.kz/shop/p/apple-iphone-17-512gb-belyi-podarok-167728814/?c=750000000
168036141,Apple iPhone 17 Pro Max 2Tb APPLE2_GIFT_A20W_PODS_SE3S CosmicOrange,Apple,1628990,NOVAMART,02.10.2026 | 07:23:07,https://kaspi.kz/shop/p/apple-iphone-17-pro-max-2tb-oranzhevyi-podarok-168036141/?c=750000000
168158254,Смартфон Apple iPhone Air 256Gb голубой + подарок,Apple,717998,SAPALY Store,02.10.2026 | 07:23:07,https://kaspi.kz/shop/p/apple-iphone-air-256gb-goluboi-podarok-168158254/?c=750000000
167728944,Apple iPhone 17 512Gb черный + подарок,Apple,999998,Мобитайм,02.10.2026 | 07:23:07,https://kaspi.kz/shop/p/apple-iphone-17-512gb-chernyi-podarok-167728944/?c=750000000
170829922,Смартфон Apple iPhone 17 256Gb фиолетовый + подарок,Apple,621000,UMMAH STORE,02.10.2026 | 07:23:07,https://kaspi.kz/shop/p/apple-iphone-17-256gb-fioletovyi-podarok-170829922/?c=750000000
157287013,Apple iPhone 17 Pro 256Gb Dual eSim серебристый + подарок,Apple,869990,Lynx,02.10.2026 | 07:23:07,https://kaspi.kz/shop/p/apple-iphone-17-pro-256gb-dual-esim-serebristyi-podarok-157287013/?c=750000000
157286484,Смартфон Apple iPhone 17 Pro 1024Gb Dual eSim синий + подарок,Apple,1063005,SmartDuken,02.10.2026 | 07:23:07,https://kaspi.kz/shop/p/apple-iphone-17-pro-1024gb-dual-esim-sinii-podarok-157286484/?c=750000000
167456434,Apple iPhone 17 Pro Max 2Tb APPLE1_GIFT_A20W_PPRO_YA12 Silver,Apple,1561990,NOVAMART,02.10.2026 | 07:23:07,https://kaspi.kz/shop/p/apple-iphone-17-pro-max-2tb-serebristyi-podarok-167456434/?c=750000000
167230997,Смартфон Apple iPhone 17 8 ГБ/512 ГБ зеленый + подарок,Apple,799000,UMMAH STORE,02.10.2026 | 07:23:07,https://kaspi.kz/shop/p/apple-iphone-17-8-gb-512-gb-zelenyi-podarok-167230997/?c=750000000
167643370,Apple iPhone Air 1Tb золотистый + подарок,Apple,1189990,Lynx,02.10.2026 | 07:24:24,https://kaspi.kz/shop/p/apple-iphone-air-1tb-zolotistyi-podarok-167643370/?c=750000000
170828751,Смартфон Apple iPhone 17 256Gb голубой + подарок,Apple,645844,SAPALY Store,02.10.2026 | 07:24:24,https://kaspi.kz/shop/p/apple-iphone-17-256gb-goluboi-podarok-170828751/?c=750000000
167643394,Смартфон Apple iPhone Air 1Tb белый + подарок,Apple,1089888,SmartDuken,02.10.2026 | 07:24:24,https://kaspi.kz/shop/p/apple-iphone-air-1tb-belyi-podarok-167643394/?c=750000000
168036599,Смартфон Apple iPhone 17 Pro Max 1Tb серебристый + подарок,Apple,1533982,SAPALY Store,02.10.2026 | 07:24:24,https://kaspi.kz/shop/p/apple-iphone-17-pro-max-1tb-serebristyi-podarok-168036599/?c=750000000
168641804,Apple iPhone 17 Pro Max 2Tb APPLE2_GIFT_A20W_PODS CosmicOrange,Apple,1461990,NOVAMART,02.10.2026 | 07:24:24,https://kaspi.kz/shop/p/apple-iphone-17-pro-max-2tb-oranzhevyi-podarok-168641804/?c=750000000
152006789,Смартфон Apple iPhone 17 Pro 1024Gb Dual eSim оранжевый + подарок,Apple,869763,Artis Optima,02.10.2026 | 07:24:24,https://kaspi.kz/shop/p/apple-iphone-17-pro-1024gb-dual-esim-oranzhevyi-podarok-152006789/?c=750000000
170829076,Смартфон Apple iPhone 17 256Gb голубой + подарок,Apple,642632,SAPALY Store,02.10.2026 | 07:24:24,https://kaspi.kz/shop/p/apple-iphone-17-256gb-goluboi-podarok-170829076/?c=750000000
157461707,Apple iPhone 17 Pro Max Dual eSim 1024Gb оранжевый + подарок,Apple,1108990,Techno Lider,02.10.2026 | 07:24:24,https://kaspi.kz/shop/p/apple-iphone-17-pro-max-dual-esim-1024gb-oranzhevyi-podarok-157461707/?c=750000000
168156859,Смартфон Apple iPhone 17 512Gb белый + подарок,Apple,768999,UMMAH STORE 2,02.10.2026 | 07:24:24,https://kaspi.kz/shop/p/apple-iphone-17-512gb-belyi-podarok-168156859/?c=750000000
167728757,Apple iPhone 17 512Gb черный + подарок,Apple,999890,Мобитайм,02.10.2026 | 07:24:24,https://kaspi.kz/shop/p/apple-iphone-17-512gb-chernyi-podarok-167728757/?c=750000000
168035404,Смартфон Apple iPhone 17 Pro 256Gb темно-синий + подарок,Apple,987582,AG shop,02.10.2026 | 07:24:24,https://kaspi.kz/shop/p/apple-iphone-17-pro-256gb-temno-sinii-podarok-168035404/?c=750000000
168663486,Apple iPhone 17 Pro 512Gb синий + подарок,Apple,1135690,Lynx,02.10.2026 | 07:24:24,https://kaspi.kz/shop/p/apple-iphone-17-pro-512gb-sinii-podarok-168663486/?c=750000000
168642077,Смартфон Apple iPhone 17 Pro Max 1Tb серебристый + подарок,Apple,1666440,SmartDuken,02.10.2026 | 07:24:55,https://kaspi.kz/shop/p/apple-iphone-17-pro-max-1tb-serebristyi-podarok-168642077/?c=750000000
168156798,Смартфон Apple iPhone 17 512Gb зеленый + подарок,Apple,889000,UMMAH STORE 2,02.10.2026 | 07:24:55,https://kaspi.kz/shop/p/apple-iphone-17-512gb-zelenyi-podarok-168156798/?c=750000000
167238253,Смартфон Apple iPhone Air 256Gb голубой + подарок,Apple,678998,AG shop,02.10.2026 | 07:24:55,https://kaspi.kz/shop/p/apple-iphone-air-256gb-goluboi-podarok-167238253/?c=750000000
171675956,Смартфон Apple iPhone Air 12 ГБ/512 ГБ черный + подарок,Apple,831998,AG shop,02.10.2026 | 07:24:55,https://kaspi.kz/shop/p/apple-iphone-air-12-gb-512-gb-chernyi-podarok-171675956/?c=750000000
168861066,Смартфон Apple iPhone 17 Pro 1Tb серебристый + подарок,Apple,1146519,SAPALY Store,02.10.2026 | 07:24:55,https://kaspi.kz/shop/p/apple-iphone-17-pro-1tb-serebristyi-podarok-168861066/?c=750000000
169618661,Смартфон Apple iPhone 17 Pro Max 12/256GB Cosmic Orange Адаптер Apple 20W USB-C (MD3J4ZM/A) Чехол Apple для iPhone 17 Pro Max Clear Case with MagSafe MGFW4ZM/A,Apple,793460,Sulpаk,02.10.2026 | 07:24:55,https://kaspi.kz/shop/p/apple-iphone-17-pro-max-12-gb-256-gb-oranzhevyi-podarok-169618661/?c=750000000
168036011,Смартфон Apple iPhone 17 Pro Max 512Gb синий + подарок,Apple,1198480,SAPALY Store,02.10.2026 | 07:24:55,https://kaspi.kz/shop/p/apple-iphone-17-pro-max-512gb-sinii-podarok-168036011/?c=750000000
167391176,Apple iPhone 17 Pro 1Tb оранжевый + подарок,Apple,1181958,Lynx,02.10.2026 | 07:24:55,https://kaspi.kz/shop/p/apple-iphone-17-pro-1tb-oranzhevyi-podarok-167391176/?c=750000000
167487454,Смартфон Apple iPhone 17 Pro Max 1Tb серебристый + подарок,Apple,1676376,SmartDuken,02.10.2026 | 07:24:55,https://kaspi.kz/shop/p/apple-iphone-17-pro-max-1tb-serebristyi-podarok-167487454/?c=750000000
168861062,Смартфон Apple iPhone 17 Pro 1Tb оранжевый + подарок,Apple,1173469,SAPALY Store,02.10.2026 | 07:24:55,https://kaspi.kz/shop/p/apple-iphone-17-pro-1tb-oranzhevyi-podarok-168861062/?c=750000000
152032579,iPhone Air 512Gb черный + подарок,Apple,798990,Lynx,02.10.2026 | 07:24:55,https://kaspi.kz/shop/p/apple-iphone-air-512gb-chernyi-podarok-152032579/?c=750000000
167644610,Смартфон Apple iPhone Air 1Tb золотистый + подарок,Apple,1079788,SmartDuken,02.10.2026 | 07:24:55,https://kaspi.kz/shop/p/apple-iphone-air-1tb-zolotistyi-podarok-167644610/?c=750000000
157461501,Смартфон Apple iPhone 17 Pro Max Dual eSim 1024Gb синий + подарок,Apple,1366454,AG shop,02.10.2026 | 07:26:35,https://kaspi.kz/shop/p/apple-iphone-17-pro-max-dual-esim-1024gb-sinii-podarok-157461501/?c=750000000
168642097,Смартфон Apple iPhone 17 Pro Max 1Tb оранжевый + подарок,Apple,1468458,SAPALY Store,02.10.2026 | 07:26:35,https://kaspi.kz/shop/p/apple-iphone-17-pro-max-1tb-oranzhevyi-podarok-168642097/?c=750000000
168642086,Смартфон Apple iPhone 17 Pro Max 1Tb синий + подарок,Apple,1355294,SAPALY Store,02.10.2026 | 07:26:35,https://kaspi.kz/shop/p/apple-iphone-17-pro-max-1tb-sinii-podarok-168642086/?c=750000000
152029427,Apple iPhone Air 256 APPLE_GIFT_YA24 LightGold,Apple,627990,NOVAMART,02.10.2026 | 07:26:35,https://kaspi.kz/shop/p/apple-iphone-air-256gb-zolotistyi-podarok-152029427/?c=750000000
167237352,iPhone Air 512Gb золотистый + подарок,Apple,867990,Lynx,02.10.2026 | 07:26:35,https://kaspi.kz/shop/p/apple-iphone-air-512gb-zolotistyi-podarok-167237352/?c=750000000
167643512,Apple iPhone Air 1Tb черный + подарок,Apple,1039880,Мобитайм,02.10.2026 | 07:26:35,https://kaspi.kz/shop/p/apple-iphone-air-1tb-chernyi-podarok-167643512/?c=750000000
168036162,Смартфон Apple iPhone 17 Pro Max 2Tb серебристый + подарок,Apple,1789999,SmartDuken,02.10.2026 | 07:26:35,https://kaspi.kz/shop/p/apple-iphone-17-pro-max-2tb-serebristyi-podarok-168036162/?c=750000000
154661130,Смартфон Apple iPhone 17 Dual eSim 256Gb черный + подарок,Apple,648999,SmartDuken,02.10.2026 | 07:26:35,https://kaspi.kz/shop/p/apple-iphone-17-dual-esim-256gb-chernyi-podarok-154661130/?c=750000000
157287066,Смартфон Apple iPhone 17 Pro 256Gb Dual eSim оранжевый + подарок,Apple,788998,SmartDuken,02.10.2026 | 07:26:35,https://kaspi.kz/shop/p/apple-iphone-17-pro-256gb-dual-esim-oranzhevyi-podarok-157287066/?c=750000000
168035527,Смартфон Apple iPhone 17 Pro 256Gb серебристый + подарок,Apple,1009188,SAPALY Store,02.10.2026 | 07:26:35,https://kaspi.kz/shop/p/apple-iphone-17-pro-256gb-serebristyi-podarok-168035527/?c=750000000
167487545,Смартфон Apple iPhone 17 Pro Max 1Tb серебристый + подарок,Apple,1375000,SmartDuken,02.10.2026 | 07:26:35,https://kaspi.kz/shop/p/apple-iphone-17-pro-max-1tb-serebristyi-podarok-167487545/?c=750000000
167237856,iPhone Air 512Gb белый + подарок,Apple,809990,Lynx,02.10.2026 | 07:26:35,https://kaspi.kz/shop/p/apple-iphone-air-512gb-belyi-podarok-167237856/?c=750000000
154660660,Смартфон Apple iPhone 17 256Gb NanoSIM+eSIM голубой + подарок,Apple,559499,MOBILS,02.10.2026 | 07:26:44,https://kaspi.kz/shop/p/apple-iphone-17-256gb-nanosim-esim-goluboi-podarok-154660660/?c=750000000
167238383,iPhone Air 1Tb голубой + подарок,Apple,978779,Lynx,02.10.2026 | 07:26:44,https://kaspi.kz/shop/p/apple-iphone-air-1tb-goluboi-podarok-167238383/?c=750000000
168035198,Смартфон Apple iPhone 17 Pro 512Gb оранжевый + подарок,Apple,1119998,SAPALY Store,02.10.2026 | 07:26:44,https://kaspi.kz/shop/p/apple-iphone-17-pro-512gb-oranzhevyi-podarok-168035198/?c=750000000
157279888,Apple iPhone 17 Pro Max 512Gb Dual eSim оранжевый + подарок,Apple,908990,Lynx,02.10.2026 | 07:26:44,https://kaspi.kz/shop/p/apple-iphone-17-pro-max-512gb-dual-esim-oranzhevyi-podarok-157279888/?c=750000000
168641534,Смартфон Apple iPhone 17 Pro Max 512Gb серебристый + подарок,Apple,1028546,SAPALY Store,02.10.2026 | 07:26:44,https://kaspi.kz/shop/p/apple-iphone-17-pro-max-512gb-serebristyi-podarok-168641534/?c=750000000
167643468,Apple iPhone Air 256Gb золотистый + подарок,Apple,876073,SAPALY Store,02.10.2026 | 07:26:44,https://kaspi.kz/shop/p/apple-iphone-air-256gb-zolotistyi-podarok-167643468/?c=750000000
167462130,Смартфон Apple iPhone 17 Pro Max 2Tb оранжевый + подарок,Apple,1400941,MOBILS,02.10.2026 | 07:26:44,https://kaspi.kz/shop/p/apple-iphone-17-pro-max-2tb-oranzhevyi-podarok-167462130/?c=750000000
168663612,Смартфон Apple iPhone 17 Pro 512Gb оранжевый + подарок,Apple,977815,SAPALY Store,02.10.2026 | 07:26:44,https://kaspi.kz/shop/p/apple-iphone-17-pro-512gb-oranzhevyi-podarok-168663612/?c=750000000
167238491,iPhone Air 1Tb черный + подарок,Apple,848990,Lynx,02.10.2026 | 07:26:44,https://kaspi.kz/shop/p/apple-iphone-air-1tb-chernyi-podarok-167238491/?c=750000000
152720379,Смартфон Apple iPhone 17 512Gb NanoSIM+eSIM голубой + подарок,Apple,795998,AG shop,02.10.2026 | 07:26:44,https://kaspi.kz/shop/p/apple-iphone-17-512gb-nanosim-esim-goluboi-podarok-152720379/?c=750000000
170829039,Apple iPhone 17 256Gb зеленый + подарок,Apple,621520,Мобитайм,02.10.2026 | 07:26:44,https://kaspi.kz/shop/p/apple-iphone-17-256gb-zelenyi-podarok-170829039/?c=750000000
167728853,Смартфон Apple iPhone 17 512Gb голубой + подарок,Apple,994000,UMMAH STORE 2,02.10.2026 | 07:26:44,https://kaspi.kz/shop/p/apple-iphone-17-512gb-goluboi-podarok-167728853/?c=750000000
168156765,Смартфон Apple iPhone 17 512Gb голубой + подарок,Apple,854000,UMMAH STORE 2,02.10.2026 | 07:27:15,https://kaspi.kz/shop/p/apple-iphone-17-512gb-goluboi-podarok-168156765/?c=750000000
167390625,Apple iPhone 17 Pro 256 APPLE1_GIFT_A20W_PODS_YA12 CosmicOrange,Apple,850990,NOVAMART,02.10.2026 | 07:27:15,https://kaspi.kz/shop/p/apple-iphone-17-pro-256gb-oranzhevyi-podarok-167390625/?c=750000000
167452592,Apple iPhone 17 Pro Max 512 APPLE1_GIFT_A20W_PODS_YA12 DeepBlue,Apple,1051549,NOVAMART,02.10.2026 | 07:27:15,https://kaspi.kz/shop/p/apple-iphone-17-pro-max-512gb-temno-sinii-podarok-167452592/?c=750000000
167231022,Смартфон Apple iPhone 17 8 ГБ/512 ГБ голубой + подарок,Apple,838000,AG shop,02.10.2026 | 07:27:15,https://kaspi.kz/shop/p/apple-iphone-17-8-gb-512-gb-goluboi-podarok-167231022/?c=750000000
167644531,Смартфон Apple iPhone Air 1Tb черный + подарок,Apple,1014240,SmartDuken,02.10.2026 | 07:27:15,https://kaspi.kz/shop/p/apple-iphone-air-1tb-chernyi-podarok-167644531/?c=750000000
167231042,Смартфон Apple iPhone 17 8 ГБ/512 ГБ фиолетовый + подарок,Apple,759000,UMMAH STORE,02.10.2026 | 07:27:15,https://kaspi.kz/shop/p/apple-iphone-17-8-gb-512-gb-fioletovyi-podarok-167231042/?c=750000000
171515053,Apple iPhone 17 Pro 256 APPLE5_GIFT_A35WD_YA36 Silver,Apple,808990,NOVAMART,02.10.2026 | 07:27:15,https://kaspi.kz/shop/p/apple-iphone-17-pro-256-gb-serebristyi-podarok-171515053/?c=750000000
167391276,Смартфон Apple iPhone 17 Pro 1Tb темно-синий + подарок,Apple,1257777,CN-MARKET,02.10.2026 | 07:27:15,https://kaspi.kz/shop/p/apple-iphone-17-pro-1tb-temno-sinii-podarok-167391276/?c=750000000
167643378,iPhone Air 1Tb голубой + подарок,Apple,1089890,Lynx,02.10.2026 | 07:27:15,https://kaspi.kz/shop/p/apple-iphone-air-1tb-goluboi-podarok-167643378/?c=750000000
167487641,Смартфон Apple iPhone 17 Pro Max 1Tb оранжевый + подарок,Apple,1387286,SmartDuken,02.10.2026 | 07:27:15,https://kaspi.kz/shop/p/apple-iphone-17-pro-max-1tb-oranzhevyi-podarok-167487641/?c=750000000
167239612,Смартфон Apple iPhone 17 512Gb зеленый + подарок,Apple,890000,UMMAH STORE,02.10.2026 | 07:27:15,https://kaspi.kz/shop/p/apple-iphone-17-512gb-zelenyi-podarok-167239612/?c=750000000
168159128,Смартфон Apple iPhone Air 1Tb черный + подарок,Apple,870020,SmartDuken,02.10.2026 | 07:27:15,https://kaspi.kz/shop/p/apple-iphone-air-1tb-chernyi-podarok-168159128/?c=750000000
168664360,Смартфон Apple iPhone 17 Pro 512Gb синий + подарок,Apple,1072599,Aslan Tel,02.10.2026 | 07:27:47,https://kaspi.kz/shop/p/apple-iphone-17-pro-512gb-sinii-podarok-168664360/?c=750000000
167238609,iPhone Air 1Tb белый + подарок,Apple,859890,Lynx,02.10.2026 | 07:27:47,https://kaspi.kz/shop/p/apple-iphone-air-1tb-belyi-podarok-167238609/?c=750000000
170829265,Смартфон Apple iPhone 17 256Gb фиолетовый + подарок,Apple,616529,SAPALY Store,02.10.2026 | 07:27:47,https://kaspi.kz/shop/p/apple-iphone-17-256gb-fioletovyi-podarok-170829265/?c=750000000
167238509,Смартфон Apple iPhone Air 1Tb голубой + подарок,Apple,878000,UMMAH STORE,02.10.2026 | 07:27:47,https://kaspi.kz/shop/p/apple-iphone-air-1tb-goluboi-podarok-167238509/?c=750000000
152008690,Смартфон Apple iPhone 17 512Gb Dual eSim фиолетовый + подарок,Apple,768000,UMMAH STORE,02.10.2026 | 07:27:47,https://kaspi.kz/shop/p/apple-iphone-17-512gb-dual-esim-fioletovyi-podarok-152008690/?c=750000000
168664835,Смартфон Apple iPhone 17 Pro 256Gb серебристый + подарок,Apple,925549,SAPALY Store,02.10.2026 | 07:27:47,https://kaspi.kz/shop/p/apple-iphone-17-pro-256gb-serebristyi-podarok-168664835/?c=750000000
170829183,Apple iPhone 17 256Gb зеленый + подарок,Apple,622848,Mobile_Shop,02.10.2026 | 07:27:47,https://kaspi.kz/shop/p/apple-iphone-17-256gb-zelenyi-podarok-170829183/?c=750000000
168035185,Смартфон Apple iPhone 17 Pro 512Gb темно-синий + подарок,Apple,1320500,Aslan Tel,02.10.2026 | 07:27:47,https://kaspi.kz/shop/p/apple-iphone-17-pro-512gb-temno-sinii-podarok-168035185/?c=750000000
168036073,Смартфон Apple iPhone 17 Pro Max 512Gb синий + подарок,Apple,1424866,SAPALY Store,02.10.2026 | 07:27:47,https://kaspi.kz/shop/p/apple-iphone-17-pro-max-512gb-sinii-podarok-168036073/?c=750000000
170829081,Смартфон Apple iPhone 17 256Gb фиолетовый + подарок,Apple,649978,SAPALY Store,02.10.2026 | 07:27:47,https://kaspi.kz/shop/p/apple-iphone-17-256gb-fioletovyi-podarok-170829081/?c=750000000
168641870,Смартфон Apple iPhone 17 Pro Max 256Gb оранжевый + подарок,Apple,966477,SAPALY Store,02.10.2026 | 07:27:47,https://kaspi.kz/shop/p/apple-iphone-17-pro-max-256gb-oranzhevyi-podarok-168641870/?c=750000000
168156810,Смартфон Apple iPhone 17 512Gb фиолетовый + подарок,Apple,769000,UMMAH STORE,02.10.2026 | 07:27:47,https://kaspi.kz/shop/p/apple-iphone-17-512gb-fioletovyi-podarok-168156810/?c=750000000
152032508,iPhone Air 512Gb золотистый + подарок,Apple,798990,Lynx,02.10.2026 | 07:28:42,https://kaspi.kz/shop/p/apple-iphone-air-512gb-zolotistyi-podarok-152032508/?c=750000000
157461601,Смартфон Apple iPhone 17 Pro Max Dual eSim 1024Gb серебристый + подарок,Apple,1099988,AG shop,02.10.2026 | 07:28:42,https://kaspi.kz/shop/p/apple-iphone-17-pro-max-dual-esim-1024gb-serebristyi-podarok-157461601/?c=750000000
168664835,Смартфон Apple iPhone 17 Pro 256Gb серебристый + подарок,Apple,925549,SAPALY Store,02.10.2026 | 07:28:42,https://kaspi.kz/shop/p/apple-iphone-17-pro-256gb-serebristyi-podarok-168664835/?c=750000000
170828858,Смартфон Apple iPhone 17 256Gb белый + подарок,Apple,600998,SAPALY Store,02.10.2026 | 07:28:42,https://kaspi.kz/shop/p/apple-iphone-17-256gb-belyi-podarok-170828858/?c=750000000
172964857,Смартфон Apple iPhone 17e 512Gb белый,Apple,580000,Tech.kz,02.10.2026 | 07:28:42,https://kaspi.kz/shop/p/apple-iphone-17e-512gb-belyi-172964857/?c=750000000
171515161,Apple iPhone 17 Pro 256 APPLE5_GIFT_A35WD_YA36 DeepBlue,Apple,811990,NOVAMART,02.10.2026 | 07:28:42,https://kaspi.kz/shop/p/apple-iphone-17-pro-256-gb-temno-sinii-podarok-171515161/?c=750000000
168665105,Смартфон Apple iPhone 17 Pro 256Gb синий + подарок,Apple,923035,SAPALY Store,02.10.2026 | 07:28:42,https://kaspi.kz/shop/p/apple-iphone-17-pro-256gb-sinii-podarok-168665105/?c=750000000
152006139,Смартфон Apple iPhone 17 512Gb Dual eSim белый + подарок,Apple,790000,UMMAH STORE,02.10.2026 | 07:28:42,https://kaspi.kz/shop/p/apple-iphone-17-512gb-dual-esim-belyi-podarok-152006139/?c=750000000
167643412,Смартфон Apple iPhone Air 256Gb голубой + подарок,Apple,959172,SAPALY Store,02.10.2026 | 07:28:42,https://kaspi.kz/shop/p/apple-iphone-air-256gb-goluboi-podarok-167643412/?c=750000000
168157724,iPhone Air 512Gb черный + подарок,Apple,883333,Lynx,02.10.2026 | 07:28:42,https://kaspi.kz/shop/p/apple-iphone-air-512gb-chernyi-podarok-168157724/?c=750000000
152005585,Смартфон Apple iPhone 17 Pro 512Gb Dual eSim серебристый + подарок,Apple,878895,MOBILS,02.10.2026 | 07:28:42,https://kaspi.kz/shop/p/apple-iphone-17-pro-512gb-dual-esim-serebristyi-podarok-152005585/?c=750000000
157279163,Смартфон Apple iPhone 17 Pro Max 512Gb Dual eSim синий + подарок,Apple,831900,UMMAH STORE 2,02.10.2026 | 07:28:42,https://kaspi.kz/shop/p/apple-iphone-17-pro-max-512gb-dual-esim-sinii-podarok-157279163/?c=750000000
170829147,Смартфон Apple iPhone 17 256Gb белый + подарок,Apple,659990,SAPALY Store,02.10.2026 | 07:29:14,https://kaspi.kz/shop/p/apple-iphone-17-256gb-belyi-podarok-170829147/?c=750000000
167457411,Apple iPhone 17 Pro Max 2Tb APPLE1_GIFT_A20W_PODS_YA12 DeepBlue,Apple,1406990,NOVAMART,02.10.2026 | 07:29:14,https://kaspi.kz/shop/p/apple-iphone-17-pro-max-2tb-temno-sinii-podarok-167457411/?c=750000000
152721239,Смартфон Apple iPhone 17 Pro 1024Gb NanoSIM+eSIM серебристый + подарок,Apple,1152692,AG shop,02.10.2026 | 07:29:14,https://kaspi.kz/shop/p/apple-iphone-17-pro-1024gb-nanosim-esim-serebristyi-podarok-152721239/?c=750000000
167644142,Смартфон Apple iPhone Air 256Gb золотистый + подарок,Apple,999951,SAPALY Store,02.10.2026 | 07:29:14,https://kaspi.kz/shop/p/apple-iphone-air-256gb-zolotistyi-podarok-167644142/?c=750000000
167461347,Apple iPhone 17 Pro Max 2Tb APPLE1_GIFT_A20W_EAR_YA12 DeepBlue,Apple,1337990,NOVAMART,02.10.2026 | 07:29:14,https://kaspi.kz/shop/p/apple-iphone-17-pro-max-2tb-temno-sinii-podarok-167461347/?c=750000000
167487526,Смартфон Apple iPhone 17 Pro Max 1Tb оранжевый + подарок,Apple,1678133,MOBILS,02.10.2026 | 07:29:14,https://kaspi.kz/shop/p/apple-iphone-17-pro-max-1tb-oranzhevyi-podarok-167487526/?c=750000000
168158293,Apple iPhone Air 256Gb белый + подарок,Apple,741716,Lynx,02.10.2026 | 07:29:14,https://kaspi.kz/shop/p/apple-iphone-air-256gb-belyi-podarok-168158293/?c=750000000
168158829,iPhone Air 1Tb золотистый + подарок,Apple,958890,Lynx,02.10.2026 | 07:29:14,https://kaspi.kz/shop/p/apple-iphone-air-1tb-zolotistyi-podarok-168158829/?c=750000000
168036562,Смартфон Apple iPhone 17 Pro Max 256Gb синий + подарок,Apple,1056242,SAPALY Store,02.10.2026 | 07:29:14,https://kaspi.kz/shop/p/apple-iphone-17-pro-max-256gb-sinii-podarok-168036562/?c=750000000
167238468,iPhone Air 1Tb белый + подарок,Apple,948990,Lynx,02.10.2026 | 07:29:14,https://kaspi.kz/shop/p/apple-iphone-air-1tb-belyi-podarok-167238468/?c=750000000
167389846,Смартфон Apple iPhone 17 Pro 512Gb темно-синий + подарок,Apple,1316999,SmartDuken,02.10.2026 | 07:29:14,https://kaspi.kz/shop/p/apple-iphone-17-pro-512gb-temno-sinii-podarok-167389846/?c=750000000
168664510,Смартфон Apple iPhone 17 Pro 512Gb серебристый + подарок,Apple,896961,MOBILS,02.10.2026 | 07:29:14,https://kaspi.kz/shop/p/apple-iphone-17-pro-512gb-serebristyi-podarok-168664510/?c=750000000
152009221,Смартфон Apple iPhone 17 512Gb Dual eSim черный + подарок,Apple,787995,AG shop,02.10.2026 | 07:31:18,https://kaspi.kz/shop/p/apple-iphone-17-512gb-dual-esim-chernyi-podarok-152009221/?c=750000000
135186258,Смартфон Apple iPhone 16e 512Gb NanoSIM+eSIM белый,Apple,463079,ASR Market,02.10.2026 | 07:31:18,https://kaspi.kz/shop/p/apple-iphone-16e-512gb-nanosim-esim-belyi-135186258/?c=750000000
167451628,Смартфон Apple iPhone 17 Pro Max 512Gb серебристый + подарок,Apple,1476003,AG shop,02.10.2026 | 07:31:18,https://kaspi.kz/shop/p/apple-iphone-17-pro-max-512gb-serebristyi-podarok-167451628/?c=750000000
168642172,Смартфон Apple iPhone 17 Pro Max 1Tb серебристый + подарок,Apple,1317426,SAPALY Store,02.10.2026 | 07:31:18,https://kaspi.kz/shop/p/apple-iphone-17-pro-max-1tb-serebristyi-podarok-168642172/?c=750000000
171516431,Смартфон Apple iPhone 16 8 ГБ/128 ГБ черный + подарок,Apple,536529,MOBILS,02.10.2026 | 07:31:18,https://kaspi.kz/shop/p/apple-iphone-16-8-gb-128-gb-chernyi-podarok-171516431/?c=750000000
113138335,Apple iPhone 15 Pro 512Gb NanoSIM+eSIM синий,Apple,826628,Мобитайм,02.10.2026 | 07:31:18,https://kaspi.kz/shop/p/apple-iphone-15-pro-512gb-nanosim-esim-sinii-113138335/?c=750000000
171514508,Смартфон Apple iPhone 17 256 GB фиолетовый + подарок,Apple,667999,SmartDuken,02.10.2026 | 07:31:18,https://kaspi.kz/shop/p/apple-iphone-17-256-gb-fioletovyi-podarok-171514508/?c=750000000
168860592,Смартфон Apple iPhone 17 Pro 1Tb серебристый + подарок,Apple,1172991,SAPALY Store,02.10.2026 | 07:31:18,https://kaspi.kz/shop/p/apple-iphone-17-pro-1tb-serebristyi-podarok-168860592/?c=750000000
168641377,Смартфон Apple iPhone 17 Pro Max 512Gb серебристый + подарок,Apple,1272698,AG shop,02.10.2026 | 07:31:18,https://kaspi.kz/shop/p/apple-iphone-17-pro-max-512gb-serebristyi-podarok-168641377/?c=750000000
113589035,Смартфон Apple iPhone 15 Pro 1Tb Dual Sim черный,Apple,699998,iStore KZ,02.10.2026 | 07:31:18,https://kaspi.kz/shop/p/apple-iphone-15-pro-1tb-dual-sim-chernyi-113589035/?c=750000000
169699740,Смартфон Apple iPhone 17 Pro Max 12/256GB Deep Blue Чехол Apple для iPhone 17 Pro Max Silicone Case with MagSafe – Black MGFR4ZM/A,Apple,759980,Sulpаk,02.10.2026 | 07:31:18,https://kaspi.kz/shop/p/apple-iphone-17-pro-max-12-gb-256-gb-temno-sinii-podarok-169699740/?c=750000000
168158327,Смартфон Apple iPhone Air 256Gb голубой + подарок,Apple,604787,SAPALY Store,02.10.2026 | 07:31:18,https://kaspi.kz/shop/p/apple-iphone-air-256gb-goluboi-podarok-168158327/?c=750000000
167239298,Смартфон Apple iPhone 15 256Gb черный + подарок,Apple,559718,MOBILS,02.10.2026 | 07:33:20,https://kaspi.kz/shop/p/apple-iphone-15-256gb-chernyi-podarok-167239298/?c=750000000
157458212,Смартфон Apple iPhone 16 128Gb NanoSIM+eSIM белый + подарок,Apple,539399,SmartDuken,02.10.2026 | 07:33:20,https://kaspi.kz/shop/p/apple-iphone-16-128gb-nanosim-esim-belyi-podarok-157458212/?c=750000000
143568155,Apple iPhone 16 Pro Max 256Gb NanoSIM+eSIM черный + подарок,Apple,930000,Мобитайм,02.10.2026 | 07:33:20,https://kaspi.kz/shop/p/apple-iphone-16-pro-max-256gb-nanosim-esim-chernyi-podarok-143568155/?c=750000000
143568049,Смартфон Apple iPhone 16 Pro Max 1024Gb NanoSIM+eSIM черный + подарок,Apple,849999,AG shop,02.10.2026 | 07:33:20,https://kaspi.kz/shop/p/apple-iphone-16-pro-max-1024gb-nanosim-esim-chernyi-podarok-143568049/?c=750000000
177319261,Смартфон Apple iPhone 18 Pro Max 2Tb NanoSIM+eSIM черный,Apple,1900000,SMART ELECTRONICS,02.10.2026 | 07:33:20,https://kaspi.kz/shop/p/apple-iphone-18-pro-max-2tb-nanosim-esim-chernyi-177319261/?c=750000000
168155040,Apple iPhone 16 128 APPLE2_GIFT_A20W_PODS Pink,Apple,597070,NOVAMART,02.10.2026 | 07:33:20,https://kaspi.kz/shop/p/apple-iphone-16-128gb-rozovyi-podarok-168155040/?c=750000000
143578203,Apple iPhone 15 128Gb NanoSIM+eSIM желтый + подарок,Apple,544999,GadgetON,02.10.2026 | 07:33:20,https://kaspi.kz/shop/p/apple-iphone-15-128gb-nanosim-esim-zheltyi-podarok-143578203/?c=750000000
157458415,Смартфон Apple iPhone 16 128Gb черный + подарок,Apple,464900,Sirius,02.10.2026 | 07:33:20,https://kaspi.kz/shop/p/apple-iphone-16-128gb-nanosim-esim-chernyi-podarok-157458415/?c=750000000
113138053,Apple iPhone 15 Plus 256Gb NanoSIM+eSIM розовый,Apple,576819,1Bay,02.10.2026 | 07:33:20,https://kaspi.kz/shop/p/apple-iphone-15-plus-256gb-nanosim-esim-rozovyi-113138053/?c=750000000
149071353,Смартфон Apple iPhone 16 128Gb NanoSIM+eSIM розовый + подарок,Apple,548000,UMMAH STORE,02.10.2026 | 07:33:20,https://kaspi.kz/shop/p/apple-iphone-16-128gb-nanosim-esim-rozovyi-podarok-149071353/?c=750000000
171584280,Смартфон Apple iPhone 15 6 ГБ/128 ГБ черный + подарок,Apple,502000,UMMAH STORE,02.10.2026 | 07:33:20,https://kaspi.kz/shop/p/apple-iphone-15-6-gb-128-gb-chernyi-podarok-171584280/?c=750000000
168156646,Смартфон Apple iPhone 15 256Gb синий + подарок,Apple,529000,UMMAH STORE,02.10.2026 | 07:33:20,https://kaspi.kz/shop/p/apple-iphone-15-256gb-sinii-podarok-168156646/?c=750000000
171578811,Apple iPhone 15 256 APPLE5_GIFT_A35WD_YA36 Black,Apple,590990,NOVAMART,02.10.2026 | 07:34:15,https://kaspi.kz/shop/p/apple-iphone-15-6-gb-256-gb-chernyi-podarok-171578811/?c=750000000
171516303,Смартфон Apple iPhone 16 8 ГБ/128 ГБ белый + подарок,Apple,589000,UMMAH STORE,02.10.2026 | 07:34:15,https://kaspi.kz/shop/p/apple-iphone-16-8-gb-128-gb-belyi-podarok-171516303/?c=750000000
121693378,Apple iPhone 15 128Gb Dual eSim зеленый,Apple,600000,Mobile_Shop,02.10.2026 | 07:34:15,https://kaspi.kz/shop/p/apple-iphone-15-128gb-dual-esim-zelenyi-121693378/?c=750000000
147261973,Apple iPhone 15 256 APPLE_GIFT_YA24 Black,Apple,534999,NOVAMART,02.10.2026 | 07:34:15,https://kaspi.kz/shop/p/apple-iphone-15-256gb-nanosim-esim-chernyi-podarok-147261973/?c=750000000
134238610,Смартфон Apple iPhone 13 128Gb NanoSIM+eSIM черный + подарок,Apple,430900,UMMAH STORE 2,02.10.2026 | 07:34:15,https://kaspi.kz/shop/p/apple-iphone-13-128gb-nanosim-esim-chernyi-podarok-134238610/?c=750000000
171515760,Смартфон Apple iPhone 16 8 ГБ/128 ГБ белый + подарок,Apple,589000,UMMAH STORE,02.10.2026 | 07:34:15,https://kaspi.kz/shop/p/apple-iphone-16-8-gb-128-gb-belyi-podarok-171515760/?c=750000000
122085248,Смартфон Apple iPhone 14 Pro 512Gb Dual eSim фиолетовый,Apple,890000,1Bay,02.10.2026 | 07:34:15,https://kaspi.kz/shop/p/apple-iphone-14-pro-512gb-dual-esim-fioletovyi-122085248/?c=750000000
171515838,Apple iPhone 16 128 APPLE5_GIFT_A35WD_YA36 Pink,Apple,565999,NOVAMART,02.10.2026 | 07:34:15,https://kaspi.kz/shop/p/apple-iphone-16-8-gb-128-gb-rozovyi-podarok-171515838/?c=750000000
124338734,Apple iPhone 16 Plus 256Gb Dual eSim синий,Apple,589000,UMMAH STORE,02.10.2026 | 07:34:15,https://kaspi.kz/shop/p/apple-iphone-16-plus-256gb-dual-esim-sinii-124338734/?c=750000000
107734353,Apple iPhone 14 256Gb Dual Sim голубой,Apple,529990,Mobile_Shop,02.10.2026 | 07:34:15,https://kaspi.kz/shop/p/apple-iphone-14-256gb-dual-sim-goluboi-107734353/?c=750000000
149071242,Смартфон Apple iPhone 16 128Gb NanoSIM+eSIM зеленый + подарок,Apple,511000,UMMAH STORE 2,02.10.2026 | 07:34:15,https://kaspi.kz/shop/p/apple-iphone-16-128gb-nanosim-esim-zelenyi-podarok-149071242/?c=750000000
171578937,Смартфон Apple iPhone 15 6 ГБ/256 ГБ голубой + подарок,Apple,561000,UMMAH STORE,02.10.2026 | 07:34:15,https://kaspi.kz/shop/p/apple-iphone-15-6-gb-256-gb-goluboi-podarok-171578937/?c=750000000
157459696,Смартфон Apple iPhone 15 256Gb NanoSIM+eSIM голубой + подарок,Apple,539000,UMMAH STORE,02.10.2026 | 07:36:17,https://kaspi.kz/shop/p/apple-iphone-15-256gb-nanosim-esim-goluboi-podarok-157459696/?c=750000000
178947703,Apple iPhone 17 Pro Max 512 APPLE6_GIFT_A40W_EAR_YA24 CosmicOrange,Apple,998990,NOVAMART,02.10.2026 | 07:36:17,https://kaspi.kz/shop/p/apple-iphone-17-pro-max-512gb-oranzhevyi-podarok-178947703/?c=750000000
171578736,Смартфон Apple iPhone 15 6 ГБ/256 ГБ голубой + подарок,Apple,591000,UMMAH STORE,02.10.2026 | 07:36:17,https://kaspi.kz/shop/p/apple-iphone-15-6-gb-256-gb-goluboi-podarok-171578736/?c=750000000
177772480,Смартфон Apple iPhone 18 Pro Max 256Gb dual eSIM голубой,Apple,1250000,SMART ELECTRONICS,02.10.2026 | 07:36:17,https://kaspi.kz/shop/p/apple-iphone-18-pro-max-256gb-dual-esim-goluboi-177772480/?c=750000000
178941176,Apple iPhone 17 Pro 512 APPLE6_GIFT_A40W_EAR_YA24 Silver,Apple,932990,NOVAMART,02.10.2026 | 07:36:17,https://kaspi.kz/shop/p/apple-iphone-17-pro-512gb-serebristyi-podarok-178941176/?c=750000000
178956130,Apple iPhone 17 Pro Max 256 APPLE6_GIFT_A40W CosmicOrange,Apple,835990,NOVAMART,02.10.2026 | 07:36:17,https://kaspi.kz/shop/p/apple-iphone-17-pro-max-256gb-oranzhevyi-podarok-178956130/?c=750000000
178944385,Apple iPhone 17 Pro Max 512 APPLE6_GIFT_A40W CosmicOrange,Apple,972990,NOVAMART,02.10.2026 | 07:36:17,https://kaspi.kz/shop/p/apple-iphone-17-pro-max-512gb-oranzhevyi-podarok-178944385/?c=750000000
114790815,Смартфон Apple iPhone 15 Pro 512Gb Dual Sim белый,Apple,679998,iStore KZ,02.10.2026 | 07:36:17,https://kaspi.kz/shop/p/apple-iphone-15-pro-512gb-dual-sim-belyi-114790815/?c=750000000
113138054,Apple iPhone 15 Plus 512Gb NanoSIM+eSIM розовый,Apple,568706,Zest Store,02.10.2026 | 07:36:17,https://kaspi.kz/shop/p/apple-iphone-15-plus-512gb-nanosim-esim-rozovyi-113138054/?c=750000000
131015677,Смартфон Apple iPhone 16 Pro Max 256Gb Dual Sim белый,Apple,699998,iStore KZ,02.10.2026 | 07:36:17,https://kaspi.kz/shop/p/apple-iphone-16-pro-max-256gb-dual-sim-belyi-131015677/?c=750000000
178948037,Apple iPhone 17 Pro Max 512 APPLE6_GIFT_A40W_EAR CosmicOrange,Apple,985990,NOVAMART,02.10.2026 | 07:36:17,https://kaspi.kz/shop/p/apple-iphone-17-pro-max-512gb-oranzhevyi-podarok-178948037/?c=750000000
177318057,Смартфон Apple iPhone 18 Pro 2Tb NanoSIM+eSIM бордовый,Apple,2119990,Nurset,02.10.2026 | 07:36:17,https://kaspi.kz/shop/p/apple-iphone-18-pro-2tb-nanosim-esim-bordovyi-177318057/?c=750000000
168156202,Смартфон Apple iPhone 15 128Gb черный + подарок,Apple,563998,Amir.ON,02.10.2026 | 07:37:58,https://kaspi.kz/shop/p/apple-iphone-15-128gb-chernyi-podarok-168156202/?c=750000000
124338670,Apple iPhone 16 Plus 128Gb Dual eSim розовый,Apple,579989,ZAKSTOR,02.10.2026 | 07:37:58,https://kaspi.kz/shop/p/apple-iphone-16-plus-128gb-dual-esim-rozovyi-124338670/?c=750000000
168155024,Apple iPhone 16 128 APPLE2_GIFT_A20W_PODS Teal,Apple,597638,NOVAMART,02.10.2026 | 07:37:58,https://kaspi.kz/shop/p/apple-iphone-16-128gb-birjuzovyi-podarok-168155024/?c=750000000
167281112,,Apple,686999,SmartDuken,02.10.2026 | 07:37:58,https://kaspi.kz/shop/p/apple-iphone-16-256gb-chernyi-podarok-167281112/?c=750000000
171516320,Смартфон Apple iPhone 16 8 ГБ/128 ГБ синий + подарок,Apple,569000,UMMAH STORE,02.10.2026 | 07:37:58,https://kaspi.kz/shop/p/apple-iphone-16-8-gb-128-gb-sinii-podarok-171516320/?c=750000000
113138454,Apple iPhone 15 Pro Max 1Tb NanoSIM+eSIM синий,Apple,897900,KHAN MOBILE,02.10.2026 | 07:37:58,https://kaspi.kz/shop/p/apple-iphone-15-pro-max-1tb-nanosim-esim-sinii-113138454/?c=750000000
147262321,Apple iPhone 16 128 APPLE_GIFT_YA24 Pink,Apple,498899,NOVAMART,02.10.2026 | 07:37:58,https://kaspi.kz/shop/p/apple-iphone-16-128gb-nanosim-esim-rozovyi-podarok-147262321/?c=750000000
107734101,Apple iPhone 14 128Gb Dual Sim голубой,Apple,431000,UMMAH STORE,02.10.2026 | 07:37:58,https://kaspi.kz/shop/p/apple-iphone-14-128gb-dual-sim-goluboi-107734101/?c=750000000
152720101,Смартфон Apple iPhone 16 Plus 128Gb NanoSIM+eSIM черный + подарок,Apple,619999,AG shop,02.10.2026 | 07:37:58,https://kaspi.kz/shop/p/apple-iphone-16-plus-128gb-nanosim-esim-chernyi-podarok-152720101/?c=750000000
123776543,Apple iPhone 16 Plus 128Gb NanoSIM+eSIM зеленый,Apple,577306,GadgetON,02.10.2026 | 07:37:58,https://kaspi.kz/shop/p/apple-iphone-16-plus-128gb-nanosim-esim-zelenyi-123776543/?c=750000000
167733530,Смартфон Apple iPhone 16 128Gb белый + подарок,Apple,750190,SmartDuken,02.10.2026 | 07:37:58,https://kaspi.kz/shop/p/apple-iphone-16-128gb-belyi-podarok-167733530/?c=750000000
121694515,,Apple,718000,ZAKSTOR,02.10.2026 | 07:37:58,https://kaspi.kz/shop/p/apple-iphone-15-plus-256gb-dual-esim-rozovyi-121694515/?c=750000000
171516423,Apple iPhone 16 128 APPLE5_GIFT_A20W_YA36 Pink,Apple,535999,NOVAMART,02.10.2026 | 07:39:15,https://kaspi.kz/shop/p/apple-iphone-16-8-gb-128-gb-rozovyi-podarok-171516423/?c=750000000
178949085,Apple iPhone 17 Pro 256 APPLE6_GIFT_A40W_EAR DeepBlue,Apple,784990,NOVAMART,02.10.2026 | 07:39:15,https://kaspi.kz/shop/p/apple-iphone-17-pro-256gb-temno-sinii-podarok-178949085/?c=750000000
178956212,Apple iPhone 17 Pro Max 2Tb APPLE6_GIFT_A40W_EAR_YA24 DeepBlue,Apple,1352990,NOVAMART,02.10.2026 | 07:39:15,https://kaspi.kz/shop/p/apple-iphone-17-pro-max-2tb-temno-sinii-podarok-178956212/?c=750000000
178945480,Apple iPhone 17 Pro 256 APPLE6_GIFT_A40W Silver,Apple,768990,NOVAMART,02.10.2026 | 07:39:15,https://kaspi.kz/shop/p/apple-iphone-17-pro-256gb-serebristyi-podarok-178945480/?c=750000000
178946816,Apple iPhone 17 Pro Max 2Tb APPLE6_GIFT_A40W_EAR DeepBlue,Apple,1339990,NOVAMART,02.10.2026 | 07:39:15,https://kaspi.kz/shop/p/apple-iphone-17-pro-max-2tb-temno-sinii-podarok-178946816/?c=750000000
178955284,Apple iPhone 17 Pro Max 2Tb APPLE6_GIFT_A40W_EAR_YA24 Silver,Apple,1415990,NOVAMART,02.10.2026 | 07:39:15,https://kaspi.kz/shop/p/apple-iphone-17-pro-max-2tb-serebristyi-podarok-178955284/?c=750000000
178944694,Apple iPhone 17 Pro 256 APPLE6_GIFT_A40W CosmicOrange,Apple,770990,NOVAMART,02.10.2026 | 07:39:15,https://kaspi.kz/shop/p/apple-iphone-17-pro-256gb-oranzhevyi-podarok-178944694/?c=750000000
178956094,Apple iPhone 17 Pro Max 256 APPLE6_GIFT_A40W Silver,Apple,827990,NOVAMART,02.10.2026 | 07:39:15,https://kaspi.kz/shop/p/apple-iphone-17-pro-max-256gb-serebristyi-podarok-178956094/?c=750000000
178955515,Apple iPhone 17 Pro 256 APPLE6_GIFT_A40W DeepBlue,Apple,771990,NOVAMART,02.10.2026 | 07:39:15,https://kaspi.kz/shop/p/apple-iphone-17-pro-256gb-temno-sinii-podarok-178955515/?c=750000000
178943801,Apple iPhone 17 Pro Max 2Tb APPLE6_GIFT_A40W Silver,Apple,1389990,NOVAMART,02.10.2026 | 07:39:15,https://kaspi.kz/shop/p/apple-iphone-17-pro-max-2tb-serebristyi-podarok-178943801/?c=750000000
123776543,Apple iPhone 16 Plus 128Gb NanoSIM+eSIM зеленый,Apple,577306,GadgetON,02.10.2026 | 07:39:15,https://kaspi.kz/shop/p/apple-iphone-16-plus-128gb-nanosim-esim-zelenyi-123776543/?c=750000000
121703281,Apple iPhone 15 Pro Max 512Gb Dual eSim белый,Apple,770000,Zest Store,02.10.2026 | 07:39:15,https://kaspi.kz/shop/p/apple-iphone-15-pro-max-512gb-dual-esim-belyi-121703281/?c=750000000
178955136,Apple iPhone 17 Pro Max 512 APPLE6_GIFT_A40W_EAR DeepBlue,Apple,985990,NOVAMART,02.10.2026 | 07:41:18,https://kaspi.kz/shop/p/apple-iphone-17-pro-max-512gb-temno-sinii-podarok-178955136/?c=750000000
178948062,Apple iPhone 17 Pro Max 2Tb APPLE6_GIFT_A40W DeepBlue,Apple,1326990,NOVAMART,02.10.2026 | 07:41:18,https://kaspi.kz/shop/p/apple-iphone-17-pro-max-2tb-temno-sinii-podarok-178948062/?c=750000000
178944264,Apple iPhone 17 Pro 512 APPLE6_GIFT_A40W Silver,Apple,906990,NOVAMART,02.10.2026 | 07:41:18,https://kaspi.kz/shop/p/apple-iphone-17-pro-512gb-serebristyi-podarok-178944264/?c=750000000
178945397,Apple iPhone 17 Pro 256 APPLE6_GIFT_A40W_EAR CosmicOrange,Apple,783990,NOVAMART,02.10.2026 | 07:41:18,https://kaspi.kz/shop/p/apple-iphone-17-pro-256gb-oranzhevyi-podarok-178945397/?c=750000000
178945201,Apple iPhone 17 Pro Max 2Tb APPLE6_GIFT_A40W_EAR CosmicOrange,Apple,1402990,NOVAMART,02.10.2026 | 07:41:18,https://kaspi.kz/shop/p/apple-iphone-17-pro-max-2tb-oranzhevyi-podarok-178945201/?c=750000000
178947598,Apple iPhone 17 Pro Max 512 APPLE6_GIFT_A40W_EAR_YA24 DeepBlue,Apple,998990,NOVAMART,02.10.2026 | 07:41:18,https://kaspi.kz/shop/p/apple-iphone-17-pro-max-512gb-temno-sinii-podarok-178947598/?c=750000000
152008543,Смартфон Apple iPhone 17 512Gb Dual eSim зеленый + подарок,Apple,719999,AG shop,02.10.2026 | 07:41:18,https://kaspi.kz/shop/p/apple-iphone-17-512gb-dual-esim-zelenyi-podarok-152008543/?c=750000000
178943316,Apple iPhone 17 Pro 1Tb APPLE6_GIFT_A40W_EAR CosmicOrange,Apple,1023990,NOVAMART,02.10.2026 | 07:41:18,https://kaspi.kz/shop/p/apple-iphone-17-pro-1tb-oranzhevyi-podarok-178943316/?c=750000000
178946654,Apple iPhone 17 Pro Max 256 APPLE6_GIFT_A40W_EAR CosmicOrange,Apple,848990,NOVAMART,02.10.2026 | 07:41:18,https://kaspi.kz/shop/p/apple-iphone-17-pro-max-256gb-oranzhevyi-podarok-178946654/?c=750000000
178943656,Apple iPhone 17 Pro Max 512 APPLE6_GIFT_A40W DeepBlue,Apple,972990,NOVAMART,02.10.2026 | 07:41:18,https://kaspi.kz/shop/p/apple-iphone-17-pro-max-512gb-temno-sinii-podarok-178943656/?c=750000000
178945237,Apple iPhone 17 Pro 1Tb APPLE6_GIFT_A40W CosmicOrange,Apple,1010990,NOVAMART,02.10.2026 | 07:41:18,https://kaspi.kz/shop/p/apple-iphone-17-pro-1tb-oranzhevyi-podarok-178945237/?c=750000000
178944853,Apple iPhone 17 Pro 1Tb APPLE6_GIFT_A40W_EAR_YA24 CosmicOrange,Apple,1036990,NOVAMART,02.10.2026 | 07:41:18,https://kaspi.kz/shop/p/apple-iphone-17-pro-1tb-oranzhevyi-podarok-178944853/?c=750000000
178946636,Apple iPhone 17 Pro Max 2Tb APPLE6_GIFT_A40W_EAR Silver,Apple,1402990,NOVAMART,02.10.2026 | 07:41:50,https://kaspi.kz/shop/p/apple-iphone-17-pro-max-2tb-serebristyi-podarok-178946636/?c=750000000
178945339,Apple iPhone 17 Pro 256 APPLE6_GIFT_A40W_EAR_YA24 Silver,Apple,794990,NOVAMART,02.10.2026 | 07:41:50,https://kaspi.kz/shop/p/apple-iphone-17-pro-256gb-serebristyi-podarok-178945339/?c=750000000
147255345,Смартфон Apple iPhone 16 Pro 128Gb NanoSIM+eSIM золотистый + подарок,Apple,708000,UMMAH STORE,02.10.2026 | 07:41:50,https://kaspi.kz/shop/p/apple-iphone-16-pro-128gb-nanosim-esim-zolotistyi-podarok-147255345/?c=750000000
178946121,Apple iPhone 17 Pro Max 256 APPLE6_GIFT_A40W_EAR Silver,Apple,841990,NOVAMART,02.10.2026 | 07:41:50,https://kaspi.kz/shop/p/apple-iphone-17-pro-max-256-gb-serebristyi-podarok-178946121/?c=750000000
122062756,Apple iPhone 14 512Gb Dual eSim голубой,Apple,534499,Mobile_Shop,02.10.2026 | 07:41:50,https://kaspi.kz/shop/p/apple-iphone-14-512gb-dual-esim-goluboi-122062756/?c=750000000
178948963,Apple iPhone 17 Pro 256 APPLE6_GIFT_A40W_EAR_YA24 CosmicOrange,Apple,795990,NOVAMART,02.10.2026 | 07:41:50,https://kaspi.kz/shop/p/apple-iphone-17-pro-256gb-oranzhevyi-podarok-178948963/?c=750000000
178955493,Apple iPhone 17 Pro 256 APPLE6_GIFT_A40W_EAR_YA24 DeepBlue,Apple,797990,NOVAMART,02.10.2026 | 07:41:50,https://kaspi.kz/shop/p/apple-iphone-17-pro-256gb-temno-sinii-podarok-178955493/?c=750000000
178947005,Apple iPhone 17 Pro Max 2Tb APPLE6_GIFT_A40W CosmicOrange,Apple,1389990,NOVAMART,02.10.2026 | 07:41:50,https://kaspi.kz/shop/p/apple-iphone-17-pro-max-2tb-oranzhevyi-podarok-178947005/?c=750000000
178946610,Apple iPhone 17 Pro Max 2Tb APPLE6_GIFT_A40W_EAR_YA24 CosmicOrange,Apple,1415990,NOVAMART,02.10.2026 | 07:41:50,https://kaspi.kz/shop/p/apple-iphone-17-pro-max-2tb-oranzhevyi-podarok-178946610/?c=750000000
178946019,Apple iPhone 17 Pro Max 256 APPLE6_GIFT_A40W_EAR_YA24 Silver,Apple,853990,NOVAMART,02.10.2026 | 07:41:50,https://kaspi.kz/shop/p/apple-iphone-17-pro-max-256gb-serebristyi-podarok-178946019/?c=750000000
178948227,Apple iPhone 17 Pro 512 APPLE6_GIFT_A40W_EAR Silver,Apple,920990,NOVAMART,02.10.2026 | 07:41:50,https://kaspi.kz/shop/p/apple-iphone-17-pro-512gb-serebristyi-podarok-178948227/?c=750000000
178941522,Apple iPhone 17 Pro 256 APPLE6_GIFT_A40W_EAR Silver,Apple,781990,NOVAMART,02.10.2026 | 07:41:50,https://kaspi.kz/shop/p/apple-iphone-17-pro-256gb-serebristyi-podarok-178941522/?c=750000000
129269060,Смартфон Apple iPhone 16 Pro Max 1024Gb Dual Sim черный,Apple,919999,OZEN,02.10.2026 | 07:42:21,https://kaspi.kz/shop/p/apple-iphone-16-pro-max-1024gb-dual-sim-chernyi-129269060/?c=750000000
124338570,Apple iPhone 16 Pro Max 1Tb Dual eSim серебристый,Apple,1034671,Zest Store,02.10.2026 | 07:42:21,https://kaspi.kz/shop/p/apple-iphone-16-pro-max-1tb-dual-esim-serebristyi-124338570/?c=750000000
157458032,Apple iPhone 16 128 APPLE_GIFT_YA12 Teal,Apple,511990,NOVAMART,02.10.2026 | 07:42:21,https://kaspi.kz/shop/p/apple-iphone-16-128gb-nanosim-esim-zelenyi-podarok-157458032/?c=750000000
171515806,Apple iPhone 16 128 APPLE5_GIFT_A35WD_YA36 Teal,Apple,566990,NOVAMART,02.10.2026 | 07:42:21,https://kaspi.kz/shop/p/apple-iphone-16-8-gb-128-gb-zelenyi-podarok-171515806/?c=750000000
124338555,Apple iPhone 16 Pro Max 512Gb Dual eSim серебристый,Apple,898226,Tech.kz,02.10.2026 | 07:42:21,https://kaspi.kz/shop/p/apple-iphone-16-pro-max-512gb-dual-esim-serebristyi-124338555/?c=750000000
168155172,Смартфон Apple iPhone 16 128Gb синий + подарок,Apple,556580,Rose mobile,02.10.2026 | 07:42:21,https://kaspi.kz/shop/p/apple-iphone-16-128gb-sinii-podarok-168155172/?c=750000000
157457845,Apple iPhone 16 128 APPLE_GIFT_YA12 Pink,Apple,510999,NOVAMART,02.10.2026 | 07:42:21,https://kaspi.kz/shop/p/apple-iphone-16-128gb-nanosim-esim-rozovyi-podarok-157457845/?c=750000000
149070329,Смартфон Apple iPhone 16 256Gb NanoSIM+eSIM черный + подарок,Apple,637999,SmartDuken,02.10.2026 | 07:42:21,https://kaspi.kz/shop/p/apple-iphone-16-256gb-nanosim-esim-chernyi-podarok-149070329/?c=750000000
167728586,Apple iPhone 15 128Gb черный + подарок,Apple,713088,MEGAPHONE,02.10.2026 | 07:42:21,https://kaspi.kz/shop/p/apple-iphone-15-128gb-chernyi-podarok-167728586/?c=750000000
147262260,Смартфон Apple iPhone 16 128Gb NanoSIM+eSIM зеленый + подарок,Apple,468935,Artis Optima,02.10.2026 | 07:42:22,https://kaspi.kz/shop/p/apple-iphone-16-128gb-nanosim-esim-zelenyi-podarok-147262260/?c=750000000
113138293,Apple iPhone 15 Pro 512Gb NanoSIM+eSIM белый,Apple,818676,Мобитайм,02.10.2026 | 07:42:22,https://kaspi.kz/shop/p/apple-iphone-15-pro-512gb-nanosim-esim-belyi-113138293/?c=750000000
157460353,Apple iPhone 15 256 APPLE_GIFT_YA12 Black,Apple,533872,NOVAMART,02.10.2026 | 07:42:22,https://kaspi.kz/shop/p/apple-iphone-15-256gb-nanosim-esim-chernyi-podarok-157460353/?c=750000000
147252727,Смартфон Apple iPhone 16 Plus 128Gb NanoSIM+eSIM черный + подарок,Apple,679999,AG shop,02.10.2026 | 07:45:33,https://kaspi.kz/shop/p/apple-iphone-16-plus-128gb-nanosim-esim-chernyi-podarok-147252727/?c=750000000
107734439,Смартфон Apple iPhone 14 128Gb Dual Sim сиреневый,Apple,529000,UMMAH STORE 2,02.10.2026 | 07:45:33,https://kaspi.kz/shop/p/apple-iphone-14-128gb-dual-sim-sirenevyi-107734439/?c=750000000
167728384,Смартфон Apple iPhone 15 256Gb черный + подарок,Apple,740000,UMMAH STORE,02.10.2026 | 07:45:33,https://kaspi.kz/shop/p/apple-iphone-15-256gb-chernyi-podarok-167728384/?c=750000000
124338719,Apple iPhone 16 Plus 128Gb Dual eSim синий,Apple,588999,ZAKSTOR,02.10.2026 | 07:45:33,https://kaspi.kz/shop/p/apple-iphone-16-plus-128gb-dual-esim-sinii-124338719/?c=750000000
171584366,Смартфон Apple iPhone 15 6 ГБ/128 ГБ голубой + подарок,Apple,488982,MOBILS,02.10.2026 | 07:45:33,https://kaspi.kz/shop/p/apple-iphone-15-6-gb-128-gb-goluboi-podarok-171584366/?c=750000000
171584278,Смартфон Apple iPhone 15 6 ГБ/128 ГБ голубой + подарок,Apple,522000,UMMAH STORE,02.10.2026 | 07:45:33,https://kaspi.kz/shop/p/apple-iphone-15-6-gb-128-gb-goluboi-podarok-171584278/?c=750000000
143711535,Apple iPhone 16 128Gb NanoSIM+eSIM розовый + подарок,Apple,530742,Mobile_Shop,02.10.2026 | 07:45:33,https://kaspi.kz/shop/p/apple-iphone-16-128gb-nanosim-esim-rozovyi-podarok-143711535/?c=750000000
143568249,Apple iPhone 16 Pro Max 512Gb NanoSIM+eSIM золотистый + подарок,Apple,980002,"ТОО ""BI TRADE""",02.10.2026 | 07:45:33,https://kaspi.kz/shop/p/apple-iphone-16-pro-max-512gb-nanosim-esim-zolotistyi-podarok-143568249/?c=750000000
124338766,Apple iPhone 16 Plus 128Gb Dual eSim зеленый,Apple,616787,ZAKSTOR,02.10.2026 | 07:45:33,https://kaspi.kz/shop/p/apple-iphone-16-plus-128gb-dual-esim-zelenyi-124338766/?c=750000000
106363329,Apple iPhone 14 Pro Max 512Gb NanoSIM+eSIM серебристый,Apple,659900,Ssunshine,02.10.2026 | 07:45:33,https://kaspi.kz/shop/p/apple-iphone-14-pro-max-512gb-nanosim-esim-serebristyi-106363329/?c=750000000
143568193,Apple iPhone 16 Pro Max 512Gb NanoSIM+eSIM черный + подарок,Apple,910001,"ТОО ""BI TRADE""",02.10.2026 | 07:45:33,https://kaspi.kz/shop/p/apple-iphone-16-pro-max-512gb-nanosim-esim-chernyi-podarok-143568193/?c=750000000
167728478,Смартфон Apple iPhone 15 128Gb синий + подарок,Apple,680000,SmartDuken,02.10.2026 | 07:45:33,https://kaspi.kz/shop/p/apple-iphone-15-128gb-sinii-podarok-167728478/?c=750000000
149069078,Смартфон Apple iPhone 16e 128Gb NanoSIM+eSIM белый + подарок,Apple,468000,UMMAH STORE,02.10.2026 | 07:46:43,https://kaspi.kz/shop/p/apple-iphone-16e-128gb-nanosim-esim-belyi-podarok-149069078/?c=750000000
168155773,Apple iPhone 16 128 APPLE2_GIFT_A20W_EAR Teal,Apple,528335,NOVAMART,02.10.2026 | 07:46:43,https://kaspi.kz/shop/p/apple-iphone-16-128gb-birjuzovyi-podarok-168155773/?c=750000000
124338464,Apple iPhone 16 Pro Max 512Gb Dual eSim белый,Apple,1000000,Mobile_Shop,02.10.2026 | 07:46:43,https://kaspi.kz/shop/p/apple-iphone-16-pro-max-512gb-dual-esim-belyi-124338464/?c=750000000
171578875,Смартфон Apple iPhone 15 6 ГБ/256 ГБ розовый + подарок,Apple,699999,AG shop,02.10.2026 | 07:46:43,https://kaspi.kz/shop/p/apple-iphone-15-6-gb-256-gb-rozovyi-podarok-171578875/?c=750000000
134234127,Смартфон Apple iPhone 16 128Gb NanoSIM+eSIM фиолетовый + подарок,Apple,531000,UMMAH STORE,02.10.2026 | 07:46:43,https://kaspi.kz/shop/p/apple-iphone-16-128gb-nanosim-esim-fioletovyi-podarok-134234127/?c=750000000
143710795,Смартфон Apple iPhone 16 Pro Max 1Tb NanoSIM+eSIM черный + подарок,Apple,854999,AG shop,02.10.2026 | 07:46:43,https://kaspi.kz/shop/p/apple-iphone-16-pro-max-1tb-nanosim-esim-chernyi-podarok-143710795/?c=750000000
121703430,Смартфон Apple iPhone 15 Pro Max 1Tb Dual eSim синий,Apple,749999,Apple-Plus,02.10.2026 | 07:46:43,https://kaspi.kz/shop/p/apple-iphone-15-pro-max-1tb-dual-esim-sinii-121703430/?c=750000000
149069765,Смартфон Apple iPhone 16 128Gb NanoSIM+eSIM белый + подарок,Apple,576000,UMMAH STORE,02.10.2026 | 07:46:43,https://kaspi.kz/shop/p/apple-iphone-16-128gb-nanosim-esim-belyi-podarok-149069765/?c=750000000
122061520,Смартфон Apple iPhone 14 128Gb Dual eSim сиреневый,Apple,448999,HanTech,02.10.2026 | 07:46:43,https://kaspi.kz/shop/p/apple-iphone-14-128gb-dual-esim-sirenevyi-122061520/?c=750000000
167281218,Apple iPhone 16 128 APPLE1_GIFT_A20W_PODS_YA12 Black,Apple,606078,NOVAMART,02.10.2026 | 07:46:43,https://kaspi.kz/shop/p/apple-iphone-16-128gb-chernyi-podarok-167281218/?c=750000000
104079062,Apple iPhone 13 Pro 1Tb NanoSIM+eSIM зеленый,Apple,559989,Tizuu,02.10.2026 | 07:46:43,https://kaspi.kz/shop/p/apple-iphone-13-pro-1tb-nanosim-esim-zelenyi-104079062/?c=750000000
107734225,Apple iPhone 14 256Gb Dual Sim сиреневый,Apple,459000,UMMAH STORE,02.10.2026 | 07:46:43,https://kaspi.kz/shop/p/apple-iphone-14-256gb-dual-sim-sirenevyi-107734225/?c=750000000
113137965,Смартфон Apple iPhone 15 512Gb NanoSIM+eSIM желтый,Apple,591747,PROFIT-ACTIVE,02.10.2026 | 07:49:47,https://kaspi.kz/shop/p/apple-iphone-15-512gb-nanosim-esim-zheltyi-113137965/?c=750000000
106363188,Apple iPhone 14 256Gb NanoSIM+eSIM красный,Apple,486999,GadgetON,02.10.2026 | 07:49:47,https://kaspi.kz/shop/p/apple-iphone-14-256gb-nanosim-esim-krasnyi-106363188/?c=750000000
113138415,Смартфон Apple iPhone 15 Pro Max 1Tb NanoSIM+eSIM черный,Apple,990579,Joanna,02.10.2026 | 07:49:47,https://kaspi.kz/shop/p/apple-iphone-15-pro-max-1tb-nanosim-esim-chernyi-113138415/?c=750000000
114323222,Apple iPhone 15 128Gb Dual Sim зеленый,Apple,600000,Mobile_Shop,02.10.2026 | 07:49:47,https://kaspi.kz/shop/p/apple-iphone-15-128gb-dual-sim-zelenyi-114323222/?c=750000000
143568180,Apple iPhone 16 Pro Max 512Gb NanoSIM+eSIM серебристый + подарок,Apple,986890,Мобитайм,02.10.2026 | 07:49:47,https://kaspi.kz/shop/p/apple-iphone-16-pro-max-512gb-nanosim-esim-serebristyi-podarok-143568180/?c=750000000
113587858,Apple iPhone 15 Pro Max 1Tb Dual Sim серый,Apple,949990,Mobile_Shop,02.10.2026 | 07:49:47,https://kaspi.kz/shop/p/apple-iphone-15-pro-max-1tb-dual-sim-seryi-113587858/?c=750000000
147252456,Смартфон Apple iPhone 16 Plus 128Gb NanoSIM+eSIM фиолетовый + подарок,Apple,621000,UMMAH STORE,02.10.2026 | 07:49:47,https://kaspi.kz/shop/p/apple-iphone-16-plus-128gb-nanosim-esim-fioletovyi-podarok-147252456/?c=750000000
122067481,Apple iPhone 14 Plus 512Gb Dual eSim черный,Apple,667777,CN-MARKET,02.10.2026 | 07:49:47,https://kaspi.kz/shop/p/apple-iphone-14-plus-512gb-dual-esim-chernyi-122067481/?c=750000000
113138052,Apple iPhone 15 Plus 128Gb NanoSIM+eSIM розовый,Apple,598999,GadgetON,02.10.2026 | 07:49:47,https://kaspi.kz/shop/p/apple-iphone-15-plus-128gb-nanosim-esim-rozovyi-113138052/?c=750000000
113589043,Смартфон Apple iPhone 15 Pro 512Gb Dual Sim черный,Apple,679993,OZEN,02.10.2026 | 07:49:47,https://kaspi.kz/shop/p/apple-iphone-15-pro-512gb-dual-sim-chernyi-113589043/?c=750000000
102298431,Apple iPhone 13 128Gb NanoSIM+eSIM красный,Apple,529990,Mobile_Shop,02.10.2026 | 07:49:47,https://kaspi.kz/shop/p/apple-iphone-13-128gb-nanosim-esim-krasnyi-102298431/?c=750000000
113138050,Смартфон Apple iPhone 15 Plus 256Gb NanoSIM+eSIM голубой,Apple,613571,AG shop,02.10.2026 | 07:49:47,https://kaspi.kz/shop/p/apple-iphone-15-plus-256gb-nanosim-esim-goluboi-113138050/?c=750000000
128138599,Apple iPhone 16 Pro Max 1Tb Dual Sim золотистый,Apple,1099990,Mobile_Shop,02.10.2026 | 07:49:56,https://kaspi.kz/shop/p/apple-iphone-16-pro-max-1tb-dual-sim-zolotistyi-128138599/?c=750000000
149071952,Смартфон Apple iPhone 16 128Gb NanoSIM+eSIM черный + подарок,Apple,544990,UMMAH STORE 2,02.10.2026 | 07:49:56,https://kaspi.kz/shop/p/apple-iphone-16-128gb-nanosim-esim-chernyi-podarok-149071952/?c=750000000
167733756,Смартфон Apple iPhone 16 128Gb бирюзовый + подарок,Apple,786422,MOBILS,02.10.2026 | 07:49:56,https://kaspi.kz/shop/p/apple-iphone-16-128gb-birjuzovyi-podarok-167733756/?c=750000000
113138038,Смартфон Apple iPhone 15 Plus 512Gb NanoSIM+eSIM черный,Apple,578405,PROFIT-ACTIVE,02.10.2026 | 07:49:56,https://kaspi.kz/shop/p/apple-iphone-15-plus-512gb-nanosim-esim-chernyi-113138038/?c=750000000
113137962,Смартфон Apple iPhone 15 256Gb NanoSIM+eSIM желтый,Apple,527630,PROFIT-ACTIVE,02.10.2026 | 07:49:56,https://kaspi.kz/shop/p/apple-iphone-15-256gb-nanosim-esim-zheltyi-113137962/?c=750000000
143581169,Смартфон Apple iPhone 16 Plus 128Gb NanoSIM+eSIM белый + подарок,Apple,659898,AG shop,02.10.2026 | 07:49:56,https://kaspi.kz/shop/p/apple-iphone-16-plus-128gb-nanosim-esim-belyi-podarok-143581169/?c=750000000
106363237,Смартфон Apple iPhone 14 Plus 256Gb NanoSIM+eSIM красный,Apple,546646,AG shop,02.10.2026 | 07:49:56,https://kaspi.kz/shop/p/apple-iphone-14-plus-256gb-nanosim-esim-krasnyi-106363237/?c=750000000
124338875,Apple iPhone 16 256Gb Dual eSim фиолетовый,Apple,627500,Mobile_Shop,02.10.2026 | 07:49:56,https://kaspi.kz/shop/p/apple-iphone-16-256gb-dual-esim-fioletovyi-124338875/?c=750000000
122061755,Смартфон Apple iPhone 14 256Gb Dual eSim сиреневый,Apple,465900,UMMAH STORE 2,02.10.2026 | 07:49:56,https://kaspi.kz/shop/p/apple-iphone-14-256gb-dual-esim-sirenevyi-122061755/?c=750000000
124338778,Apple iPhone 16 Plus 256Gb Dual eSim зеленый,Apple,579990,Mobile_Shop,02.10.2026 | 07:49:56,https://kaspi.kz/shop/p/apple-iphone-16-plus-256gb-dual-esim-zelenyi-124338778/?c=750000000
128138668,Apple iPhone 16 Pro Max 512Gb Dual Sim золотистый,Apple,1000000,Mobile_Shop,02.10.2026 | 07:49:56,https://kaspi.kz/shop/p/apple-iphone-16-pro-max-512gb-dual-sim-zolotistyi-128138668/?c=750000000
124338480,Apple iPhone 16 Pro Max 1Tb Dual eSim белый,Apple,1069999,Mobile_Shop,02.10.2026 | 07:49:56,https://kaspi.kz/shop/p/apple-iphone-16-pro-max-1tb-dual-esim-belyi-124338480/?c=750000000
147252804,Смартфон Apple iPhone 16 Plus 256Gb NanoSIM+eSIM черный + подарок,Apple,698999,SmartDuken,02.10.2026 | 07:51:36,https://kaspi.kz/shop/p/apple-iphone-16-plus-256gb-nanosim-esim-chernyi-podarok-147252804/?c=750000000
171516366,Apple iPhone 16 128 APPLE5_GIFT_A20W_YA36 Teal,Apple,536990,NOVAMART,02.10.2026 | 07:51:36,https://kaspi.kz/shop/p/apple-iphone-16-8-gb-128-gb-zelenyi-podarok-171516366/?c=750000000
143711520,Смартфон Apple iPhone 16 256Gb NanoSIM+eSIM черный + подарок,Apple,600773,SmartDuken,02.10.2026 | 07:51:36,https://kaspi.kz/shop/p/apple-iphone-16-256gb-nanosim-esim-chernyi-podarok-143711520/?c=750000000
106363239,Apple iPhone 14 Plus 512Gb NanoSIM+eSIM красный,Apple,524970,Zest Store,02.10.2026 | 07:51:36,https://kaspi.kz/shop/p/apple-iphone-14-plus-512gb-nanosim-esim-krasnyi-106363239/?c=750000000
143581486,Смартфон Apple iPhone 16 Plus 128Gb NanoSIM+eSIM черный + подарок,Apple,678999,AG shop,02.10.2026 | 07:51:36,https://kaspi.kz/shop/p/apple-iphone-16-plus-128gb-nanosim-esim-chernyi-podarok-143581486/?c=750000000
114323231,Apple iPhone 15 256Gb Dual Sim зеленый,Apple,600000,Mobile_Shop,02.10.2026 | 07:51:36,https://kaspi.kz/shop/p/apple-iphone-15-256gb-dual-sim-zelenyi-114323231/?c=750000000
147262573,Смартфон Apple iPhone 16e 128Gb NanoSIM+eSIM белый + подарок,Apple,459000,UMMAH STORE,02.10.2026 | 07:51:36,https://kaspi.kz/shop/p/apple-iphone-16e-128gb-nanosim-esim-belyi-podarok-147262573/?c=750000000
143711525,Смартфон Apple iPhone 16 128Gb NanoSIM+eSIM белый + подарок,Apple,521000,UMMAH STORE,02.10.2026 | 07:51:36,https://kaspi.kz/shop/p/apple-iphone-16-128gb-nanosim-esim-belyi-podarok-143711525/?c=750000000
143711615,Смартфон Apple iPhone 16 Plus 128Gb NanoSIM+eSIM черный + подарок,Apple,599999,AG shop,02.10.2026 | 07:51:36,https://kaspi.kz/shop/p/apple-iphone-16-plus-128gb-nanosim-esim-chernyi-podarok-143711615/?c=750000000
122063967,Смартфон Apple iPhone 14 128Gb Dual eSim желтый,Apple,480000,ZAKSTOR,02.10.2026 | 07:51:36,https://kaspi.kz/shop/p/apple-iphone-14-128gb-dual-esim-zheltyi-122063967/?c=750000000
167728498,Смартфон Apple iPhone 15 128Gb черный + подарок,Apple,695780,MOBILS,02.10.2026 | 07:51:36,https://kaspi.kz/shop/p/apple-iphone-15-128gb-chernyi-podarok-167728498/?c=750000000
131637785,Apple iPhone 16 Pro Max 1Tb Dual Sim белый,Apple,1089990,Mobile_Shop,02.10.2026 | 07:51:36,https://kaspi.kz/shop/p/apple-iphone-16-pro-max-1tb-dual-sim-belyi-131637785/?c=750000000
167732895,Apple iPhone 16 128Gb белый + подарок,Apple,768493,MEGAPHONE,02.10.2026 | 07:51:45,https://kaspi.kz/shop/p/apple-iphone-16-128gb-belyi-podarok-167732895/?c=750000000
147252869,Смартфон Apple iPhone 16 Plus 256Gb NanoSIM+eSIM розовый + подарок,Apple,679000,SmartDuken,02.10.2026 | 07:51:45,https://kaspi.kz/shop/p/apple-iphone-16-plus-256gb-nanosim-esim-rozovyi-podarok-147252869/?c=750000000
147262190,Смартфон Apple iPhone 16 128Gb NanoSIM+eSIM фиолетовый + подарок,Apple,532000,UMMAH STORE,02.10.2026 | 07:51:45,https://kaspi.kz/shop/p/apple-iphone-16-128gb-nanosim-esim-fioletovyi-podarok-147262190/?c=750000000
134790946,Apple iPhone 13 512Gb Dual Sim красный,Apple,529990,Mobile_Shop,02.10.2026 | 07:51:45,https://kaspi.kz/shop/p/apple-iphone-13-512gb-dual-sim-krasnyi-134790946/?c=750000000
143711541,Смартфон Apple iPhone 16 128Gb NanoSIM+eSIM фиолетовый + подарок,Apple,526000,UMMAH STORE,02.10.2026 | 07:51:45,https://kaspi.kz/shop/p/apple-iphone-16-128gb-nanosim-esim-fioletovyi-podarok-143711541/?c=750000000
121693222,Apple iPhone 15 512Gb Dual eSim розовый,Apple,559900,Zest Store,02.10.2026 | 07:51:45,https://kaspi.kz/shop/p/apple-iphone-15-512gb-dual-esim-rozovyi-121693222/?c=750000000
106363190,Смартфон Apple iPhone 14 512Gb NanoSIM+eSIM красный,Apple,465000,GOLDEN_KZ,02.10.2026 | 07:51:45,https://kaspi.kz/shop/p/apple-iphone-14-512gb-nanosim-esim-krasnyi-106363190/?c=750000000
124338894,Apple iPhone 16 512Gb Dual eSim черный,Apple,740000,ZAKSTOR,02.10.2026 | 07:51:45,https://kaspi.kz/shop/p/apple-iphone-16-512gb-dual-esim-chernyi-124338894/?c=750000000
143568082,Apple iPhone 16 Pro Max 256Gb NanoSIM+eSIM белый + подарок,Apple,929998,Мобитайм,02.10.2026 | 07:51:45,https://kaspi.kz/shop/p/apple-iphone-16-pro-max-256gb-nanosim-esim-belyi-podarok-143568082/?c=750000000
167280968,Смартфон Apple iPhone 16 256Gb черный + подарок,Apple,780000,SmartDuken,02.10.2026 | 07:51:45,https://kaspi.kz/shop/p/apple-iphone-16-256gb-chernyi-podarok-167280968/?c=750000000
167733696,Apple iPhone 16 128 APPLE2_GIFT_A20W_PODS_SE3S Black,Apple,758999,NOVAMART,02.10.2026 | 07:51:45,https://kaspi.kz/shop/p/apple-iphone-16-128gb-chernyi-podarok-167733696/?c=750000000
134907464,Apple iPhone 16 Pro Max 1Tb Dual Sim серебристый,Apple,1099990,Mobile_Shop,02.10.2026 | 07:51:45,https://kaspi.kz/shop/p/apple-iphone-16-pro-max-1tb-dual-sim-serebristyi-134907464/?c=750000000
147262702,Смартфон Apple iPhone 14 128Gb NanoSIM+eSIM темно-синий + подарок,Apple,429000,UMMAH STORE 2,02.10.2026 | 07:53:48,https://kaspi.kz/shop/p/apple-iphone-14-128gb-nanosim-esim-temno-sinii-podarok-147262702/?c=750000000
121692531,Apple iPhone 15 512Gb Dual eSim голубой,Apple,599990,Mobile_Shop,02.10.2026 | 07:53:48,https://kaspi.kz/shop/p/apple-iphone-15-512gb-dual-esim-goluboi-121692531/?c=750000000
147262018,Смартфон Apple iPhone 15 128Gb NanoSIM+eSIM розовый + подарок,Apple,568500,Rose mobile,02.10.2026 | 07:53:48,https://kaspi.kz/shop/p/apple-iphone-15-128gb-nanosim-esim-rozovyi-podarok-147262018/?c=750000000
143710977,Apple iPhone 16 Pro Max 512Gb NanoSIM+eSIM черный + подарок,Apple,958990,Мобитайм,02.10.2026 | 07:53:48,https://kaspi.kz/shop/p/apple-iphone-16-pro-max-512gb-nanosim-esim-chernyi-podarok-143710977/?c=750000000
121703057,Смартфон Apple iPhone 15 Pro 512Gb Dual eSim синий,Apple,699999,Apple-Plus,02.10.2026 | 07:53:48,https://kaspi.kz/shop/p/apple-iphone-15-pro-512gb-dual-esim-sinii-121703057/?c=750000000
147262146,Смартфон Apple iPhone 16 256Gb NanoSIM+eSIM черный + подарок,Apple,626999,SmartDuken,02.10.2026 | 07:53:48,https://kaspi.kz/shop/p/apple-iphone-16-256gb-nanosim-esim-chernyi-podarok-147262146/?c=750000000
167732945,Apple iPhone 16 128 APPLE2_GIFT_A20W_PODS_SE3S Teal,Apple,764990,NOVAMART,02.10.2026 | 07:53:48,https://kaspi.kz/shop/p/apple-iphone-16-128gb-birjuzovyi-podarok-167732945/?c=750000000
167728339,Apple iPhone 15 256 APPLE2_GIFT_A20W_PODS_SE3S Black,Apple,769999,NOVAMART,02.10.2026 | 07:53:48,https://kaspi.kz/shop/p/apple-iphone-15-256gb-chernyi-podarok-167728339/?c=750000000
143711603,Смартфон Apple iPhone 16 128Gb NanoSIM+eSIM черный + подарок,Apple,537000,UMMAH STORE,02.10.2026 | 07:53:48,https://kaspi.kz/shop/p/apple-iphone-16-128gb-nanosim-esim-chernyi-podarok-143711603/?c=750000000
167728311,,Apple,777879,SmartDuken,02.10.2026 | 07:53:48,https://kaspi.kz/shop/p/apple-iphone-15-256gb-sinii-podarok-167728311/?c=750000000
143710808,Apple iPhone 16 Pro Max 256Gb NanoSIM+eSIM черный + подарок,Apple,999811,Мобитайм,02.10.2026 | 07:53:48,https://kaspi.kz/shop/p/apple-iphone-16-pro-max-256gb-nanosim-esim-chernyi-podarok-143710808/?c=750000000
171515787,Смартфон Apple iPhone 16 8 ГБ/128 ГБ синий + подарок,Apple,598000,UMMAH STORE,02.10.2026 | 07:53:48,https://kaspi.kz/shop/p/apple-iphone-16-8-gb-128-gb-sinii-podarok-171515787/?c=750000000
143572068,Смартфон Apple iPhone 16 Pro 128Gb NanoSIM+eSIM серебристый + подарок,Apple,720000,UMMAH STORE 2,02.10.2026 | 07:54:19,https://kaspi.kz/shop/p/apple-iphone-16-pro-128gb-nanosim-esim-serebristyi-podarok-143572068/?c=750000000
143567957,Apple iPhone 16 Pro Max 1024Gb NanoSIM+eSIM белый + подарок,Apple,1118880,Мобитайм,02.10.2026 | 07:54:19,https://kaspi.kz/shop/p/apple-iphone-16-pro-max-1024gb-nanosim-esim-belyi-podarok-143567957/?c=750000000
143568101,Apple iPhone 16 Pro Max 512Gb NanoSIM+eSIM белый + подарок,Apple,998074,"ТОО ""BI TRADE""",02.10.2026 | 07:54:19,https://kaspi.kz/shop/p/apple-iphone-16-pro-max-512gb-nanosim-esim-belyi-podarok-143568101/?c=750000000
143710779,Apple iPhone 16 Pro Max 512Gb NanoSIM+eSIM золотистый + подарок,Apple,1035985,Мобитайм,02.10.2026 | 07:54:19,https://kaspi.kz/shop/p/apple-iphone-16-pro-max-512gb-nanosim-esim-zolotistyi-podarok-143710779/?c=750000000
167733769,Apple iPhone 16 128Gb розовый + подарок,Apple,750001,MEGAPHONE,02.10.2026 | 07:54:19,https://kaspi.kz/shop/p/apple-iphone-16-128gb-rozovyi-podarok-167733769/?c=750000000
147262300,Смартфон Apple iPhone 16 256Gb NanoSIM+eSIM зеленый + подарок,Apple,625000,SmartDuken,02.10.2026 | 07:54:19,https://kaspi.kz/shop/p/apple-iphone-16-256gb-nanosim-esim-zelenyi-podarok-147262300/?c=750000000
121192087,Apple iPhone 15 Plus 128Gb Dual Sim розовый,Apple,729000,UMMAH STORE,02.10.2026 | 07:54:19,https://kaspi.kz/shop/p/apple-iphone-15-plus-128gb-dual-sim-rozovyi-121192087/?c=750000000
143711417,Смартфон Apple iPhone 16 Pro 128Gb NanoSIM+eSIM серебристый + подарок,Apple,699000,UMMAH STORE 2,02.10.2026 | 07:54:19,https://kaspi.kz/shop/p/apple-iphone-16-pro-128gb-nanosim-esim-serebristyi-podarok-143711417/?c=750000000
171584329,Смартфон Apple iPhone 15 6 ГБ/128 ГБ розовый + подарок,Apple,659999,AG shop,02.10.2026 | 07:54:19,https://kaspi.kz/shop/p/apple-iphone-15-6-gb-128-gb-rozovyi-podarok-171584329/?c=750000000
167733189,Apple iPhone 16 128 APPLE2_GIFT_A20W_PODS_SE3S Pink,Apple,764990,NOVAMART,02.10.2026 | 07:54:19,https://kaspi.kz/shop/p/apple-iphone-16-128gb-rozovyi-podarok-167733189/?c=750000000
173025307,,Apple,620000,ZAKSTOR,02.10.2026 | 07:54:19,https://kaspi.kz/shop/p/apple-iphone-16e-512gb-dual-esim-chernyi-173025307/?c=750000000
167728368,Смартфон Apple iPhone 15 256Gb синий + подарок,Apple,760899,SmartDuken,02.10.2026 | 07:54:19,https://kaspi.kz/shop/p/apple-iphone-15-256gb-sinii-podarok-167728368/?c=750000000
143711560,Apple iPhone 16 256Gb NanoSIM+eSIM зеленый + подарок,Apple,609996,Мобитайм,02.10.2026 | 07:55:13,https://kaspi.kz/shop/p/apple-iphone-16-256gb-nanosim-esim-zelenyi-podarok-143711560/?c=750000000
173025496,Смартфон Apple iPhone 16e 512Gb Dual eSim белый,Apple,614876,MOBILS,02.10.2026 | 07:55:13,https://kaspi.kz/shop/p/apple-iphone-16e-512gb-dual-esim-belyi-173025496/?c=750000000
157460148,Смартфон Apple iPhone 15 256Gb NanoSIM+eSIM голубой + подарок,Apple,540000,UMMAH STORE,02.10.2026 | 07:55:13,https://kaspi.kz/shop/p/apple-iphone-15-256gb-nanosim-esim-goluboi-podarok-157460148/?c=750000000
143568344,Apple iPhone 16 Pro Max 1024Gb NanoSIM+eSIM золотистый + подарок,Apple,1199500,"ТОО ""BI TRADE""",02.10.2026 | 07:55:13,https://kaspi.kz/shop/p/apple-iphone-16-pro-max-1024gb-nanosim-esim-zolotistyi-podarok-143568344/?c=750000000
142747731,Apple iPhone 16 Pro Max 512Gb Dual Sim серебристый,Apple,1000000,Mobile_Shop,02.10.2026 | 07:55:13,https://kaspi.kz/shop/p/apple-iphone-16-pro-max-512gb-dual-sim-serebristyi-142747731/?c=750000000
157460634,Смартфон Apple iPhone 15 128Gb NanoSIM+eSIM розовый + подарок,Apple,495000,Rose mobile,02.10.2026 | 07:55:13,https://kaspi.kz/shop/p/apple-iphone-15-128gb-nanosim-esim-rozovyi-podarok-157460634/?c=750000000
171584357,Смартфон Apple iPhone 15 6 ГБ/128 ГБ зеленый + подарок,Apple,519999,AG shop,02.10.2026 | 07:55:13,https://kaspi.kz/shop/p/apple-iphone-15-6-gb-128-gb-zelenyi-podarok-171584357/?c=750000000
147262432,Смартфон Apple iPhone 16 Pro 128Gb NanoSIM+eSIM серебристый + подарок,Apple,669900,UMMAH STORE 2,02.10.2026 | 07:55:13,https://kaspi.kz/shop/p/apple-iphone-16-pro-128gb-nanosim-esim-serebristyi-podarok-147262432/?c=750000000
149071196,Смартфон Apple iPhone 16 128Gb NanoSIM+eSIM фиолетовый + подарок,Apple,550000,UMMAH STORE,02.10.2026 | 07:55:13,https://kaspi.kz/shop/p/apple-iphone-16-128gb-nanosim-esim-fioletovyi-podarok-149071196/?c=750000000
157458723,Смартфон Apple iPhone 15 256Gb NanoSIM+eSIM розовый + подарок,Apple,650982,AG shop,02.10.2026 | 07:55:13,https://kaspi.kz/shop/p/apple-iphone-15-256gb-nanosim-esim-rozovyi-podarok-157458723/?c=750000000
157459977,Смартфон Apple iPhone 15 256Gb NanoSIM+eSIM розовый + подарок,Apple,649999,AG shop,02.10.2026 | 07:55:13,https://kaspi.kz/shop/p/apple-iphone-15-256gb-nanosim-esim-rozovyi-podarok-157459977/?c=750000000
143873332,Смартфон Apple iPhone 15 128Gb NanoSIM+eSIM синий + подарок,Apple,490000,UMMAH STORE,02.10.2026 | 07:55:13,https://kaspi.kz/shop/p/apple-iphone-15-128gb-nanosim-esim-sinii-podarok-143873332/?c=750000000
134233520,Смартфон Apple iPhone 16 Pro 128Gb NanoSIM+eSIM серебристый + подарок,Apple,695000,UMMAH STORE 2,02.10.2026 | 07:57:15,https://kaspi.kz/shop/p/apple-iphone-16-pro-128gb-nanosim-esim-serebristyi-podarok-134233520/?c=750000000
119229562,Смартфон Apple iPhone 15 Plus 256Gb Dual Sim розовый,Apple,729000,UMMAH STORE,02.10.2026 | 07:57:15,https://kaspi.kz/shop/p/apple-iphone-15-plus-256gb-dual-sim-rozovyi-119229562/?c=750000000
143711045,Apple iPhone 16 Pro Max 512Gb NanoSIM+eSIM серебристый + подарок,Apple,1009060,Мобитайм,02.10.2026 | 07:57:15,https://kaspi.kz/shop/p/apple-iphone-16-pro-max-512gb-nanosim-esim-serebristyi-podarok-143711045/?c=750000000
143710967,Смартфон Apple iPhone 16 Pro Max 1Tb NanoSIM+eSIM серебристый + подарок,Apple,949999,AG shop,02.10.2026 | 07:57:16,https://kaspi.kz/shop/p/apple-iphone-16-pro-max-1tb-nanosim-esim-serebristyi-podarok-143710967/?c=750000000
143711029,Смартфон Apple iPhone 16 Pro Max 1Tb NanoSIM+eSIM белый + подарок,Apple,889999,AG shop,02.10.2026 | 07:57:16,https://kaspi.kz/shop/p/apple-iphone-16-pro-max-1tb-nanosim-esim-belyi-podarok-143711029/?c=750000000
143568304,Apple iPhone 16 Pro Max 1024Gb NanoSIM+eSIM серебристый + подарок,Apple,1100082,Мобитайм,02.10.2026 | 07:57:16,https://kaspi.kz/shop/p/apple-iphone-16-pro-max-1024gb-nanosim-esim-serebristyi-podarok-143568304/?c=750000000
134226673,Смартфон Apple iPhone 16 Pro 128Gb Dual Sim золотистый + подарок,Apple,720000,UMMAH STORE,02.10.2026 | 07:57:16,https://kaspi.kz/shop/p/apple-iphone-16-pro-128gb-dual-sim-zolotistyi-podarok-134226673/?c=750000000
143579032,Смартфон Apple iPhone 15 128Gb NanoSIM+eSIM зеленый + подарок,Apple,520171,MOBILS,02.10.2026 | 07:57:16,https://kaspi.kz/shop/p/apple-iphone-15-128gb-nanosim-esim-zelenyi-podarok-143579032/?c=750000000
